Year Built,Area Type,City,Furnishing Status,Total_Rent,Total_Bathroom,Total_Property
2004,Plot Area,Coimbatore,Semi-Furnished,15434105,1462,730
2008,Built Area,Amritsar,Unfurnished,15163786,1419,709
1991,Plot Area,Jodhpur,Unfurnished,14990458,1420,717
2012,Super Area,Kanpur,Semi-Furnished,14898316,1460,721
2017,Carpet Area,Mumbai,Furnished,14885911,1380,713
2005,Built Area,Patna,Semi-Furnished,14864156,1373,711
2021,Super Area,Nashik,Unfurnished,14851707,1444,705
2013,Built Area,Mumbai,Semi-Furnished,14849746,1436,708
2018,Plot Area,Vijayawada,Furnished,14842563,1443,727
2017,Plot Area,Ghaziabad,Semi-Furnished,14842146,1488,729
2019,Built Area,Navi Mumbai,Semi-Furnished,14802136,1442,708
2012,Built Area,Amritsar,Semi-Furnished,14753600,1395,715
1994,Built Area,Ranchi,Unfurnished,14750380,1420,713
1996,Plot Area,Jodhpur,Unfurnished,14745385,1443,730
2017,Built Area,Faridabad,Semi-Furnished,14735847,1390,723
2014,Super Area,Kolkata,Furnished,14724034,1425,711
1998,Carpet Area,Nagpur,Unfurnished,14715190,1372,692
2011,Built Area,Lucknow,Furnished,14707415,1430,733
1997,Carpet Area,Kolkata,Furnished,14702488,1463,724
2019,Carpet Area,Rajkot,Furnished,14701245,1518,763
2006,Carpet Area,Thane,Unfurnished,14682947,1338,694
2005,Carpet Area,Jaipur,Furnished,14682854,1362,709
1995,Built Area,Coimbatore,Unfurnished,14678003,1373,687
2021,Built Area,Mysore,Unfurnished,14675228,1382,705
2013,Plot Area,Visakhapatnam,Furnished,14667580,1515,744
2004,Plot Area,Vijayawada,Furnished,14664992,1386,691
2007,Super Area,Bangalore,Furnished,14657436,1395,714
2009,Built Area,Kalyan-Dombivli,Unfurnished,14646123,1354,672
2019,Super Area,Kanpur,Unfurnished,14639131,1459,710
2006,Built Area,Kanpur,Unfurnished,14637649,1394,702
2003,Plot Area,Noida,Semi-Furnished,14635671,1402,708
2015,Built Area,Mumbai,Furnished,14617465,1419,725
1995,Built Area,Indore,Unfurnished,14607328,1383,701
1996,Plot Area,Noida,Furnished,14604181,1409,700
1999,Plot Area,Noida,Semi-Furnished,14596675,1371,698
1998,Built Area,Meerut,Semi-Furnished,14594135,1381,688
2016,Carpet Area,Noida,Semi-Furnished,14589224,1375,689
1990,Super Area,Meerut,Unfurnished,14582520,1363,693
2019,Super Area,Faridabad,Furnished,14579088,1445,728
2006,Built Area,Jodhpur,Unfurnished,14568764,1428,722
2015,Carpet Area,Jaipur,Unfurnished,14567286,1386,686
2019,Super Area,Hyderabad,Furnished,14564878,1339,680
2011,Super Area,Varanasi,Unfurnished,14548711,1367,711
2003,Built Area,Pune,Semi-Furnished,14544247,1369,690
2007,Built Area,Bangalore,Semi-Furnished,14542474,1442,713
2009,Built Area,Vadodara,Furnished,14541172,1484,741
2002,Super Area,Bangalore,Semi-Furnished,14535847,1400,709
2002,Super Area,Bhopal,Furnished,14535677,1450,733
2004,Built Area,Pune,Semi-Furnished,14534513,1365,696
2013,Super Area,Navi Mumbai,Furnished,14523537,1404,682
2017,Carpet Area,Ghaziabad,Furnished,14522812,1380,686
1991,Built Area,Kanpur,Furnished,14515526,1386,699
1999,Built Area,Kanpur,Unfurnished,14514119,1363,685
2006,Built Area,Vijayawada,Unfurnished,14509208,1391,701
2013,Super Area,Noida,Furnished,14508431,1434,713
2018,Built Area,Bangalore,Unfurnished,14503881,1393,700
2002,Carpet Area,Agra,Furnished,14503254,1374,694
2006,Super Area,Kalyan-Dombivli,Unfurnished,14501291,1463,728
2004,Built Area,Hyderabad,Unfurnished,14500485,1418,695
2014,Built Area,Kanpur,Unfurnished,14494102,1322,667
2013,Carpet Area,Mysore,Semi-Furnished,14485691,1436,713
2010,Super Area,Kalyan-Dombivli,Semi-Furnished,14485217,1425,706
2005,Super Area,Thane,Semi-Furnished,14477596,1458,722
2008,Plot Area,Chennai,Furnished,14476983,1408,702
2003,Super Area,Varanasi,Semi-Furnished,14474181,1481,720
1998,Super Area,Varanasi,Semi-Furnished,14471793,1395,692
2015,Plot Area,Bangalore,Semi-Furnished,14471080,1368,687
2009,Carpet Area,Aurangabad,Furnished,14458952,1364,699
2016,Carpet Area,Noida,Unfurnished,14452757,1474,716
2017,Super Area,Delhi,Furnished,14452735,1452,704
2008,Plot Area,Vadodara,Semi-Furnished,14452597,1331,681
2001,Super Area,Jodhpur,Unfurnished,14451415,1381,696
2008,Built Area,Mysore,Unfurnished,14443578,1401,705
2015,Super Area,Lucknow,Semi-Furnished,14440606,1412,701
2003,Carpet Area,Bhopal,Semi-Furnished,14438254,1333,682
1990,Built Area,Kolkata,Furnished,14437005,1350,668
1997,Plot Area,Thane,Semi-Furnished,14433688,1401,710
2000,Built Area,Patna,Unfurnished,14433195,1350,682
2021,Super Area,Pune,Furnished,14433125,1385,691
2021,Built Area,Pune,Unfurnished,14426823,1384,692
2000,Built Area,Agra,Semi-Furnished,14426048,1342,676
2003,Super Area,Kalyan-Dombivli,Furnished,14425761,1406,698
2013,Super Area,Jodhpur,Semi-Furnished,14424777,1445,720
1994,Super Area,Nashik,Semi-Furnished,14423850,1431,722
2003,Built Area,Jaipur,Furnished,14419040,1367,696
2006,Plot Area,Surat,Unfurnished,14408043,1422,714
2009,Plot Area,Noida,Semi-Furnished,14404685,1330,686
1997,Carpet Area,Bangalore,Furnished,14403102,1453,716
2016,Plot Area,Bangalore,Furnished,14402282,1347,679
2003,Plot Area,Varanasi,Unfurnished,14399754,1384,689
2008,Carpet Area,Mysore,Semi-Furnished,14395655,1383,677
2009,Plot Area,Rajkot,Furnished,14395219,1407,699
2019,Plot Area,Thane,Unfurnished,14392418,1345,698
2017,Carpet Area,Indore,Furnished,14390276,1357,665
2013,Built Area,Ludhiana,Semi-Furnished,14387548,1416,710
2017,Super Area,Faridabad,Furnished,14387144,1378,701
2015,Plot Area,Jodhpur,Unfurnished,14386984,1377,685
1999,Plot Area,Visakhapatnam,Furnished,14384410,1343,667
2011,Plot Area,Vadodara,Furnished,14378278,1437,718
2008,Carpet Area,Bangalore,Semi-Furnished,14375851,1417,715
2009,Built Area,Chennai,Unfurnished,14372773,1372,694
1994,Built Area,Pune,Furnished,14369740,1382,685
1996,Super Area,Bangalore,Semi-Furnished,14369098,1401,714
2013,Plot Area,Agra,Semi-Furnished,14367818,1416,720
2000,Super Area,Chandigarh,Furnished,14362852,1439,712
2004,Super Area,Ghaziabad,Semi-Furnished,14361430,1365,688
2011,Super Area,Kalyan-Dombivli,Semi-Furnished,14355768,1333,678
2008,Carpet Area,Kolkata,Unfurnished,14355544,1368,681
2015,Plot Area,Amritsar,Semi-Furnished,14350382,1417,706
1993,Carpet Area,Chennai,Furnished,14349528,1422,707
2005,Carpet Area,Amritsar,Unfurnished,14346233,1413,714
2006,Super Area,Ludhiana,Furnished,14341870,1395,686
2006,Built Area,Navi Mumbai,Unfurnished,14341154,1442,718
2001,Built Area,Agra,Semi-Furnished,14340436,1456,725
2007,Carpet Area,Vadodara,Furnished,14339249,1437,717
2018,Plot Area,Amritsar,Furnished,14337614,1433,716
2005,Built Area,Pune,Unfurnished,14334875,1426,696
1995,Plot Area,Jodhpur,Semi-Furnished,14333052,1421,709
2014,Carpet Area,Kanpur,Furnished,14332010,1343,683
1991,Super Area,Bhopal,Unfurnished,14320804,1402,710
1999,Built Area,Agra,Semi-Furnished,14318711,1423,697
2017,Super Area,Mumbai,Semi-Furnished,14318125,1369,682
2006,Plot Area,Chandigarh,Furnished,14311891,1456,715
2001,Super Area,Jaipur,Semi-Furnished,14311549,1374,686
1997,Carpet Area,Ghaziabad,Unfurnished,14307113,1374,694
2020,Super Area,Bhopal,Furnished,14302883,1490,747
2008,Plot Area,Chandigarh,Furnished,14302163,1418,685
2002,Super Area,Varanasi,Furnished,14299284,1406,721
2005,Plot Area,Pune,Furnished,14298585,1397,699
2012,Built Area,Lucknow,Semi-Furnished,14298070,1413,705
1997,Built Area,Ludhiana,Unfurnished,14292862,1407,702
1995,Super Area,Nagpur,Semi-Furnished,14291051,1387,690
1990,Built Area,Ranchi,Furnished,14287482,1370,694
2018,Super Area,Amritsar,Furnished,14286220,1425,695
2001,Super Area,Agra,Furnished,14286207,1379,710
1992,Plot Area,Bangalore,Unfurnished,14284361,1424,715
2008,Built Area,Bangalore,Semi-Furnished,14282908,1357,690
1993,Built Area,Bhopal,Semi-Furnished,14282461,1402,700
2003,Plot Area,Patna,Furnished,14280484,1392,709
2018,Built Area,Indore,Furnished,14279482,1353,672
2012,Plot Area,Ranchi,Furnished,14278632,1410,702
1998,Built Area,Nashik,Unfurnished,14277532,1394,687
2018,Carpet Area,Kolkata,Unfurnished,14277325,1421,712
1991,Super Area,Hyderabad,Semi-Furnished,14273360,1434,723
2012,Carpet Area,Bhopal,Semi-Furnished,14273260,1373,675
2017,Carpet Area,Kalyan-Dombivli,Furnished,14272988,1429,697
2005,Plot Area,Navi Mumbai,Furnished,14271540,1428,722
2018,Plot Area,Bangalore,Furnished,14270953,1427,696
2014,Built Area,Mumbai,Semi-Furnished,14270083,1354,686
2020,Built Area,Hyderabad,Unfurnished,14269314,1430,722
2018,Plot Area,Vadodara,Furnished,14268821,1425,710
2005,Carpet Area,Bangalore,Furnished,14267664,1409,704
2001,Super Area,Hyderabad,Unfurnished,14267444,1446,717
2005,Carpet Area,Kanpur,Semi-Furnished,14263970,1318,674
1993,Super Area,Mysore,Furnished,14263233,1379,688
2008,Super Area,Coimbatore,Furnished,14261445,1416,696
2007,Super Area,Agra,Furnished,14260548,1394,690
1995,Plot Area,Meerut,Semi-Furnished,14259569,1348,689
1995,Carpet Area,Aurangabad,Unfurnished,14257867,1355,690
1992,Built Area,Mysore,Unfurnished,14255461,1356,694
1994,Super Area,Thane,Semi-Furnished,14255086,1366,691
2019,Carpet Area,Patna,Furnished,14251784,1453,719
2016,Super Area,Ghaziabad,Semi-Furnished,14248621,1420,700
1996,Carpet Area,Bhopal,Semi-Furnished,14247797,1509,750
2000,Carpet Area,Chennai,Semi-Furnished,14246742,1373,671
2010,Carpet Area,Hyderabad,Semi-Furnished,14245388,1333,668
2017,Plot Area,Delhi,Unfurnished,14242674,1407,704
2011,Plot Area,Gwalior,Unfurnished,14239957,1431,712
1995,Plot Area,Hyderabad,Semi-Furnished,14236181,1311,679
2008,Carpet Area,Bhopal,Unfurnished,14235397,1347,670
2005,Carpet Area,Agra,Furnished,14234738,1350,698
1997,Carpet Area,Aurangabad,Furnished,14231467,1400,704
2017,Built Area,Navi Mumbai,Unfurnished,14229934,1324,678
1997,Plot Area,Nagpur,Furnished,14228483,1340,672
2021,Super Area,Ludhiana,Semi-Furnished,14226967,1390,707
2018,Carpet Area,Navi Mumbai,Unfurnished,14226491,1450,712
1998,Built Area,Surat,Unfurnished,14226154,1403,702
1998,Carpet Area,Ahmedabad,Furnished,14226153,1426,712
1995,Carpet Area,Varanasi,Furnished,14225486,1419,701
1993,Built Area,Mangalore,Furnished,14223462,1482,720
2012,Plot Area,Gwalior,Furnished,14223412,1441,719
2008,Plot Area,Vadodara,Unfurnished,14222372,1347,670
1995,Built Area,Jaipur,Unfurnished,14219215,1364,696
2021,Built Area,Noida,Unfurnished,14216162,1412,701
2019,Built Area,Kolkata,Unfurnished,14215993,1436,724
2003,Carpet Area,Aurangabad,Unfurnished,14212140,1430,722
1990,Carpet Area,Mysore,Furnished,14210296,1377,689
1991,Carpet Area,Mysore,Furnished,14209774,1308,659
2006,Plot Area,Mysore,Furnished,14208011,1413,702
1999,Built Area,Hyderabad,Furnished,14205993,1425,709
2018,Built Area,Kolkata,Unfurnished,14205722,1395,693
2012,Super Area,Pune,Unfurnished,14201357,1383,698
2015,Carpet Area,Gwalior,Semi-Furnished,14200118,1398,702
2020,Plot Area,Amritsar,Furnished,14198111,1431,714
2012,Super Area,Indore,Semi-Furnished,14195106,1408,693
1998,Plot Area,Mumbai,Semi-Furnished,14192928,1445,704
2008,Plot Area,Varanasi,Semi-Furnished,14192612,1413,704
2002,Built Area,Coimbatore,Unfurnished,14189366,1437,726
2012,Carpet Area,Delhi,Furnished,14189344,1360,690
2001,Plot Area,Kanpur,Furnished,14189270,1357,684
1997,Plot Area,Indore,Unfurnished,14189213,1383,682
2004,Built Area,Kalyan-Dombivli,Unfurnished,14185407,1375,687
1990,Plot Area,Jaipur,Unfurnished,14184623,1405,702
1991,Super Area,Kolkata,Semi-Furnished,14184554,1303,659
2010,Plot Area,Chennai,Unfurnished,14184146,1377,684
2002,Plot Area,Varanasi,Furnished,14183845,1425,725
1994,Carpet Area,Nashik,Furnished,14182980,1338,696
2017,Built Area,Surat,Unfurnished,14182561,1428,706
2003,Plot Area,Chennai,Furnished,14182074,1402,698
2001,Plot Area,Ahmedabad,Semi-Furnished,14179041,1430,709
2021,Carpet Area,Patna,Semi-Furnished,14177709,1370,685
2010,Plot Area,Patna,Semi-Furnished,14176991,1363,689
2007,Carpet Area,Delhi,Furnished,14176443,1382,710
2007,Super Area,Varanasi,Furnished,14175673,1430,711
2016,Carpet Area,Bangalore,Furnished,14171718,1352,681
2018,Super Area,Noida,Unfurnished,14171334,1444,719
2008,Built Area,Faridabad,Semi-Furnished,14171095,1376,697
2008,Carpet Area,Chennai,Unfurnished,14169758,1350,687
2008,Carpet Area,Noida,Unfurnished,14168860,1387,690
2012,Plot Area,Kolkata,Unfurnished,14168240,1312,667
2005,Plot Area,Rajkot,Unfurnished,14167706,1417,712
2005,Plot Area,Ranchi,Unfurnished,14167682,1381,687
2008,Carpet Area,Mumbai,Unfurnished,14165791,1412,689
2013,Plot Area,Kalyan-Dombivli,Unfurnished,14161082,1363,686
2017,Super Area,Thane,Unfurnished,14160668,1433,703
1999,Plot Area,Indore,Semi-Furnished,14160318,1374,674
2012,Plot Area,Navi Mumbai,Unfurnished,14160214,1399,711
2009,Super Area,Agra,Unfurnished,14157436,1477,729
1992,Built Area,Vadodara,Semi-Furnished,14157251,1462,725
1990,Super Area,Chennai,Furnished,14155886,1396,700
2017,Built Area,Lucknow,Furnished,14155178,1410,704
2020,Super Area,Thane,Unfurnished,14150556,1382,701
2008,Built Area,Hyderabad,Semi-Furnished,14149456,1447,720
2010,Super Area,Amritsar,Unfurnished,14149368,1310,689
2005,Plot Area,Ludhiana,Furnished,14148442,1323,681
1995,Carpet Area,Amritsar,Semi-Furnished,14147107,1491,735
2012,Super Area,Noida,Furnished,14145902,1402,694
1991,Plot Area,Kalyan-Dombivli,Semi-Furnished,14143522,1394,688
2017,Plot Area,Ahmedabad,Unfurnished,14143293,1387,697
2006,Built Area,Mumbai,Unfurnished,14140555,1368,688
2018,Plot Area,Agra,Semi-Furnished,14137876,1369,678
2010,Super Area,Rajkot,Semi-Furnished,14137080,1383,688
1991,Super Area,Hyderabad,Unfurnished,14136675,1248,637
2005,Carpet Area,Delhi,Semi-Furnished,14134608,1412,697
2018,Plot Area,Kanpur,Unfurnished,14134537,1289,658
2021,Super Area,Indore,Furnished,14132639,1426,710
1993,Super Area,Hyderabad,Semi-Furnished,14129185,1409,696
2002,Super Area,Visakhapatnam,Unfurnished,14126945,1407,694
2007,Carpet Area,Kolkata,Unfurnished,14126806,1422,720
1997,Super Area,Aurangabad,Semi-Furnished,14125234,1409,719
2011,Built Area,Varanasi,Unfurnished,14125083,1439,707
2017,Carpet Area,Lucknow,Furnished,14123890,1388,696
1999,Built Area,Meerut,Unfurnished,14122883,1350,688
2021,Built Area,Navi Mumbai,Semi-Furnished,14121987,1448,701
2003,Plot Area,Lucknow,Unfurnished,14118922,1365,678
2004,Carpet Area,Varanasi,Unfurnished,14117345,1382,692
2001,Built Area,Navi Mumbai,Furnished,14115554,1442,723
1990,Carpet Area,Surat,Furnished,14114393,1473,717
2007,Super Area,Amritsar,Unfurnished,14111354,1371,673
1993,Built Area,Meerut,Semi-Furnished,14110223,1391,693
2007,Plot Area,Nagpur,Unfurnished,14109826,1379,683
1999,Built Area,Agra,Furnished,14109352,1360,705
2011,Super Area,Mangalore,Furnished,14108297,1371,679
1995,Built Area,Rajkot,Unfurnished,14107745,1356,672
2013,Carpet Area,Noida,Unfurnished,14107219,1444,703
2003,Carpet Area,Mumbai,Furnished,14105334,1387,682
1991,Super Area,Bhopal,Semi-Furnished,14102074,1347,674
1996,Plot Area,Jodhpur,Furnished,14101385,1351,673
2004,Carpet Area,Delhi,Unfurnished,14101087,1406,690
1991,Built Area,Thane,Unfurnished,14100572,1377,688
2014,Plot Area,Bangalore,Semi-Furnished,14099465,1323,674
2016,Carpet Area,Lucknow,Furnished,14098292,1421,706
1992,Carpet Area,Kanpur,Unfurnished,14094495,1324,664
2003,Carpet Area,Amritsar,Furnished,14093546,1404,686
2003,Plot Area,Bangalore,Unfurnished,14093059,1411,715
2002,Super Area,Indore,Semi-Furnished,14090559,1419,708
2012,Built Area,Varanasi,Unfurnished,14090074,1449,709
1997,Super Area,Patna,Unfurnished,14088074,1453,724
1991,Super Area,Jodhpur,Furnished,14082894,1428,704
2010,Super Area,Ghaziabad,Unfurnished,14082306,1446,709
2020,Super Area,Vijayawada,Furnished,14080743,1406,703
2001,Plot Area,Amritsar,Furnished,14079893,1357,681
1998,Plot Area,Jodhpur,Semi-Furnished,14079140,1338,673
2017,Built Area,Delhi,Unfurnished,14079106,1369,680
1996,Super Area,Chennai,Semi-Furnished,14078829,1395,684
2002,Plot Area,Ahmedabad,Furnished,14075920,1363,670
1999,Plot Area,Mumbai,Semi-Furnished,14075624,1323,668
2010,Super Area,Gwalior,Unfurnished,14073915,1356,683
1994,Super Area,Chennai,Unfurnished,14073340,1389,702
2004,Plot Area,Bhopal,Semi-Furnished,14072583,1426,718
2020,Plot Area,Jodhpur,Unfurnished,14072535,1365,681
2006,Plot Area,Mysore,Semi-Furnished,14072056,1412,693
2018,Carpet Area,Faridabad,Furnished,14070919,1380,681
2004,Built Area,Kanpur,Furnished,14070712,1337,682
2004,Built Area,Indore,Unfurnished,14069687,1400,691
1996,Carpet Area,Surat,Unfurnished,14069575,1381,697
2021,Carpet Area,Vadodara,Unfurnished,14068918,1365,672
2001,Plot Area,Kalyan-Dombivli,Semi-Furnished,14068664,1336,690
1998,Built Area,Kanpur,Unfurnished,14067296,1324,665
1999,Built Area,Kalyan-Dombivli,Semi-Furnished,14066954,1467,720
1998,Plot Area,Amritsar,Semi-Furnished,14066202,1364,679
2007,Super Area,Kanpur,Semi-Furnished,14063823,1360,672
1997,Carpet Area,Lucknow,Furnished,14063784,1443,718
2008,Carpet Area,Lucknow,Furnished,14063461,1374,685
1995,Super Area,Mangalore,Unfurnished,14061189,1375,681
2010,Built Area,Indore,Semi-Furnished,14059585,1421,712
2001,Built Area,Bangalore,Semi-Furnished,14058691,1417,709
1999,Plot Area,Varanasi,Semi-Furnished,14056057,1378,677
1995,Plot Area,Gwalior,Semi-Furnished,14053748,1405,672
2021,Built Area,Ahmedabad,Unfurnished,14052207,1390,704
2017,Built Area,Mysore,Semi-Furnished,14051496,1433,702
2005,Super Area,Lucknow,Furnished,14051354,1421,699
2005,Carpet Area,Rajkot,Unfurnished,14049984,1344,675
2020,Carpet Area,Indore,Semi-Furnished,14048754,1352,677
2006,Plot Area,Lucknow,Unfurnished,14047043,1345,675
2001,Carpet Area,Visakhapatnam,Unfurnished,14047018,1301,650
2000,Plot Area,Kanpur,Unfurnished,14046373,1432,718
2013,Carpet Area,Pune,Unfurnished,14046177,1329,679
1999,Plot Area,Rajkot,Semi-Furnished,14045730,1394,691
2008,Plot Area,Varanasi,Unfurnished,14042488,1381,696
2003,Super Area,Amritsar,Unfurnished,14042282,1409,696
2000,Carpet Area,Ranchi,Furnished,14041540,1350,667
2008,Plot Area,Visakhapatnam,Unfurnished,14039901,1385,687
2015,Carpet Area,Kolkata,Unfurnished,14039436,1357,678
2000,Plot Area,Surat,Unfurnished,14038824,1389,694
2011,Carpet Area,Jodhpur,Unfurnished,14036884,1401,693
1992,Carpet Area,Ranchi,Furnished,14036768,1353,696
1995,Plot Area,Rajkot,Furnished,14036290,1388,689
1992,Super Area,Meerut,Semi-Furnished,14036016,1399,697
2021,Plot Area,Delhi,Semi-Furnished,14035731,1401,697
1993,Built Area,Agra,Unfurnished,14035125,1406,724
2005,Carpet Area,Ranchi,Furnished,14033845,1394,692
2002,Plot Area,Nashik,Semi-Furnished,14032768,1285,658
2004,Carpet Area,Vijayawada,Semi-Furnished,14030392,1358,686
2000,Built Area,Mysore,Furnished,14029796,1367,678
2007,Super Area,Delhi,Furnished,14029518,1415,709
2007,Built Area,Faridabad,Furnished,14028806,1352,683
2014,Built Area,Ludhiana,Furnished,14028510,1303,656
2010,Plot Area,Aurangabad,Furnished,14028084,1404,707
2000,Super Area,Mangalore,Semi-Furnished,14028023,1416,703
2021,Built Area,Rajkot,Semi-Furnished,14027115,1421,722
1991,Plot Area,Navi Mumbai,Unfurnished,14025031,1394,694
1993,Plot Area,Mumbai,Unfurnished,14024540,1328,686
2005,Super Area,Delhi,Furnished,14023582,1405,706
2017,Built Area,Mangalore,Furnished,14023296,1393,690
2011,Built Area,Bangalore,Unfurnished,14022970,1354,678
2004,Super Area,Vijayawada,Furnished,14022009,1341,672
1993,Built Area,Nashik,Furnished,14018300,1417,700
2003,Built Area,Jodhpur,Furnished,14017967,1327,674
1994,Super Area,Vijayawada,Furnished,14017248,1399,699
2017,Plot Area,Nashik,Furnished,14016887,1388,700
2019,Plot Area,Bhopal,Furnished,14016661,1371,689
1997,Plot Area,Delhi,Furnished,14016584,1397,696
1990,Plot Area,Ranchi,Furnished,14015793,1434,716
2009,Plot Area,Jaipur,Semi-Furnished,14015329,1401,706
1990,Built Area,Chandigarh,Semi-Furnished,14015059,1366,682
2010,Carpet Area,Nashik,Semi-Furnished,14012821,1421,703
1996,Carpet Area,Visakhapatnam,Unfurnished,14010841,1419,704
2020,Built Area,Agra,Furnished,14009641,1497,721
2003,Super Area,Vadodara,Unfurnished,14009361,1390,707
2015,Plot Area,Chandigarh,Furnished,14008571,1345,666
2015,Super Area,Gwalior,Semi-Furnished,14007118,1370,683
1993,Built Area,Navi Mumbai,Furnished,14006537,1349,695
2003,Built Area,Kalyan-Dombivli,Furnished,14005576,1375,680
1992,Built Area,Hyderabad,Semi-Furnished,14005351,1431,707
1998,Plot Area,Gwalior,Unfurnished,14005292,1335,679
2006,Super Area,Kalyan-Dombivli,Furnished,14005248,1401,692
1992,Built Area,Coimbatore,Unfurnished,14004644,1381,696
2021,Carpet Area,Mumbai,Unfurnished,14004263,1469,717
2006,Plot Area,Ludhiana,Semi-Furnished,14004161,1374,680
1995,Plot Area,Ghaziabad,Unfurnished,14004034,1352,688
2003,Super Area,Mangalore,Unfurnished,14004005,1344,673
2014,Super Area,Mysore,Furnished,14003576,1373,704
1996,Carpet Area,Gwalior,Unfurnished,14003359,1379,685
2000,Super Area,Noida,Furnished,14002960,1395,697
2005,Carpet Area,Coimbatore,Semi-Furnished,14002287,1344,664
2018,Super Area,Rajkot,Unfurnished,14001854,1433,709
1996,Plot Area,Visakhapatnam,Unfurnished,14001824,1362,684
2010,Super Area,Ahmedabad,Unfurnished,14001114,1390,709
2009,Built Area,Faridabad,Semi-Furnished,14000549,1341,687
1993,Super Area,Kalyan-Dombivli,Unfurnished,14000426,1386,678
1997,Super Area,Bhopal,Furnished,14000320,1379,678
2013,Plot Area,Vijayawada,Unfurnished,13999416,1371,703
2002,Built Area,Surat,Furnished,13998573,1335,674
2008,Plot Area,Chandigarh,Semi-Furnished,13997140,1319,657
2014,Super Area,Indore,Furnished,13993933,1361,699
2015,Super Area,Kanpur,Furnished,13993722,1370,702
2001,Plot Area,Kalyan-Dombivli,Furnished,13993480,1339,679
1998,Super Area,Rajkot,Unfurnished,13993271,1379,695
2020,Plot Area,Thane,Furnished,13993120,1306,661
2009,Plot Area,Aurangabad,Semi-Furnished,13993104,1439,718
2018,Super Area,Agra,Semi-Furnished,13992770,1423,718
2007,Carpet Area,Lucknow,Unfurnished,13992604,1413,696
2013,Super Area,Vadodara,Furnished,13991771,1395,682
2002,Plot Area,Gwalior,Unfurnished,13988647,1439,690
2011,Carpet Area,Noida,Unfurnished,13988276,1427,728
2002,Built Area,Noida,Semi-Furnished,13987937,1448,698
1990,Built Area,Amritsar,Furnished,13987707,1320,682
2011,Carpet Area,Lucknow,Furnished,13987644,1374,690
2021,Carpet Area,Ghaziabad,Unfurnished,13986830,1401,703
2005,Carpet Area,Lucknow,Furnished,13985003,1361,694
2007,Carpet Area,Thane,Semi-Furnished,13983196,1335,673
2004,Plot Area,Ranchi,Semi-Furnished,13981764,1366,693
2019,Carpet Area,Delhi,Unfurnished,13981581,1323,673
2020,Built Area,Ghaziabad,Unfurnished,13980644,1392,689
2005,Plot Area,Ludhiana,Semi-Furnished,13978400,1406,693
2016,Plot Area,Indore,Unfurnished,13977976,1309,653
1993,Plot Area,Agra,Unfurnished,13977870,1383,686
2007,Built Area,Mangalore,Furnished,13976678,1307,669
2001,Plot Area,Hyderabad,Furnished,13975626,1444,711
1998,Super Area,Coimbatore,Semi-Furnished,13975246,1413,703
2001,Carpet Area,Mysore,Semi-Furnished,13975183,1337,662
2004,Carpet Area,Jaipur,Furnished,13974800,1323,665
2004,Plot Area,Kolkata,Unfurnished,13971065,1470,727
2005,Super Area,Mysore,Furnished,13970842,1394,690
2017,Built Area,Indore,Furnished,13970402,1357,681
1998,Super Area,Lucknow,Semi-Furnished,13969700,1350,679
2021,Carpet Area,Rajkot,Furnished,13969666,1407,706
1994,Plot Area,Chennai,Furnished,13968938,1357,681
2011,Super Area,Navi Mumbai,Furnished,13968709,1331,670
2009,Plot Area,Vijayawada,Unfurnished,13967958,1368,701
1995,Plot Area,Nashik,Semi-Furnished,13967790,1334,682
2006,Built Area,Chennai,Semi-Furnished,13966464,1354,669
2009,Super Area,Bangalore,Unfurnished,13964822,1365,672
1992,Built Area,Surat,Furnished,13964529,1411,712
2017,Super Area,Visakhapatnam,Semi-Furnished,13964412,1369,706
1994,Plot Area,Kanpur,Unfurnished,13963411,1359,692
2007,Carpet Area,Lucknow,Semi-Furnished,13960895,1389,699
2015,Carpet Area,Kanpur,Semi-Furnished,13960810,1345,684
2001,Carpet Area,Kanpur,Semi-Furnished,13959947,1376,679
2020,Super Area,Ranchi,Furnished,13958452,1362,680
2008,Carpet Area,Ghaziabad,Semi-Furnished,13958424,1420,701
1994,Super Area,Chandigarh,Unfurnished,13957586,1418,698
2006,Plot Area,Ahmedabad,Unfurnished,13955432,1367,687
2002,Built Area,Nagpur,Unfurnished,13954663,1354,689
2017,Super Area,Mysore,Semi-Furnished,13954420,1347,673
2001,Carpet Area,Nashik,Furnished,13954126,1378,689
2008,Plot Area,Meerut,Unfurnished,13953400,1416,687
2006,Plot Area,Surat,Furnished,13952949,1409,688
1993,Built Area,Hyderabad,Unfurnished,13952894,1480,712
2009,Carpet Area,Bangalore,Unfurnished,13951586,1367,698
2020,Built Area,Bangalore,Furnished,13949887,1337,668
2008,Built Area,Kolkata,Semi-Furnished,13948326,1364,690
2013,Built Area,Nagpur,Unfurnished,13947812,1347,688
1990,Built Area,Visakhapatnam,Furnished,13947582,1350,679
1995,Carpet Area,Ahmedabad,Unfurnished,13947515,1406,708
2008,Carpet Area,Surat,Semi-Furnished,13946750,1379,692
2018,Built Area,Visakhapatnam,Semi-Furnished,13944947,1445,701
2019,Carpet Area,Noida,Unfurnished,13944810,1362,681
1995,Carpet Area,Pune,Unfurnished,13944618,1347,694
1990,Plot Area,Jaipur,Furnished,13942858,1372,680
2002,Built Area,Ahmedabad,Unfurnished,13941434,1355,654
1994,Plot Area,Ludhiana,Unfurnished,13941243,1380,707
2021,Built Area,Surat,Semi-Furnished,13940140,1423,703
1999,Built Area,Nashik,Furnished,13939694,1351,665
2011,Built Area,Rajkot,Semi-Furnished,13939533,1413,697
2015,Plot Area,Patna,Unfurnished,13939180,1376,701
2011,Built Area,Delhi,Furnished,13937973,1397,693
2014,Carpet Area,Pune,Furnished,13937595,1349,678
2007,Super Area,Lucknow,Unfurnished,13937517,1313,677
1992,Plot Area,Bhopal,Furnished,13937420,1340,669
2004,Super Area,Coimbatore,Unfurnished,13937342,1451,720
2016,Super Area,Amritsar,Unfurnished,13937030,1369,696
1990,Built Area,Lucknow,Furnished,13936219,1404,693
2017,Super Area,Rajkot,Semi-Furnished,13935931,1376,687
1998,Super Area,Nagpur,Unfurnished,13934875,1387,679
2010,Carpet Area,Faridabad,Semi-Furnished,13933106,1362,679
2012,Super Area,Lucknow,Semi-Furnished,13932337,1316,666
2009,Carpet Area,Agra,Semi-Furnished,13932147,1330,681
2005,Super Area,Bhopal,Semi-Furnished,13930262,1346,669
2013,Super Area,Vijayawada,Unfurnished,13930192,1370,677
1995,Super Area,Chandigarh,Semi-Furnished,13929784,1358,684
2009,Super Area,Chennai,Furnished,13926984,1345,676
1999,Built Area,Kanpur,Semi-Furnished,13925827,1385,678
2013,Carpet Area,Ludhiana,Furnished,13925678,1323,655
1992,Super Area,Hyderabad,Furnished,13925577,1427,719
2002,Plot Area,Meerut,Semi-Furnished,13924855,1359,677
2009,Super Area,Kanpur,Furnished,13924326,1369,687
1991,Plot Area,Lucknow,Unfurnished,13924165,1374,665
1999,Carpet Area,Kanpur,Unfurnished,13923243,1389,697
2004,Carpet Area,Patna,Unfurnished,13920588,1429,694
2015,Built Area,Kolkata,Unfurnished,13918939,1296,651
1999,Plot Area,Jaipur,Furnished,13918159,1366,672
2013,Built Area,Amritsar,Semi-Furnished,13918074,1378,688
2010,Built Area,Pune,Furnished,13918039,1343,680
2001,Carpet Area,Amritsar,Unfurnished,13917919,1416,712
1994,Carpet Area,Vadodara,Unfurnished,13917668,1410,707
1997,Built Area,Chandigarh,Unfurnished,13916194,1332,665
2011,Built Area,Surat,Furnished,13916117,1336,678
1997,Carpet Area,Bhopal,Unfurnished,13915199,1382,704
1996,Plot Area,Faridabad,Furnished,13915158,1365,691
2005,Built Area,Mangalore,Semi-Furnished,13915020,1388,699
2011,Plot Area,Chennai,Unfurnished,13914700,1330,666
1998,Built Area,Vijayawada,Unfurnished,13914414,1408,714
2019,Super Area,Nagpur,Unfurnished,13913663,1356,692
1998,Built Area,Amritsar,Unfurnished,13912667,1371,683
1998,Carpet Area,Bangalore,Semi-Furnished,13912099,1394,707
2013,Plot Area,Nashik,Unfurnished,13911280,1383,708
2001,Carpet Area,Lucknow,Furnished,13910980,1374,693
2019,Built Area,Aurangabad,Unfurnished,13910563,1344,676
1991,Plot Area,Gwalior,Semi-Furnished,13910154,1390,696
2005,Built Area,Ludhiana,Furnished,13908897,1420,677
2017,Super Area,Noida,Furnished,13908015,1417,706
2020,Carpet Area,Chandigarh,Furnished,13907858,1332,654
1992,Carpet Area,Rajkot,Semi-Furnished,13906266,1432,716
2019,Carpet Area,Indore,Furnished,13905981,1381,692
1997,Built Area,Vadodara,Semi-Furnished,13905715,1465,730
2017,Plot Area,Indore,Semi-Furnished,13905153,1393,690
2007,Super Area,Visakhapatnam,Furnished,13904463,1378,706
2019,Carpet Area,Ahmedabad,Unfurnished,13904429,1416,715
2004,Plot Area,Agra,Semi-Furnished,13904409,1367,661
2011,Built Area,Ghaziabad,Semi-Furnished,13904219,1282,665
1996,Carpet Area,Aurangabad,Unfurnished,13902678,1303,650
2002,Super Area,Noida,Unfurnished,13902620,1316,671
2021,Plot Area,Varanasi,Furnished,13901637,1427,700
2017,Plot Area,Noida,Semi-Furnished,13901407,1394,700
2005,Built Area,Agra,Furnished,13899853,1353,681
1993,Super Area,Surat,Unfurnished,13899843,1307,672
2009,Super Area,Vadodara,Unfurnished,13899453,1417,704
2000,Plot Area,Thane,Furnished,13899050,1396,707
1996,Super Area,Varanasi,Semi-Furnished,13898931,1390,681
2008,Built Area,Ahmedabad,Furnished,13898683,1374,692
2019,Super Area,Patna,Unfurnished,13898645,1338,674
2002,Carpet Area,Meerut,Semi-Furnished,13897567,1382,678
1998,Built Area,Surat,Semi-Furnished,13896771,1447,716
2013,Super Area,Rajkot,Furnished,13894829,1399,709
1996,Super Area,Surat,Furnished,13894670,1374,687
2014,Carpet Area,Thane,Unfurnished,13894082,1351,680
2004,Plot Area,Chennai,Unfurnished,13894001,1396,687
2003,Carpet Area,Lucknow,Semi-Furnished,13893948,1367,672
2011,Plot Area,Lucknow,Furnished,13892915,1363,691
2014,Plot Area,Kolkata,Furnished,13891725,1424,709
1999,Built Area,Jodhpur,Unfurnished,13891558,1358,661
2013,Plot Area,Gwalior,Furnished,13891149,1404,685
1998,Built Area,Mumbai,Semi-Furnished,13890985,1356,690
2020,Super Area,Hyderabad,Unfurnished,13889662,1365,694
2008,Built Area,Nagpur,Unfurnished,13889119,1384,671
2007,Built Area,Visakhapatnam,Unfurnished,13888688,1337,672
1991,Plot Area,Kanpur,Semi-Furnished,13886623,1427,705
1999,Built Area,Mangalore,Semi-Furnished,13885946,1346,670
2010,Carpet Area,Bhopal,Semi-Furnished,13885758,1340,680
2016,Super Area,Patna,Semi-Furnished,13885438,1340,672
2009,Built Area,Nashik,Semi-Furnished,13885373,1356,674
2009,Built Area,Varanasi,Unfurnished,13884679,1352,675
2015,Plot Area,Kolkata,Semi-Furnished,13883679,1443,726
2004,Super Area,Agra,Unfurnished,13882589,1334,680
2018,Plot Area,Pune,Semi-Furnished,13882478,1349,676
2018,Carpet Area,Visakhapatnam,Unfurnished,13882421,1467,743
1995,Plot Area,Gwalior,Furnished,13882197,1406,702
2021,Carpet Area,Noida,Furnished,13881900,1409,707
2015,Carpet Area,Ahmedabad,Unfurnished,13881813,1401,706
2004,Built Area,Nashik,Unfurnished,13881425,1375,679
1996,Built Area,Vadodara,Unfurnished,13880665,1304,653
2007,Plot Area,Bhopal,Semi-Furnished,13879977,1443,731
2001,Built Area,Chandigarh,Unfurnished,13878716,1355,688
1997,Plot Area,Chennai,Unfurnished,13878360,1339,674
2014,Built Area,Ranchi,Semi-Furnished,13877738,1355,690
2010,Built Area,Noida,Semi-Furnished,13877534,1275,654
2020,Carpet Area,Mysore,Semi-Furnished,13877527,1373,680
2021,Built Area,Meerut,Furnished,13877259,1389,691
2016,Super Area,Rajkot,Furnished,13876260,1335,673
1994,Built Area,Mumbai,Furnished,13874902,1402,709
2009,Plot Area,Patna,Semi-Furnished,13874473,1415,703
2002,Carpet Area,Kolkata,Unfurnished,13873240,1398,710
2017,Carpet Area,Ludhiana,Unfurnished,13873065,1381,668
2015,Carpet Area,Patna,Unfurnished,13872804,1371,705
2021,Built Area,Coimbatore,Unfurnished,13872369,1386,685
2004,Built Area,Chennai,Furnished,13872189,1313,661
2014,Carpet Area,Mangalore,Unfurnished,13871321,1346,680
2007,Plot Area,Chandigarh,Furnished,13871316,1403,688
1993,Plot Area,Amritsar,Furnished,13870083,1345,687
2000,Plot Area,Bangalore,Furnished,13869945,1438,697
2019,Plot Area,Mumbai,Unfurnished,13869292,1387,687
1991,Plot Area,Nagpur,Furnished,13868940,1349,690
2005,Carpet Area,Chennai,Unfurnished,13868889,1425,703
2019,Plot Area,Amritsar,Unfurnished,13868683,1366,668
2002,Plot Area,Mangalore,Unfurnished,13868403,1309,677
1998,Carpet Area,Indore,Semi-Furnished,13867325,1391,676
2006,Super Area,Thane,Unfurnished,13866947,1367,672
2021,Carpet Area,Navi Mumbai,Furnished,13866768,1318,668
2020,Built Area,Nagpur,Semi-Furnished,13866188,1429,701
2014,Super Area,Hyderabad,Furnished,13864074,1377,687
2020,Super Area,Vadodara,Unfurnished,13862554,1346,693
2010,Plot Area,Nashik,Furnished,13862461,1339,661
1999,Built Area,Coimbatore,Semi-Furnished,13861404,1378,684
2021,Built Area,Agra,Semi-Furnished,13860222,1349,678
1999,Carpet Area,Ranchi,Furnished,13860162,1407,689
1993,Carpet Area,Thane,Furnished,13860045,1357,697
2020,Carpet Area,Mysore,Unfurnished,13859077,1350,680
2001,Carpet Area,Bangalore,Furnished,13858490,1401,702
1991,Plot Area,Meerut,Unfurnished,13857842,1367,680
1997,Super Area,Navi Mumbai,Unfurnished,13857381,1305,685
1997,Super Area,Meerut,Furnished,13857353,1369,684
1995,Super Area,Noida,Furnished,13857135,1368,688
2017,Carpet Area,Bhopal,Unfurnished,13857111,1445,732
2015,Built Area,Ghaziabad,Unfurnished,13856851,1440,703
1996,Built Area,Nagpur,Semi-Furnished,13856244,1342,685
2003,Built Area,Bhopal,Unfurnished,13855648,1360,699
2006,Super Area,Vadodara,Furnished,13854928,1351,684
2015,Plot Area,Mumbai,Furnished,13853949,1369,676
2021,Plot Area,Indore,Unfurnished,13853313,1387,700
1998,Built Area,Indore,Furnished,13853166,1392,683
1997,Plot Area,Coimbatore,Unfurnished,13853042,1343,657
1998,Super Area,Surat,Semi-Furnished,13852929,1362,695
2011,Super Area,Meerut,Furnished,13852404,1371,696
1999,Built Area,Visakhapatnam,Unfurnished,13852246,1353,695
1992,Built Area,Bangalore,Furnished,13851918,1377,689
1998,Super Area,Gwalior,Semi-Furnished,13851124,1348,669
2020,Built Area,Vadodara,Furnished,13850725,1411,701
2005,Super Area,Nagpur,Furnished,13850396,1356,656
1993,Built Area,Ahmedabad,Furnished,13849613,1392,674
2002,Carpet Area,Meerut,Furnished,13849555,1358,689
2010,Built Area,Patna,Furnished,13849356,1334,658
2007,Built Area,Mumbai,Semi-Furnished,13847571,1417,714
1992,Super Area,Nagpur,Semi-Furnished,13847333,1488,716
2016,Built Area,Mangalore,Semi-Furnished,13847333,1347,680
1990,Plot Area,Mysore,Semi-Furnished,13846143,1356,673
2008,Carpet Area,Nagpur,Unfurnished,13846031,1289,645
2007,Plot Area,Visakhapatnam,Semi-Furnished,13845608,1336,674
2011,Plot Area,Bangalore,Furnished,13844533,1436,705
2015,Super Area,Kolkata,Furnished,13843974,1384,681
2004,Super Area,Bhopal,Semi-Furnished,13843869,1440,708
1993,Plot Area,Visakhapatnam,Unfurnished,13843388,1382,674
1993,Carpet Area,Coimbatore,Semi-Furnished,13843323,1440,722
1990,Carpet Area,Bangalore,Unfurnished,13842837,1345,690
2008,Plot Area,Aurangabad,Semi-Furnished,13842831,1324,663
1990,Carpet Area,Thane,Furnished,13842603,1350,693
2005,Built Area,Thane,Furnished,13842558,1418,702
2003,Plot Area,Hyderabad,Unfurnished,13841872,1354,675
2008,Plot Area,Pune,Unfurnished,13841586,1378,699
1996,Super Area,Bangalore,Furnished,13841102,1321,665
1995,Carpet Area,Gwalior,Furnished,13841066,1350,679
1992,Plot Area,Bangalore,Semi-Furnished,13840759,1388,688
2006,Super Area,Thane,Furnished,13840317,1410,707
2001,Built Area,Rajkot,Unfurnished,13839746,1365,671
2013,Plot Area,Nagpur,Furnished,13839695,1347,686
1991,Super Area,Patna,Furnished,13839511,1300,648
2016,Super Area,Bhopal,Unfurnished,13839278,1338,673
1993,Super Area,Jodhpur,Semi-Furnished,13838576,1369,680
2020,Super Area,Delhi,Furnished,13838466,1394,676
2004,Plot Area,Navi Mumbai,Semi-Furnished,13838141,1357,677
2006,Carpet Area,Ghaziabad,Furnished,13836561,1382,684
2020,Super Area,Ghaziabad,Unfurnished,13835540,1347,668
2011,Super Area,Surat,Semi-Furnished,13835404,1278,666
2017,Plot Area,Lucknow,Semi-Furnished,13834330,1361,666
2003,Plot Area,Thane,Unfurnished,13833826,1391,705
2020,Plot Area,Kanpur,Unfurnished,13833630,1392,693
2019,Built Area,Chennai,Unfurnished,13833331,1381,674
1991,Super Area,Coimbatore,Semi-Furnished,13833253,1305,669
2003,Plot Area,Mumbai,Furnished,13832213,1399,705
1993,Built Area,Amritsar,Unfurnished,13831686,1381,695
2018,Super Area,Patna,Furnished,13831142,1402,695
1997,Carpet Area,Lucknow,Unfurnished,13830851,1320,668
2021,Super Area,Aurangabad,Unfurnished,13830593,1289,645
2009,Super Area,Chandigarh,Semi-Furnished,13830523,1358,691
2001,Carpet Area,Kolkata,Semi-Furnished,13830354,1318,663
2004,Super Area,Mangalore,Unfurnished,13830124,1356,680
2002,Plot Area,Lucknow,Furnished,13829014,1293,668
1995,Plot Area,Amritsar,Unfurnished,13829008,1366,681
2015,Built Area,Jodhpur,Furnished,13828215,1399,696
2015,Super Area,Varanasi,Unfurnished,13828032,1392,693
1994,Carpet Area,Pune,Unfurnished,13827930,1349,659
2007,Carpet Area,Amritsar,Furnished,13827611,1326,668
2019,Super Area,Mangalore,Semi-Furnished,13827318,1402,704
2002,Super Area,Chandigarh,Unfurnished,13826954,1340,672
2001,Carpet Area,Surat,Unfurnished,13825903,1426,700
2009,Plot Area,Kalyan-Dombivli,Semi-Furnished,13825559,1332,667
2003,Super Area,Vijayawada,Semi-Furnished,13825416,1387,687
2007,Super Area,Patna,Unfurnished,13825189,1380,704
2009,Built Area,Hyderabad,Furnished,13824336,1334,650
2001,Carpet Area,Pune,Semi-Furnished,13824332,1404,694
1994,Plot Area,Nagpur,Semi-Furnished,13824154,1326,666
2008,Plot Area,Delhi,Semi-Furnished,13823930,1337,670
2017,Built Area,Jodhpur,Furnished,13823580,1316,666
2018,Carpet Area,Surat,Semi-Furnished,13823428,1344,680
1994,Plot Area,Ranchi,Semi-Furnished,13823005,1278,650
2000,Plot Area,Navi Mumbai,Furnished,13822348,1401,692
2007,Built Area,Mangalore,Semi-Furnished,13821224,1380,681
2011,Carpet Area,Pune,Furnished,13821177,1352,694
2001,Plot Area,Navi Mumbai,Furnished,13820174,1328,670
2014,Plot Area,Faridabad,Semi-Furnished,13819627,1383,686
2015,Built Area,Jaipur,Furnished,13818964,1411,705
1999,Carpet Area,Agra,Furnished,13818114,1387,680
2016,Built Area,Mangalore,Unfurnished,13817974,1340,670
1996,Plot Area,Thane,Unfurnished,13817862,1350,674
2021,Built Area,Aurangabad,Furnished,13817844,1330,662
2010,Carpet Area,Bangalore,Unfurnished,13816804,1400,692
2007,Carpet Area,Pune,Furnished,13816674,1443,702
2014,Plot Area,Ranchi,Unfurnished,13816672,1330,672
2013,Built Area,Pune,Semi-Furnished,13816625,1392,700
2005,Super Area,Noida,Furnished,13815105,1364,689
1999,Built Area,Ludhiana,Unfurnished,13815040,1361,685
2016,Plot Area,Patna,Furnished,13814996,1397,691
2000,Plot Area,Thane,Semi-Furnished,13814040,1361,679
2001,Plot Area,Bangalore,Furnished,13813963,1337,667
2000,Super Area,Pune,Unfurnished,13813731,1392,718
1993,Carpet Area,Ludhiana,Furnished,13813539,1392,698
2000,Carpet Area,Chandigarh,Semi-Furnished,13811905,1373,678
2008,Built Area,Vijayawada,Semi-Furnished,13811525,1419,694
2009,Built Area,Agra,Furnished,13810277,1324,680
1998,Plot Area,Visakhapatnam,Unfurnished,13809723,1348,681
1998,Carpet Area,Amritsar,Unfurnished,13809313,1308,672
2003,Carpet Area,Faridabad,Furnished,13808985,1395,678
1990,Carpet Area,Ghaziabad,Semi-Furnished,13808472,1412,702
2014,Built Area,Nagpur,Unfurnished,13807824,1364,673
2002,Super Area,Bhopal,Semi-Furnished,13807803,1428,713
2005,Carpet Area,Meerut,Semi-Furnished,13807508,1401,701
2010,Built Area,Mumbai,Furnished,13807268,1390,682
1993,Built Area,Amritsar,Semi-Furnished,13806016,1359,673
1996,Built Area,Gwalior,Semi-Furnished,13806009,1341,656
2016,Plot Area,Chandigarh,Semi-Furnished,13805960,1460,715
2002,Super Area,Vijayawada,Unfurnished,13805672,1324,681
2008,Carpet Area,Mumbai,Furnished,13805465,1345,677
2003,Plot Area,Vijayawada,Semi-Furnished,13805354,1347,665
2007,Plot Area,Jaipur,Unfurnished,13805034,1383,695
1997,Carpet Area,Agra,Semi-Furnished,13804045,1376,690
2018,Plot Area,Jaipur,Semi-Furnished,13803003,1369,680
2003,Super Area,Faridabad,Unfurnished,13802960,1359,693
2011,Carpet Area,Aurangabad,Unfurnished,13802307,1349,677
1990,Plot Area,Visakhapatnam,Semi-Furnished,13801998,1318,674
1996,Carpet Area,Agra,Unfurnished,13801957,1317,652
1999,Carpet Area,Vijayawada,Unfurnished,13801532,1404,700
2001,Carpet Area,Faridabad,Unfurnished,13801164,1365,681
2002,Plot Area,Hyderabad,Furnished,13800827,1360,684
2019,Plot Area,Indore,Semi-Furnished,13799976,1438,717
1994,Plot Area,Pune,Furnished,13799954,1322,669
1997,Plot Area,Meerut,Semi-Furnished,13799386,1313,656
1994,Super Area,Ahmedabad,Unfurnished,13798976,1333,671
2011,Carpet Area,Chennai,Unfurnished,13798401,1366,709
2000,Plot Area,Patna,Semi-Furnished,13798056,1310,664
1995,Built Area,Aurangabad,Furnished,13797917,1388,687
2002,Built Area,Jodhpur,Unfurnished,13797708,1398,692
2003,Plot Area,Ludhiana,Unfurnished,13796119,1412,689
1995,Super Area,Nagpur,Unfurnished,13795874,1361,689
2001,Built Area,Noida,Semi-Furnished,13795857,1368,687
2005,Built Area,Kolkata,Unfurnished,13795154,1322,656
2011,Carpet Area,Ranchi,Unfurnished,13794509,1344,680
2004,Built Area,Noida,Furnished,13794501,1410,713
2017,Super Area,Kalyan-Dombivli,Furnished,13794459,1391,700
1997,Built Area,Ludhiana,Furnished,13793918,1355,669
2003,Carpet Area,Bhopal,Unfurnished,13792683,1367,699
2007,Carpet Area,Thane,Furnished,13792517,1366,695
1997,Built Area,Surat,Semi-Furnished,13792207,1397,690
2013,Super Area,Ahmedabad,Semi-Furnished,13791628,1407,693
2006,Carpet Area,Faridabad,Furnished,13791395,1402,699
2000,Super Area,Ahmedabad,Unfurnished,13791015,1391,691
1995,Carpet Area,Vadodara,Unfurnished,13790878,1298,673
1994,Super Area,Nagpur,Unfurnished,13790837,1412,694
2019,Super Area,Ranchi,Semi-Furnished,13789989,1349,661
1997,Carpet Area,Mysore,Furnished,13788727,1344,679
2007,Built Area,Kanpur,Furnished,13788645,1343,666
1996,Carpet Area,Mangalore,Unfurnished,13786672,1336,659
2011,Carpet Area,Surat,Furnished,13786634,1322,687
2017,Built Area,Gwalior,Unfurnished,13785985,1389,687
2005,Built Area,Noida,Furnished,13785979,1320,675
1991,Carpet Area,Noida,Unfurnished,13785841,1337,690
2003,Carpet Area,Ranchi,Furnished,13785401,1323,652
2005,Plot Area,Varanasi,Unfurnished,13785375,1421,697
2010,Super Area,Meerut,Unfurnished,13785167,1264,643
2004,Plot Area,Vijayawada,Semi-Furnished,13785011,1355,675
2018,Plot Area,Meerut,Semi-Furnished,13784256,1361,689
2019,Plot Area,Rajkot,Unfurnished,13783985,1410,721
2021,Built Area,Coimbatore,Semi-Furnished,13783189,1417,714
2015,Super Area,Kanpur,Semi-Furnished,13782934,1361,663
2020,Plot Area,Mangalore,Unfurnished,13782807,1320,669
2017,Carpet Area,Chandigarh,Unfurnished,13781820,1360,687
1991,Carpet Area,Kalyan-Dombivli,Furnished,13780861,1325,659
2003,Plot Area,Faridabad,Unfurnished,13779985,1363,666
1992,Super Area,Bhopal,Unfurnished,13779849,1403,688
2003,Super Area,Chennai,Unfurnished,13779390,1388,696
2002,Carpet Area,Chandigarh,Unfurnished,13778946,1443,713
2018,Super Area,Nashik,Semi-Furnished,13778614,1368,683
2013,Carpet Area,Kalyan-Dombivli,Semi-Furnished,13778143,1386,689
2020,Super Area,Visakhapatnam,Unfurnished,13777344,1323,661
1995,Carpet Area,Ahmedabad,Semi-Furnished,13777255,1358,678
1995,Built Area,Nashik,Unfurnished,13776432,1392,689
2003,Plot Area,Vadodara,Furnished,13776199,1343,665
2019,Built Area,Delhi,Unfurnished,13775270,1331,672
1998,Carpet Area,Ranchi,Unfurnished,13775259,1354,691
2020,Super Area,Meerut,Unfurnished,13774835,1375,706
2008,Super Area,Aurangabad,Furnished,13774722,1375,682
2018,Super Area,Coimbatore,Unfurnished,13774475,1371,669
1995,Built Area,Hyderabad,Semi-Furnished,13773597,1334,677
1996,Super Area,Vadodara,Semi-Furnished,13772882,1391,699
2020,Super Area,Chandigarh,Semi-Furnished,13771997,1318,664
2015,Carpet Area,Visakhapatnam,Furnished,13771682,1356,678
2004,Carpet Area,Hyderabad,Furnished,13771396,1346,675
1999,Built Area,Agra,Unfurnished,13771161,1392,685
2021,Super Area,Ranchi,Furnished,13771148,1355,667
1998,Super Area,Aurangabad,Semi-Furnished,13770846,1365,681
2013,Plot Area,Ahmedabad,Unfurnished,13770450,1370,685
2000,Built Area,Ranchi,Furnished,13770002,1419,698
2009,Carpet Area,Gwalior,Semi-Furnished,13769954,1326,668
2011,Carpet Area,Rajkot,Semi-Furnished,13769850,1394,696
1999,Plot Area,Navi Mumbai,Unfurnished,13768680,1350,684
1998,Built Area,Bangalore,Furnished,13768586,1323,679
2008,Plot Area,Coimbatore,Unfurnished,13767913,1393,702
2005,Super Area,Rajkot,Unfurnished,13767343,1343,650
1990,Built Area,Kalyan-Dombivli,Unfurnished,13766448,1348,682
2001,Built Area,Vijayawada,Unfurnished,13764473,1378,687
1992,Super Area,Jaipur,Semi-Furnished,13763858,1339,668
2014,Super Area,Indore,Unfurnished,13763644,1431,702
1993,Super Area,Varanasi,Semi-Furnished,13763391,1401,685
2001,Built Area,Bhopal,Unfurnished,13763304,1347,673
2015,Super Area,Surat,Unfurnished,13762984,1449,714
2007,Built Area,Mumbai,Unfurnished,13762304,1389,704
2006,Super Area,Mangalore,Semi-Furnished,13762075,1484,728
2001,Plot Area,Amritsar,Semi-Furnished,13761559,1375,690
1991,Built Area,Ludhiana,Furnished,13761302,1316,672
1997,Super Area,Kolkata,Furnished,13760982,1380,701
2012,Carpet Area,Aurangabad,Furnished,13760712,1334,673
1991,Plot Area,Mumbai,Unfurnished,13760167,1399,688
2015,Plot Area,Rajkot,Unfurnished,13759665,1339,679
2005,Super Area,Faridabad,Unfurnished,13759465,1407,699
2008,Carpet Area,Ranchi,Semi-Furnished,13758902,1400,709
1991,Built Area,Indore,Semi-Furnished,13758677,1343,683
2020,Carpet Area,Kanpur,Unfurnished,13758441,1393,689
2012,Super Area,Surat,Furnished,13757604,1379,694
1999,Plot Area,Patna,Unfurnished,13757544,1361,674
2019,Plot Area,Aurangabad,Semi-Furnished,13756305,1394,692
2018,Carpet Area,Ranchi,Furnished,13756210,1299,651
1992,Plot Area,Navi Mumbai,Unfurnished,13755992,1353,663
2007,Plot Area,Faridabad,Unfurnished,13754875,1373,693
1992,Carpet Area,Ahmedabad,Unfurnished,13754667,1314,664
2002,Built Area,Bangalore,Semi-Furnished,13753992,1323,670
2008,Plot Area,Thane,Furnished,13753372,1324,671
2007,Built Area,Nagpur,Semi-Furnished,13753330,1415,698
1990,Super Area,Kalyan-Dombivli,Semi-Furnished,13753324,1401,680
2018,Plot Area,Nashik,Unfurnished,13752192,1376,690
1992,Built Area,Noida,Unfurnished,13751230,1338,650
2015,Built Area,Lucknow,Semi-Furnished,13751229,1429,697
2006,Built Area,Vijayawada,Furnished,13751092,1390,692
2012,Built Area,Coimbatore,Furnished,13750678,1318,672
2015,Plot Area,Mysore,Semi-Furnished,13750117,1320,652
2013,Built Area,Aurangabad,Furnished,13748551,1415,707
1990,Super Area,Navi Mumbai,Unfurnished,13748047,1383,695
2010,Super Area,Amritsar,Furnished,13747896,1458,719
2015,Built Area,Ahmedabad,Furnished,13747414,1417,708
1994,Built Area,Noida,Unfurnished,13747413,1345,681
2013,Super Area,Jaipur,Unfurnished,13747058,1353,677
1998,Built Area,Mangalore,Semi-Furnished,13747042,1363,685
1997,Super Area,Rajkot,Unfurnished,13746642,1344,682
2008,Built Area,Vijayawada,Unfurnished,13745518,1390,681
2003,Plot Area,Nagpur,Semi-Furnished,13745256,1448,722
2000,Plot Area,Meerut,Furnished,13744167,1341,676
1991,Carpet Area,Visakhapatnam,Furnished,13743712,1369,696
2021,Built Area,Pune,Furnished,13743555,1339,691
2000,Super Area,Indore,Furnished,13743545,1358,674
2016,Built Area,Visakhapatnam,Unfurnished,13743450,1356,686
2005,Carpet Area,Rajkot,Furnished,13743428,1380,675
2007,Super Area,Indore,Semi-Furnished,13742960,1375,674
1991,Plot Area,Hyderabad,Unfurnished,13742688,1324,677
1998,Plot Area,Agra,Semi-Furnished,13741973,1350,693
1997,Super Area,Delhi,Semi-Furnished,13741623,1389,703
2006,Plot Area,Hyderabad,Semi-Furnished,13741462,1315,674
2014,Built Area,Chandigarh,Furnished,13741179,1300,657
2004,Plot Area,Thane,Semi-Furnished,13740834,1393,686
2021,Super Area,Meerut,Unfurnished,13740719,1347,672
1992,Carpet Area,Amritsar,Semi-Furnished,13740385,1350,673
1996,Carpet Area,Gwalior,Semi-Furnished,13740268,1337,667
2018,Carpet Area,Navi Mumbai,Furnished,13740094,1385,686
2014,Plot Area,Lucknow,Unfurnished,13739568,1415,707
2021,Plot Area,Ludhiana,Furnished,13739563,1350,673
1992,Plot Area,Vijayawada,Unfurnished,13739423,1420,703
1993,Super Area,Visakhapatnam,Furnished,13739344,1336,683
2002,Super Area,Pune,Unfurnished,13738792,1389,698
2005,Built Area,Vijayawada,Semi-Furnished,13737128,1384,683
1991,Super Area,Visakhapatnam,Semi-Furnished,13736524,1373,672
2018,Super Area,Pune,Furnished,13736500,1361,683
2004,Built Area,Faridabad,Furnished,13736205,1291,661
2011,Plot Area,Bangalore,Unfurnished,13736163,1248,637
2004,Super Area,Surat,Semi-Furnished,13735791,1419,711
2001,Carpet Area,Meerut,Furnished,13735779,1315,669
2004,Plot Area,Nagpur,Furnished,13735712,1345,677
2007,Built Area,Visakhapatnam,Furnished,13735681,1357,684
2004,Built Area,Amritsar,Unfurnished,13735640,1361,669
1997,Built Area,Delhi,Unfurnished,13735433,1353,678
1998,Plot Area,Vijayawada,Semi-Furnished,13735286,1363,675
2002,Plot Area,Thane,Semi-Furnished,13735015,1316,669
1998,Plot Area,Surat,Semi-Furnished,13734098,1346,688
2019,Plot Area,Coimbatore,Unfurnished,13733893,1338,672
2011,Plot Area,Noida,Furnished,13733775,1388,703
2019,Carpet Area,Hyderabad,Furnished,13733359,1293,669
2005,Built Area,Ghaziabad,Unfurnished,13733173,1356,680
2013,Super Area,Amritsar,Furnished,13733163,1391,678
2018,Carpet Area,Mangalore,Furnished,13732785,1373,702
2020,Super Area,Kanpur,Unfurnished,13731820,1388,700
2015,Carpet Area,Agra,Unfurnished,13731670,1363,683
2009,Carpet Area,Gwalior,Unfurnished,13731636,1372,684
2014,Built Area,Jaipur,Furnished,13731173,1395,699
2011,Super Area,Indore,Furnished,13730516,1404,690
2006,Built Area,Jodhpur,Furnished,13729899,1342,654
2007,Built Area,Jaipur,Unfurnished,13729873,1371,683
2002,Plot Area,Kalyan-Dombivli,Furnished,13729772,1374,703
2016,Super Area,Vijayawada,Furnished,13729739,1357,675
2010,Carpet Area,Navi Mumbai,Unfurnished,13729034,1382,686
1997,Super Area,Jaipur,Unfurnished,13728927,1397,691
2020,Built Area,Vijayawada,Unfurnished,13727955,1307,670
2017,Built Area,Ahmedabad,Unfurnished,13727953,1293,660
2003,Built Area,Agra,Furnished,13727748,1381,699
2005,Carpet Area,Varanasi,Furnished,13727622,1363,692
2007,Super Area,Meerut,Unfurnished,13727442,1334,653
2005,Carpet Area,Coimbatore,Unfurnished,13727422,1381,682
2016,Built Area,Ahmedabad,Semi-Furnished,13726882,1336,680
2016,Super Area,Ahmedabad,Furnished,13726676,1454,722
1993,Super Area,Amritsar,Furnished,13726448,1392,685
1998,Plot Area,Bhopal,Furnished,13725860,1452,707
2001,Built Area,Chennai,Furnished,13725735,1369,677
2003,Carpet Area,Meerut,Semi-Furnished,13725644,1302,658
2010,Built Area,Patna,Unfurnished,13725216,1389,701
1992,Plot Area,Mangalore,Furnished,13724916,1392,683
2009,Plot Area,Ranchi,Unfurnished,13724295,1376,689
2003,Carpet Area,Thane,Semi-Furnished,13724276,1360,691
2018,Built Area,Indore,Unfurnished,13724231,1350,675
2006,Plot Area,Varanasi,Semi-Furnished,13724019,1348,684
2018,Plot Area,Ghaziabad,Unfurnished,13723224,1413,708
2021,Built Area,Delhi,Semi-Furnished,13723030,1380,707
2011,Built Area,Ludhiana,Furnished,13723023,1386,692
2019,Built Area,Visakhapatnam,Furnished,13722720,1428,691
2019,Carpet Area,Navi Mumbai,Semi-Furnished,13721632,1380,691
2017,Plot Area,Jaipur,Semi-Furnished,13721273,1376,703
2007,Built Area,Surat,Furnished,13721217,1391,695
2012,Built Area,Chandigarh,Unfurnished,13721211,1342,691
2003,Plot Area,Bangalore,Semi-Furnished,13720887,1423,686
2006,Carpet Area,Varanasi,Semi-Furnished,13720565,1368,679
1999,Super Area,Chandigarh,Unfurnished,13719859,1372,692
2005,Super Area,Navi Mumbai,Unfurnished,13719090,1391,709
1998,Super Area,Vijayawada,Semi-Furnished,13718781,1397,686
1992,Super Area,Chennai,Unfurnished,13718646,1414,708
2004,Built Area,Gwalior,Unfurnished,13718219,1432,701
2010,Super Area,Ranchi,Furnished,13717919,1416,697
2013,Super Area,Jaipur,Furnished,13717639,1349,679
2005,Built Area,Coimbatore,Semi-Furnished,13717143,1380,688
2007,Super Area,Chandigarh,Semi-Furnished,13717130,1305,658
2014,Built Area,Mysore,Semi-Furnished,13716611,1349,683
1992,Built Area,Agra,Furnished,13716500,1344,689
2003,Built Area,Hyderabad,Unfurnished,13716091,1297,659
2004,Carpet Area,Gwalior,Unfurnished,13715123,1352,678
2019,Plot Area,Agra,Unfurnished,13714823,1370,678
1991,Built Area,Delhi,Semi-Furnished,13714817,1376,687
2013,Plot Area,Mumbai,Unfurnished,13714793,1299,659
2019,Super Area,Ghaziabad,Furnished,13714525,1354,671
2010,Plot Area,Ghaziabad,Furnished,13714387,1347,676
2007,Super Area,Pune,Semi-Furnished,13713802,1339,674
2010,Super Area,Jaipur,Unfurnished,13713758,1304,666
2005,Built Area,Chandigarh,Semi-Furnished,13712878,1390,690
2020,Super Area,Ludhiana,Semi-Furnished,13712875,1370,693
1990,Super Area,Pune,Semi-Furnished,13712293,1329,666
2007,Built Area,Vijayawada,Unfurnished,13712115,1350,682
2003,Plot Area,Mangalore,Semi-Furnished,13711696,1324,664
1991,Built Area,Chandigarh,Semi-Furnished,13711396,1332,671
2020,Carpet Area,Gwalior,Furnished,13710753,1334,668
1998,Super Area,Surat,Unfurnished,13710363,1370,685
1997,Plot Area,Visakhapatnam,Furnished,13710269,1377,692
1991,Carpet Area,Jaipur,Furnished,13709934,1370,695
1996,Carpet Area,Kolkata,Furnished,13709878,1394,684
2001,Plot Area,Nashik,Semi-Furnished,13709561,1314,664
1991,Plot Area,Mysore,Semi-Furnished,13709424,1401,688
2003,Plot Area,Meerut,Unfurnished,13709400,1332,666
2011,Plot Area,Delhi,Semi-Furnished,13709252,1377,693
2005,Super Area,Jaipur,Unfurnished,13708899,1403,694
1994,Plot Area,Vadodara,Unfurnished,13708869,1301,656
1998,Built Area,Agra,Furnished,13708569,1344,682
1997,Plot Area,Vijayawada,Furnished,13708465,1388,702
2017,Built Area,Nagpur,Semi-Furnished,13708410,1415,708
2000,Carpet Area,Surat,Semi-Furnished,13707787,1312,666
2009,Plot Area,Indore,Unfurnished,13706631,1331,671
2012,Carpet Area,Ranchi,Unfurnished,13706470,1380,701
2018,Built Area,Hyderabad,Furnished,13705523,1339,679
1991,Carpet Area,Bhopal,Furnished,13705214,1287,676
2020,Plot Area,Bangalore,Semi-Furnished,13704290,1383,675
1995,Super Area,Ahmedabad,Unfurnished,13704042,1370,670
1996,Plot Area,Varanasi,Furnished,13704005,1338,680
1990,Super Area,Thane,Semi-Furnished,13703433,1389,700
2017,Super Area,Meerut,Semi-Furnished,13703092,1401,688
2015,Super Area,Nagpur,Furnished,13700358,1327,662
2019,Plot Area,Ghaziabad,Unfurnished,13700285,1353,681
2019,Built Area,Vijayawada,Semi-Furnished,13700145,1379,696
2005,Super Area,Ludhiana,Unfurnished,13699783,1345,658
1994,Plot Area,Pune,Unfurnished,13699706,1303,660
1994,Plot Area,Bangalore,Unfurnished,13699700,1337,681
1997,Built Area,Thane,Semi-Furnished,13699691,1350,688
2011,Super Area,Vijayawada,Furnished,13699173,1305,667
2007,Built Area,Patna,Furnished,13698974,1325,684
2006,Super Area,Nagpur,Unfurnished,13698321,1337,667
2011,Plot Area,Vijayawada,Unfurnished,13698277,1434,697
2010,Plot Area,Chennai,Semi-Furnished,13698077,1342,662
2015,Carpet Area,Kalyan-Dombivli,Unfurnished,13697975,1357,694
2000,Carpet Area,Thane,Furnished,13697678,1392,679
1991,Carpet Area,Hyderabad,Furnished,13697614,1357,689
1995,Carpet Area,Meerut,Furnished,13697202,1365,678
1990,Carpet Area,Rajkot,Furnished,13696966,1409,692
2006,Super Area,Gwalior,Unfurnished,13696311,1381,689
2009,Built Area,Nagpur,Semi-Furnished,13696136,1373,669
2007,Super Area,Vijayawada,Semi-Furnished,13696039,1390,691
2015,Plot Area,Jaipur,Furnished,13695722,1369,694
2003,Carpet Area,Kolkata,Semi-Furnished,13693400,1310,660
2002,Carpet Area,Jodhpur,Semi-Furnished,13693075,1344,669
1999,Built Area,Coimbatore,Unfurnished,13692991,1342,670
2001,Built Area,Aurangabad,Semi-Furnished,13692645,1405,704
1998,Super Area,Meerut,Unfurnished,13692609,1363,686
2010,Super Area,Jaipur,Semi-Furnished,13692450,1322,651
2014,Built Area,Hyderabad,Semi-Furnished,13691996,1303,656
2013,Super Area,Kalyan-Dombivli,Furnished,13691547,1309,666
2013,Plot Area,Varanasi,Unfurnished,13691190,1319,660
1991,Built Area,Bangalore,Furnished,13691048,1413,691
2014,Built Area,Hyderabad,Unfurnished,13690766,1297,645
1997,Plot Area,Visakhapatnam,Unfurnished,13690476,1310,645
2017,Plot Area,Rajkot,Semi-Furnished,13690253,1365,707
2017,Carpet Area,Jaipur,Furnished,13689128,1371,686
2017,Carpet Area,Chennai,Semi-Furnished,13688321,1305,669
1990,Plot Area,Lucknow,Semi-Furnished,13688224,1342,674
1990,Built Area,Delhi,Semi-Furnished,13687567,1350,661
2019,Carpet Area,Gwalior,Semi-Furnished,13686354,1346,662
2019,Plot Area,Meerut,Furnished,13686156,1396,696
1997,Built Area,Surat,Furnished,13685915,1342,660
1993,Built Area,Mysore,Semi-Furnished,13684455,1338,667
2008,Super Area,Lucknow,Semi-Furnished,13684300,1314,672
1998,Super Area,Vijayawada,Unfurnished,13684151,1411,714
2017,Built Area,Ranchi,Unfurnished,13684028,1400,698
1999,Carpet Area,Kanpur,Furnished,13683863,1306,664
2012,Carpet Area,Mangalore,Unfurnished,13683772,1285,650
2020,Carpet Area,Agra,Semi-Furnished,13683747,1391,701
2002,Built Area,Gwalior,Unfurnished,13683676,1321,670
2021,Plot Area,Ludhiana,Semi-Furnished,13683159,1372,689
1992,Carpet Area,Vijayawada,Unfurnished,13682721,1341,670
2014,Plot Area,Faridabad,Furnished,13681736,1385,692
2003,Carpet Area,Jaipur,Unfurnished,13681552,1360,693
1996,Super Area,Jodhpur,Furnished,13681530,1322,661
2019,Super Area,Indore,Furnished,13681453,1383,701
1998,Carpet Area,Ghaziabad,Unfurnished,13681364,1381,680
1995,Super Area,Chennai,Semi-Furnished,13681261,1361,678
2012,Carpet Area,Bangalore,Furnished,13680844,1380,680
2007,Plot Area,Thane,Semi-Furnished,13680483,1381,683
2006,Carpet Area,Mumbai,Unfurnished,13679916,1368,679
2008,Super Area,Kolkata,Unfurnished,13679725,1463,716
2021,Carpet Area,Meerut,Unfurnished,13679463,1326,666
1999,Plot Area,Amritsar,Unfurnished,13679135,1357,663
2018,Carpet Area,Pune,Furnished,13679132,1356,673
1990,Super Area,Chandigarh,Semi-Furnished,13679012,1317,672
2001,Super Area,Mysore,Unfurnished,13678988,1343,673
1990,Super Area,Indore,Furnished,13678574,1370,693
2000,Carpet Area,Amritsar,Furnished,13678502,1379,681
1998,Super Area,Ranchi,Semi-Furnished,13677255,1474,738
2019,Carpet Area,Surat,Furnished,13677182,1319,660
2003,Plot Area,Agra,Furnished,13677131,1404,684
1996,Super Area,Ahmedabad,Furnished,13676910,1379,698
2011,Super Area,Thane,Furnished,13675705,1463,708
1998,Plot Area,Jodhpur,Furnished,13675653,1349,672
2001,Built Area,Ranchi,Semi-Furnished,13675173,1382,678
2012,Carpet Area,Jaipur,Unfurnished,13674996,1385,688
1996,Plot Area,Ahmedabad,Unfurnished,13674553,1371,693
2009,Super Area,Kanpur,Semi-Furnished,13674495,1377,683
2020,Built Area,Varanasi,Unfurnished,13674242,1328,680
2004,Built Area,Patna,Unfurnished,13673403,1284,637
1998,Plot Area,Aurangabad,Semi-Furnished,13673026,1434,719
2016,Super Area,Nashik,Furnished,13672863,1298,651
2015,Built Area,Hyderabad,Furnished,13672662,1349,679
2002,Carpet Area,Vijayawada,Unfurnished,13671759,1375,691
2017,Carpet Area,Vadodara,Furnished,13671225,1359,685
2002,Plot Area,Visakhapatnam,Furnished,13670797,1300,664
2003,Carpet Area,Ludhiana,Furnished,13670237,1399,690
2007,Built Area,Ahmedabad,Unfurnished,13670196,1357,665
2000,Carpet Area,Kolkata,Furnished,13669969,1316,664
2018,Carpet Area,Kolkata,Furnished,13668267,1379,700
2016,Carpet Area,Faridabad,Furnished,13667615,1400,692
2018,Carpet Area,Kolkata,Semi-Furnished,13667480,1347,664
1992,Plot Area,Ranchi,Furnished,13666990,1406,687
1997,Plot Area,Nagpur,Semi-Furnished,13666900,1394,704
2018,Plot Area,Ahmedabad,Unfurnished,13666585,1410,712
2015,Built Area,Ahmedabad,Semi-Furnished,13665999,1300,655
2011,Built Area,Chennai,Semi-Furnished,13665959,1384,696
2021,Built Area,Ludhiana,Unfurnished,13665726,1402,685
2011,Built Area,Kolkata,Semi-Furnished,13665545,1358,682
2007,Super Area,Hyderabad,Semi-Furnished,13665430,1334,684
2021,Super Area,Nashik,Furnished,13664997,1365,671
2019,Carpet Area,Kanpur,Unfurnished,13664778,1437,710
2017,Plot Area,Navi Mumbai,Semi-Furnished,13664776,1310,672
2015,Super Area,Agra,Unfurnished,13664774,1320,684
2002,Carpet Area,Nagpur,Unfurnished,13664020,1394,688
1996,Super Area,Chandigarh,Unfurnished,13663820,1346,672
1998,Carpet Area,Bangalore,Furnished,13663792,1386,690
2016,Plot Area,Meerut,Semi-Furnished,13663648,1276,650
1997,Carpet Area,Jodhpur,Furnished,13663615,1439,717
2013,Plot Area,Delhi,Semi-Furnished,13663563,1292,649
1996,Super Area,Kalyan-Dombivli,Unfurnished,13663286,1426,707
2015,Plot Area,Nagpur,Unfurnished,13662983,1363,700
2018,Carpet Area,Aurangabad,Semi-Furnished,13662475,1366,682
2008,Plot Area,Faridabad,Furnished,13662232,1341,656
2009,Built Area,Nagpur,Unfurnished,13662131,1402,685
2000,Built Area,Mysore,Unfurnished,13662065,1364,665
2017,Carpet Area,Thane,Unfurnished,13661878,1320,654
2000,Plot Area,Visakhapatnam,Furnished,13661414,1369,694
2000,Plot Area,Rajkot,Semi-Furnished,13661237,1277,658
1990,Plot Area,Visakhapatnam,Furnished,13660608,1382,681
2019,Built Area,Mumbai,Furnished,13660599,1402,696
1993,Super Area,Jaipur,Semi-Furnished,13660418,1328,677
2021,Carpet Area,Mangalore,Furnished,13660347,1357,677
2000,Carpet Area,Lucknow,Furnished,13660280,1335,662
2012,Plot Area,Rajkot,Unfurnished,13660117,1386,690
2009,Plot Area,Kalyan-Dombivli,Unfurnished,13660101,1352,692
1997,Super Area,Pune,Unfurnished,13659820,1384,694
1996,Plot Area,Bangalore,Unfurnished,13659640,1349,691
2014,Built Area,Ranchi,Unfurnished,13659524,1363,673
2014,Built Area,Coimbatore,Semi-Furnished,13659299,1343,673
2009,Built Area,Hyderabad,Semi-Furnished,13659174,1398,689
2003,Plot Area,Patna,Unfurnished,13658736,1292,647
2011,Plot Area,Indore,Furnished,13657991,1395,709
1994,Super Area,Pune,Unfurnished,13657545,1365,676
1992,Built Area,Kolkata,Semi-Furnished,13657189,1409,706
2005,Built Area,Lucknow,Semi-Furnished,13656772,1369,675
2020,Plot Area,Nagpur,Semi-Furnished,13655895,1422,703
2004,Carpet Area,Jaipur,Unfurnished,13655836,1473,719
2011,Super Area,Patna,Unfurnished,13655726,1312,663
1992,Plot Area,Thane,Unfurnished,13655723,1280,641
2002,Built Area,Chennai,Unfurnished,13655499,1311,648
1990,Built Area,Gwalior,Semi-Furnished,13655204,1353,686
1990,Carpet Area,Nagpur,Semi-Furnished,13655138,1329,671
2020,Super Area,Jodhpur,Semi-Furnished,13655053,1308,672
2012,Plot Area,Mumbai,Unfurnished,13654975,1357,691
2006,Plot Area,Thane,Furnished,13654640,1318,666
2002,Plot Area,Amritsar,Unfurnished,13654239,1356,678
2012,Plot Area,Amritsar,Furnished,13653784,1460,696
1990,Super Area,Ahmedabad,Furnished,13653680,1305,665
2010,Plot Area,Nagpur,Unfurnished,13653582,1394,707
2005,Carpet Area,Jaipur,Unfurnished,13653488,1365,689
2021,Plot Area,Ahmedabad,Furnished,13653304,1407,695
1994,Carpet Area,Mangalore,Unfurnished,13652988,1347,672
2008,Plot Area,Kalyan-Dombivli,Semi-Furnished,13652961,1373,681
2008,Built Area,Noida,Semi-Furnished,13652828,1397,685
2003,Carpet Area,Kanpur,Unfurnished,13652439,1331,665
2000,Plot Area,Mysore,Furnished,13652135,1348,685
2009,Plot Area,Gwalior,Semi-Furnished,13652058,1285,658
2008,Super Area,Mysore,Furnished,13652003,1352,680
1998,Carpet Area,Amritsar,Semi-Furnished,13651895,1306,675
2006,Carpet Area,Chandigarh,Furnished,13650551,1400,691
2009,Built Area,Noida,Unfurnished,13649573,1421,704
2010,Carpet Area,Kalyan-Dombivli,Furnished,13649320,1298,672
2004,Carpet Area,Navi Mumbai,Semi-Furnished,13649007,1374,681
1991,Carpet Area,Kalyan-Dombivli,Semi-Furnished,13648922,1368,672
2006,Carpet Area,Kalyan-Dombivli,Unfurnished,13648875,1390,689
2019,Built Area,Kalyan-Dombivli,Furnished,13648291,1373,686
2014,Super Area,Chandigarh,Furnished,13647739,1348,678
2014,Carpet Area,Bangalore,Furnished,13647344,1375,684
2016,Built Area,Meerut,Furnished,13647202,1375,682
2003,Built Area,Bangalore,Furnished,13647111,1443,701
1993,Plot Area,Bangalore,Unfurnished,13647111,1381,683
2019,Super Area,Kolkata,Semi-Furnished,13647101,1344,678
2016,Super Area,Chandigarh,Unfurnished,13646806,1333,665
2009,Carpet Area,Delhi,Semi-Furnished,13646662,1345,672
1996,Built Area,Amritsar,Unfurnished,13646638,1336,664
2016,Built Area,Kalyan-Dombivli,Unfurnished,13646582,1371,685
2017,Plot Area,Vadodara,Unfurnished,13646432,1360,683
2007,Carpet Area,Ludhiana,Semi-Furnished,13645513,1392,693
2000,Built Area,Hyderabad,Semi-Furnished,13645404,1373,676
2018,Built Area,Mysore,Furnished,13644315,1278,662
2012,Plot Area,Nagpur,Furnished,13644234,1389,697
2020,Super Area,Visakhapatnam,Furnished,13644211,1377,687
2020,Carpet Area,Kalyan-Dombivli,Semi-Furnished,13644197,1360,692
1995,Plot Area,Kolkata,Furnished,13643672,1287,656
2002,Plot Area,Mumbai,Unfurnished,13643651,1312,651
2020,Built Area,Surat,Semi-Furnished,13643389,1408,687
2009,Super Area,Coimbatore,Unfurnished,13643387,1331,660
1993,Built Area,Coimbatore,Unfurnished,13643194,1364,682
2012,Plot Area,Bhopal,Semi-Furnished,13642705,1316,659
2017,Built Area,Kanpur,Furnished,13642301,1388,696
1997,Super Area,Chandigarh,Unfurnished,13642160,1363,694
2008,Super Area,Delhi,Semi-Furnished,13641681,1340,659
1999,Plot Area,Meerut,Unfurnished,13641342,1388,694
2017,Carpet Area,Delhi,Unfurnished,13641244,1431,705
1992,Built Area,Gwalior,Unfurnished,13641175,1291,655
1994,Carpet Area,Agra,Unfurnished,13640859,1402,690
1990,Carpet Area,Kanpur,Furnished,13640322,1373,697
2005,Plot Area,Ahmedabad,Semi-Furnished,13640123,1413,682
2020,Carpet Area,Chandigarh,Semi-Furnished,13640014,1404,692
1993,Built Area,Aurangabad,Unfurnished,13639451,1366,690
2000,Built Area,Delhi,Furnished,13639041,1379,683
2001,Plot Area,Mysore,Furnished,13638792,1370,691
2002,Carpet Area,Nagpur,Furnished,13638145,1323,653
2018,Carpet Area,Chennai,Semi-Furnished,13638062,1421,689
2006,Built Area,Coimbatore,Furnished,13638015,1359,676
2006,Carpet Area,Bangalore,Unfurnished,13637364,1363,669
2020,Super Area,Nagpur,Furnished,13637176,1339,673
2001,Carpet Area,Surat,Furnished,13636701,1359,674
1995,Built Area,Kanpur,Unfurnished,13636487,1324,666
1996,Built Area,Mangalore,Semi-Furnished,13635626,1399,700
2005,Built Area,Mumbai,Furnished,13634910,1327,661
1993,Plot Area,Ahmedabad,Semi-Furnished,13634820,1382,682
1993,Carpet Area,Vadodara,Unfurnished,13634770,1348,688
2011,Built Area,Vadodara,Furnished,13634703,1321,669
2014,Super Area,Visakhapatnam,Furnished,13634239,1375,690
2006,Super Area,Nashik,Unfurnished,13634049,1318,660
2008,Built Area,Chandigarh,Semi-Furnished,13633999,1305,634
2005,Carpet Area,Jodhpur,Unfurnished,13633755,1344,665
1996,Super Area,Nagpur,Semi-Furnished,13633471,1310,647
1996,Plot Area,Jaipur,Furnished,13633352,1342,675
1999,Built Area,Indore,Unfurnished,13633130,1360,676
1999,Carpet Area,Bhopal,Furnished,13633078,1331,672
2011,Super Area,Mysore,Unfurnished,13633049,1387,704
1990,Super Area,Jaipur,Unfurnished,13632840,1406,698
2018,Carpet Area,Thane,Semi-Furnished,13632831,1351,665
1992,Plot Area,Bhopal,Unfurnished,13632824,1339,647
2010,Built Area,Kalyan-Dombivli,Furnished,13632614,1421,681
2015,Carpet Area,Jodhpur,Unfurnished,13632254,1301,655
2012,Plot Area,Gwalior,Unfurnished,13632009,1319,681
2017,Built Area,Indore,Semi-Furnished,13631553,1362,673
2003,Plot Area,Delhi,Semi-Furnished,13631506,1397,692
1993,Plot Area,Aurangabad,Semi-Furnished,13631095,1267,657
2017,Carpet Area,Visakhapatnam,Semi-Furnished,13630773,1296,665
2003,Super Area,Rajkot,Semi-Furnished,13630625,1304,656
2016,Plot Area,Bangalore,Semi-Furnished,13630574,1419,706
2014,Carpet Area,Mysore,Furnished,13630344,1287,663
1992,Built Area,Lucknow,Furnished,13629943,1352,660
2001,Built Area,Varanasi,Semi-Furnished,13629132,1386,696
2012,Super Area,Mumbai,Furnished,13628971,1336,676
2008,Plot Area,Noida,Unfurnished,13628281,1371,691
1996,Carpet Area,Rajkot,Unfurnished,13627773,1323,665
2004,Plot Area,Jaipur,Furnished,13626611,1359,691
2005,Carpet Area,Hyderabad,Semi-Furnished,13626425,1326,668
2003,Super Area,Vadodara,Furnished,13626394,1374,682
1992,Carpet Area,Jodhpur,Furnished,13626223,1326,682
2011,Built Area,Mumbai,Semi-Furnished,13626214,1320,676
1996,Super Area,Ludhiana,Furnished,13626067,1365,687
2000,Carpet Area,Indore,Semi-Furnished,13625685,1336,673
2013,Plot Area,Visakhapatnam,Unfurnished,13625132,1367,689
1991,Carpet Area,Visakhapatnam,Semi-Furnished,13624750,1424,709
2001,Plot Area,Indore,Furnished,13624654,1357,683
2015,Plot Area,Surat,Unfurnished,13624362,1325,665
1994,Built Area,Jaipur,Furnished,13623680,1373,685
2009,Super Area,Mysore,Unfurnished,13623378,1322,678
2006,Carpet Area,Patna,Unfurnished,13623215,1277,645
2004,Plot Area,Navi Mumbai,Unfurnished,13623159,1378,696
2005,Built Area,Bhopal,Furnished,13623074,1325,671
2012,Super Area,Agra,Semi-Furnished,13622883,1364,688
2020,Carpet Area,Agra,Unfurnished,13622856,1336,659
2014,Built Area,Thane,Unfurnished,13622776,1418,694
2010,Plot Area,Mumbai,Unfurnished,13622415,1362,680
2006,Super Area,Chandigarh,Unfurnished,13621873,1318,658
1994,Plot Area,Coimbatore,Semi-Furnished,13621249,1330,647
1991,Built Area,Varanasi,Semi-Furnished,13620846,1305,640
2018,Built Area,Jaipur,Unfurnished,13620456,1336,677
2000,Carpet Area,Nashik,Unfurnished,13620217,1325,663
2012,Super Area,Bangalore,Furnished,13620102,1344,676
2018,Plot Area,Hyderabad,Semi-Furnished,13619827,1375,682
2003,Carpet Area,Rajkot,Semi-Furnished,13619524,1281,657
1999,Super Area,Mangalore,Furnished,13618321,1352,682
2001,Carpet Area,Visakhapatnam,Semi-Furnished,13618261,1344,666
2004,Super Area,Visakhapatnam,Semi-Furnished,13617988,1298,659
2018,Plot Area,Chandigarh,Semi-Furnished,13617699,1391,700
2005,Super Area,Vijayawada,Semi-Furnished,13617583,1388,693
2004,Built Area,Bhopal,Unfurnished,13617263,1366,681
2004,Built Area,Vadodara,Unfurnished,13617095,1392,687
2000,Super Area,Kolkata,Unfurnished,13617047,1308,654
1995,Built Area,Lucknow,Semi-Furnished,13616983,1318,664
2011,Built Area,Vadodara,Semi-Furnished,13616888,1386,685
2007,Super Area,Jodhpur,Unfurnished,13616789,1399,693
2016,Super Area,Vijayawada,Semi-Furnished,13616596,1380,678
1999,Built Area,Mumbai,Semi-Furnished,13616445,1319,658
2020,Built Area,Navi Mumbai,Furnished,13615675,1321,649
2004,Carpet Area,Kanpur,Furnished,13615521,1345,658
2021,Super Area,Mangalore,Furnished,13614872,1387,690
2008,Super Area,Surat,Unfurnished,13614573,1380,680
2001,Built Area,Faridabad,Semi-Furnished,13614397,1322,650
1996,Built Area,Agra,Furnished,13614179,1328,682
1992,Plot Area,Delhi,Unfurnished,13613334,1343,661
1994,Super Area,Visakhapatnam,Furnished,13613295,1362,686
2004,Carpet Area,Jodhpur,Furnished,13612904,1387,694
2019,Plot Area,Surat,Furnished,13612079,1305,675
2018,Carpet Area,Ghaziabad,Semi-Furnished,13611930,1361,664
2008,Super Area,Ranchi,Unfurnished,13611804,1325,682
2003,Super Area,Kanpur,Unfurnished,13611766,1334,650
2013,Super Area,Coimbatore,Semi-Furnished,13611652,1376,688
2017,Super Area,Agra,Unfurnished,13611324,1321,674
2007,Carpet Area,Bangalore,Furnished,13610407,1378,669
1994,Built Area,Gwalior,Unfurnished,13609980,1352,665
2010,Super Area,Faridabad,Unfurnished,13609836,1371,677
1990,Super Area,Bangalore,Semi-Furnished,13609657,1352,689
1994,Carpet Area,Noida,Furnished,13609547,1401,691
1993,Carpet Area,Mysore,Unfurnished,13609446,1360,713
2005,Super Area,Kanpur,Unfurnished,13609361,1345,670
2002,Super Area,Kolkata,Unfurnished,13609289,1375,682
2012,Carpet Area,Visakhapatnam,Furnished,13608546,1328,680
2013,Plot Area,Indore,Unfurnished,13608144,1348,688
1994,Plot Area,Patna,Semi-Furnished,13607458,1379,690
1999,Super Area,Navi Mumbai,Semi-Furnished,13607436,1310,669
2017,Plot Area,Varanasi,Semi-Furnished,13607432,1447,704
2021,Built Area,Chennai,Unfurnished,13607160,1307,643
2001,Super Area,Gwalior,Unfurnished,13606042,1327,663
2015,Plot Area,Visakhapatnam,Semi-Furnished,13605517,1277,658
2008,Super Area,Mumbai,Unfurnished,13605488,1314,667
2004,Built Area,Kanpur,Semi-Furnished,13605431,1371,694
1992,Built Area,Chandigarh,Furnished,13605275,1377,677
2019,Plot Area,Hyderabad,Furnished,13605142,1410,715
2018,Plot Area,Thane,Unfurnished,13605043,1341,674
2007,Plot Area,Mumbai,Unfurnished,13604884,1331,659
2013,Plot Area,Agra,Furnished,13604642,1326,661
2011,Plot Area,Pune,Unfurnished,13604586,1361,668
1997,Carpet Area,Faridabad,Furnished,13603884,1308,662
2010,Carpet Area,Pune,Semi-Furnished,13603488,1324,660
2010,Plot Area,Gwalior,Furnished,13602962,1398,678
1990,Super Area,Mumbai,Unfurnished,13602495,1395,679
1994,Built Area,Rajkot,Semi-Furnished,13601997,1338,676
2013,Built Area,Kolkata,Furnished,13601642,1351,671
2008,Super Area,Thane,Unfurnished,13599729,1332,660
1999,Carpet Area,Mumbai,Semi-Furnished,13599486,1308,665
2015,Super Area,Visakhapatnam,Unfurnished,13598875,1345,682
2011,Super Area,Lucknow,Semi-Furnished,13598714,1358,682
1991,Super Area,Ahmedabad,Semi-Furnished,13598706,1319,666
2016,Super Area,Kolkata,Semi-Furnished,13598659,1333,684
1991,Super Area,Chennai,Semi-Furnished,13598601,1313,663
2001,Carpet Area,Patna,Unfurnished,13598218,1284,648
2014,Plot Area,Patna,Furnished,13597856,1337,664
2000,Super Area,Lucknow,Furnished,13597581,1388,702
2020,Carpet Area,Navi Mumbai,Unfurnished,13597158,1300,654
2000,Carpet Area,Mumbai,Semi-Furnished,13596810,1335,664
2003,Carpet Area,Chennai,Furnished,13596807,1393,687
2018,Plot Area,Rajkot,Semi-Furnished,13596552,1340,662
1993,Carpet Area,Mangalore,Furnished,13595912,1333,671
2005,Plot Area,Meerut,Unfurnished,13595844,1333,665
2015,Plot Area,Hyderabad,Unfurnished,13595840,1323,674
1995,Super Area,Patna,Furnished,13595792,1358,693
1998,Built Area,Delhi,Unfurnished,13595746,1375,681
1997,Carpet Area,Bhopal,Furnished,13595726,1390,700
2018,Carpet Area,Varanasi,Furnished,13595435,1328,654
2019,Super Area,Noida,Furnished,13595378,1343,684
1998,Super Area,Mumbai,Unfurnished,13595367,1305,661
1990,Super Area,Vijayawada,Unfurnished,13595171,1367,671
2014,Carpet Area,Bhopal,Unfurnished,13594661,1326,663
2018,Plot Area,Noida,Furnished,13594458,1359,670
2012,Built Area,Jodhpur,Furnished,13594234,1362,665
2008,Plot Area,Jaipur,Unfurnished,13594006,1319,668
2015,Plot Area,Visakhapatnam,Furnished,13593332,1346,662
2013,Super Area,Vadodara,Semi-Furnished,13593267,1362,689
2006,Carpet Area,Meerut,Unfurnished,13593156,1342,682
1991,Built Area,Mysore,Unfurnished,13593143,1452,700
2021,Carpet Area,Mangalore,Unfurnished,13593142,1364,677
2007,Super Area,Coimbatore,Semi-Furnished,13592770,1392,675
1995,Plot Area,Visakhapatnam,Semi-Furnished,13591844,1408,697
2001,Carpet Area,Indore,Furnished,13591822,1332,676
2019,Super Area,Coimbatore,Unfurnished,13591718,1404,683
2020,Plot Area,Aurangabad,Furnished,13590920,1336,670
1990,Built Area,Rajkot,Semi-Furnished,13590769,1320,666
1993,Plot Area,Indore,Semi-Furnished,13590658,1331,684
2009,Plot Area,Amritsar,Semi-Furnished,13590249,1361,685
1993,Super Area,Bhopal,Unfurnished,13589979,1380,685
2012,Carpet Area,Varanasi,Unfurnished,13588838,1345,673
2007,Built Area,Kolkata,Unfurnished,13588600,1347,668
2020,Plot Area,Hyderabad,Furnished,13588520,1293,655
2017,Plot Area,Thane,Unfurnished,13588469,1369,680
1990,Built Area,Vijayawada,Semi-Furnished,13588370,1365,702
2003,Super Area,Gwalior,Furnished,13588331,1372,684
2011,Carpet Area,Ghaziabad,Furnished,13588106,1408,696
1993,Plot Area,Faridabad,Unfurnished,13587923,1362,685
2012,Built Area,Faridabad,Furnished,13587922,1317,671
2001,Carpet Area,Varanasi,Unfurnished,13587732,1408,691
2006,Plot Area,Delhi,Furnished,13587503,1347,677
1995,Super Area,Ranchi,Unfurnished,13587240,1322,668
2011,Super Area,Bangalore,Semi-Furnished,13587013,1312,665
2016,Plot Area,Rajkot,Semi-Furnished,13586942,1321,660
2014,Carpet Area,Agra,Semi-Furnished,13586372,1316,663
2013,Carpet Area,Varanasi,Unfurnished,13586349,1340,653
2016,Built Area,Coimbatore,Semi-Furnished,13586227,1296,658
2014,Super Area,Rajkot,Semi-Furnished,13586149,1295,656
1994,Carpet Area,Varanasi,Furnished,13586040,1388,687
1991,Carpet Area,Faridabad,Furnished,13585962,1384,684
1999,Built Area,Mangalore,Furnished,13585949,1332,669
2021,Built Area,Hyderabad,Furnished,13585934,1320,651
1991,Built Area,Mysore,Furnished,13585678,1343,691
2000,Super Area,Kanpur,Semi-Furnished,13585239,1351,674
2009,Built Area,Agra,Semi-Furnished,13585091,1372,683
2021,Carpet Area,Pune,Semi-Furnished,13584498,1282,641
1997,Super Area,Indore,Semi-Furnished,13584452,1382,691
1995,Plot Area,Ahmedabad,Semi-Furnished,13583209,1362,682
1991,Carpet Area,Indore,Unfurnished,13583121,1311,660
1992,Carpet Area,Aurangabad,Furnished,13583036,1417,707
1990,Built Area,Chennai,Unfurnished,13582977,1353,675
2016,Plot Area,Mumbai,Unfurnished,13582911,1427,686
2004,Built Area,Ghaziabad,Semi-Furnished,13582786,1372,690
1999,Plot Area,Patna,Furnished,13582426,1293,645
2011,Carpet Area,Kolkata,Semi-Furnished,13582364,1409,680
2009,Super Area,Vijayawada,Furnished,13581686,1280,647
1990,Carpet Area,Indore,Unfurnished,13581595,1369,670
2013,Carpet Area,Vijayawada,Unfurnished,13581471,1353,688
2006,Plot Area,Ahmedabad,Furnished,13581458,1315,667
2017,Super Area,Chennai,Furnished,13581196,1361,680
2009,Plot Area,Navi Mumbai,Semi-Furnished,13581070,1369,679
2016,Plot Area,Coimbatore,Semi-Furnished,13580696,1328,661
2002,Plot Area,Bhopal,Semi-Furnished,13580627,1348,676
1996,Carpet Area,Jodhpur,Furnished,13580080,1352,669
2008,Carpet Area,Visakhapatnam,Furnished,13579881,1375,677
1995,Plot Area,Indore,Unfurnished,13579718,1367,681
1995,Plot Area,Hyderabad,Unfurnished,13579701,1368,686
2001,Carpet Area,Noida,Unfurnished,13579580,1333,667
2001,Carpet Area,Thane,Unfurnished,13579434,1341,676
2000,Plot Area,Bangalore,Unfurnished,13579407,1380,689
2004,Built Area,Nashik,Furnished,13579227,1329,674
1994,Super Area,Agra,Unfurnished,13578690,1355,666
2020,Super Area,Aurangabad,Unfurnished,13578207,1420,704
1998,Carpet Area,Gwalior,Semi-Furnished,13577984,1380,690
1997,Carpet Area,Mangalore,Unfurnished,13577821,1360,670
2004,Carpet Area,Nagpur,Semi-Furnished,13577663,1357,670
2017,Built Area,Ghaziabad,Semi-Furnished,13577563,1373,690
1992,Super Area,Kolkata,Furnished,13577511,1378,683
2008,Carpet Area,Patna,Furnished,13576690,1340,664
2012,Carpet Area,Coimbatore,Semi-Furnished,13575544,1392,678
2019,Built Area,Navi Mumbai,Furnished,13575172,1369,691
1996,Built Area,Vadodara,Semi-Furnished,13574523,1291,668
2021,Super Area,Jodhpur,Unfurnished,13573874,1377,688
1994,Super Area,Visakhapatnam,Semi-Furnished,13573656,1326,660
1996,Carpet Area,Lucknow,Furnished,13573222,1368,700
1995,Plot Area,Nagpur,Furnished,13573109,1378,685
2016,Super Area,Nagpur,Furnished,13573014,1344,661
2004,Built Area,Varanasi,Semi-Furnished,13572877,1311,675
2010,Built Area,Nashik,Unfurnished,13572841,1344,664
2018,Super Area,Ranchi,Semi-Furnished,13572219,1298,648
1990,Built Area,Aurangabad,Unfurnished,13571998,1330,689
1992,Super Area,Ghaziabad,Semi-Furnished,13571575,1301,656
2002,Super Area,Surat,Furnished,13571511,1335,667
2008,Carpet Area,Jaipur,Semi-Furnished,13571324,1353,697
2006,Super Area,Indore,Unfurnished,13571226,1385,686
2000,Carpet Area,Mysore,Unfurnished,13570754,1305,670
1993,Built Area,Vijayawada,Unfurnished,13570385,1367,678
2020,Carpet Area,Ludhiana,Furnished,13570358,1359,676
2008,Plot Area,Kolkata,Unfurnished,13570165,1336,673
2021,Plot Area,Mangalore,Unfurnished,13568881,1343,687
2010,Built Area,Noida,Furnished,13568655,1402,696
2013,Plot Area,Surat,Unfurnished,13568509,1350,676
2015,Carpet Area,Pune,Semi-Furnished,13568446,1313,657
2001,Carpet Area,Amritsar,Semi-Furnished,13568197,1331,652
2003,Super Area,Chandigarh,Semi-Furnished,13568140,1292,679
2012,Carpet Area,Nashik,Unfurnished,13567817,1329,658
2014,Built Area,Agra,Unfurnished,13567738,1360,682
2011,Built Area,Chandigarh,Furnished,13567450,1390,693
2008,Carpet Area,Varanasi,Furnished,13567353,1329,672
1991,Carpet Area,Ranchi,Furnished,13567237,1344,669
2008,Super Area,Hyderabad,Semi-Furnished,13567196,1355,681
1997,Super Area,Chandigarh,Semi-Furnished,13566627,1364,676
2013,Carpet Area,Visakhapatnam,Furnished,13566002,1363,690
2008,Built Area,Ghaziabad,Unfurnished,13565781,1403,690
2008,Super Area,Gwalior,Unfurnished,13565751,1401,691
2005,Super Area,Kanpur,Semi-Furnished,13565630,1324,664
2018,Built Area,Agra,Semi-Furnished,13565449,1365,683
1999,Plot Area,Aurangabad,Furnished,13565246,1311,655
1999,Carpet Area,Visakhapatnam,Semi-Furnished,13564953,1363,674
2010,Built Area,Mysore,Semi-Furnished,13564907,1356,662
2010,Carpet Area,Mysore,Semi-Furnished,13564721,1372,659
1991,Built Area,Kanpur,Unfurnished,13564625,1423,701
2012,Built Area,Aurangabad,Unfurnished,13563731,1413,713
1990,Built Area,Rajkot,Unfurnished,13563305,1352,686
2001,Carpet Area,Kalyan-Dombivli,Semi-Furnished,13563273,1296,672
1991,Built Area,Nashik,Furnished,13563259,1307,684
1999,Plot Area,Kalyan-Dombivli,Unfurnished,13563230,1331,664
1995,Built Area,Navi Mumbai,Semi-Furnished,13563222,1331,654
2002,Built Area,Delhi,Furnished,13562325,1351,666
2020,Carpet Area,Aurangabad,Semi-Furnished,13561353,1299,660
1992,Built Area,Jaipur,Furnished,13561189,1339,660
2019,Built Area,Nashik,Furnished,13561040,1385,690
2016,Built Area,Chandigarh,Furnished,13560986,1347,682
2018,Super Area,Jodhpur,Semi-Furnished,13560572,1315,669
2019,Carpet Area,Varanasi,Unfurnished,13560392,1367,682
2016,Plot Area,Pune,Furnished,13560023,1351,693
2010,Built Area,Meerut,Semi-Furnished,13559759,1395,682
2004,Plot Area,Jodhpur,Unfurnished,13559752,1346,664
1993,Built Area,Nashik,Semi-Furnished,13559179,1348,655
1993,Plot Area,Vadodara,Furnished,13558590,1405,678
1997,Carpet Area,Faridabad,Semi-Furnished,13558502,1357,690
2011,Super Area,Delhi,Unfurnished,13557922,1354,691
2002,Carpet Area,Agra,Semi-Furnished,13557371,1320,639
2011,Carpet Area,Mysore,Unfurnished,13557133,1379,684
2017,Plot Area,Vadodara,Semi-Furnished,13556757,1309,663
2013,Super Area,Chennai,Unfurnished,13556386,1325,671
1999,Carpet Area,Jodhpur,Semi-Furnished,13556265,1328,666
1996,Built Area,Chandigarh,Unfurnished,13556055,1357,670
1998,Plot Area,Noida,Furnished,13555623,1287,652
2011,Plot Area,Jodhpur,Semi-Furnished,13555427,1391,686
2002,Carpet Area,Delhi,Semi-Furnished,13555320,1373,691
1992,Carpet Area,Faridabad,Unfurnished,13555007,1396,696
2001,Built Area,Pune,Semi-Furnished,13554551,1407,701
2001,Super Area,Thane,Furnished,13554104,1357,676
2003,Super Area,Kanpur,Semi-Furnished,13554093,1340,666
1995,Super Area,Coimbatore,Semi-Furnished,13552967,1379,679
1996,Carpet Area,Ahmedabad,Unfurnished,13552894,1351,693
2010,Plot Area,Nashik,Unfurnished,13552735,1370,684
1992,Carpet Area,Pune,Semi-Furnished,13552517,1383,678
2010,Carpet Area,Indore,Unfurnished,13552338,1331,667
1994,Super Area,Kanpur,Semi-Furnished,13552019,1356,684
2008,Built Area,Aurangabad,Furnished,13551689,1342,661
1996,Super Area,Jaipur,Furnished,13551478,1326,666
1991,Super Area,Aurangabad,Unfurnished,13551412,1361,693
2010,Plot Area,Pune,Semi-Furnished,13551366,1441,711
1998,Super Area,Jodhpur,Unfurnished,13550833,1322,672
1990,Built Area,Coimbatore,Furnished,13550825,1292,652
2015,Carpet Area,Rajkot,Semi-Furnished,13550143,1365,670
2018,Super Area,Indore,Unfurnished,13549680,1420,690
1992,Super Area,Chandigarh,Unfurnished,13549566,1350,674
2000,Plot Area,Amritsar,Furnished,13549559,1405,683
2001,Super Area,Delhi,Furnished,13549458,1266,659
2006,Carpet Area,Ahmedabad,Semi-Furnished,13549257,1287,647
1992,Super Area,Ghaziabad,Furnished,13549106,1328,664
2021,Carpet Area,Varanasi,Semi-Furnished,13548295,1364,694
1994,Super Area,Delhi,Unfurnished,13547654,1344,659
2014,Carpet Area,Bhopal,Semi-Furnished,13546524,1430,707
1998,Plot Area,Rajkot,Unfurnished,13546201,1417,696
1993,Carpet Area,Noida,Semi-Furnished,13546109,1401,693
2015,Carpet Area,Faridabad,Semi-Furnished,13545860,1362,673
1993,Built Area,Kalyan-Dombivli,Furnished,13545769,1299,659
2021,Built Area,Coimbatore,Furnished,13545739,1305,669
2000,Carpet Area,Faridabad,Semi-Furnished,13545180,1301,654
1993,Carpet Area,Noida,Unfurnished,13545037,1351,678
2000,Plot Area,Chennai,Furnished,13544864,1406,681
2007,Built Area,Lucknow,Furnished,13544849,1421,705
1990,Carpet Area,Jaipur,Unfurnished,13544685,1307,653
2001,Plot Area,Vijayawada,Unfurnished,13544623,1348,677
2020,Built Area,Aurangabad,Semi-Furnished,13544443,1278,647
1990,Plot Area,Chennai,Unfurnished,13544421,1388,694
1999,Built Area,Rajkot,Semi-Furnished,13543308,1352,670
1991,Plot Area,Kalyan-Dombivli,Unfurnished,13542320,1372,687
2013,Super Area,Mangalore,Semi-Furnished,13542303,1337,671
1998,Carpet Area,Mysore,Semi-Furnished,13542269,1323,663
1995,Super Area,Vadodara,Furnished,13542185,1338,682
2004,Built Area,Pune,Furnished,13541852,1330,668
1997,Super Area,Agra,Unfurnished,13541529,1358,670
2002,Super Area,Agra,Unfurnished,13541507,1308,676
1991,Plot Area,Mangalore,Furnished,13541233,1353,686
1999,Carpet Area,Visakhapatnam,Unfurnished,13540829,1333,668
2011,Carpet Area,Jaipur,Unfurnished,13540775,1278,651
2005,Carpet Area,Patna,Furnished,13540561,1363,689
2010,Carpet Area,Hyderabad,Unfurnished,13540526,1325,677
2006,Plot Area,Rajkot,Semi-Furnished,13540510,1391,681
2020,Super Area,Rajkot,Furnished,13540346,1336,677
1992,Carpet Area,Jodhpur,Unfurnished,13539534,1351,673
2019,Carpet Area,Chennai,Unfurnished,13539256,1327,673
2010,Plot Area,Navi Mumbai,Furnished,13539177,1351,666
2017,Carpet Area,Kanpur,Furnished,13539007,1402,695
2007,Built Area,Ghaziabad,Furnished,13538742,1395,691
2007,Super Area,Chennai,Semi-Furnished,13538590,1356,682
2001,Plot Area,Pune,Semi-Furnished,13538531,1333,677
2003,Plot Area,Bhopal,Semi-Furnished,13538199,1236,624
2018,Plot Area,Mangalore,Semi-Furnished,13538151,1358,687
1991,Built Area,Mangalore,Unfurnished,13538061,1291,655
2021,Super Area,Gwalior,Furnished,13537789,1356,681
2020,Built Area,Meerut,Furnished,13537521,1297,661
2016,Carpet Area,Ranchi,Semi-Furnished,13537471,1443,702
1990,Plot Area,Mysore,Unfurnished,13537454,1286,648
2015,Carpet Area,Mumbai,Furnished,13537260,1324,678
2001,Built Area,Navi Mumbai,Semi-Furnished,13537207,1362,704
2020,Carpet Area,Pune,Unfurnished,13536594,1279,650
2010,Carpet Area,Mysore,Unfurnished,13536506,1322,652
2020,Plot Area,Mysore,Furnished,13536331,1372,672
1997,Built Area,Jodhpur,Semi-Furnished,13536214,1369,700
2021,Carpet Area,Vadodara,Furnished,13536034,1320,675
2018,Plot Area,Varanasi,Furnished,13536023,1351,673
2014,Carpet Area,Kolkata,Unfurnished,13535887,1326,653
2018,Carpet Area,Surat,Unfurnished,13535524,1399,681
1992,Super Area,Kolkata,Unfurnished,13535387,1358,688
2011,Plot Area,Amritsar,Semi-Furnished,13535360,1309,664
1999,Built Area,Jaipur,Semi-Furnished,13535001,1373,699
1995,Carpet Area,Noida,Semi-Furnished,13534919,1392,706
2005,Super Area,Agra,Furnished,13534838,1358,689
1998,Built Area,Kalyan-Dombivli,Semi-Furnished,13534077,1379,690
2007,Super Area,Bhopal,Semi-Furnished,13533879,1382,686
2011,Carpet Area,Thane,Unfurnished,13533533,1363,677
2001,Plot Area,Bhopal,Unfurnished,13533242,1413,697
2009,Built Area,Ranchi,Semi-Furnished,13532997,1397,687
2012,Plot Area,Agra,Furnished,13532729,1333,663
2001,Plot Area,Agra,Unfurnished,13532360,1331,662
2000,Built Area,Bangalore,Furnished,13532112,1360,681
1991,Super Area,Thane,Unfurnished,13531953,1368,686
1993,Plot Area,Aurangabad,Furnished,13531915,1434,708
2011,Carpet Area,Delhi,Unfurnished,13530987,1332,661
2000,Super Area,Mumbai,Unfurnished,13530560,1320,660
2008,Built Area,Pune,Unfurnished,13530425,1340,664
2021,Built Area,Gwalior,Furnished,13529825,1326,678
1995,Built Area,Ranchi,Semi-Furnished,13529758,1349,673
1995,Built Area,Gwalior,Unfurnished,13529381,1378,677
2007,Carpet Area,Indore,Unfurnished,13529267,1373,693
2020,Super Area,Vadodara,Furnished,13528774,1355,703
2011,Carpet Area,Varanasi,Furnished,13528391,1395,691
2010,Built Area,Bangalore,Furnished,13528246,1331,668
2000,Super Area,Ahmedabad,Semi-Furnished,13528207,1214,626
1998,Plot Area,Ludhiana,Furnished,13527969,1337,674
2014,Built Area,Chandigarh,Semi-Furnished,13527680,1309,662
2007,Built Area,Bangalore,Unfurnished,13527596,1371,691
2017,Carpet Area,Mumbai,Unfurnished,13527344,1375,676
1991,Plot Area,Thane,Unfurnished,13526976,1335,673
2015,Built Area,Chandigarh,Semi-Furnished,13526927,1335,673
2006,Carpet Area,Chennai,Furnished,13526813,1383,686
1999,Built Area,Rajkot,Unfurnished,13526784,1405,696
1994,Super Area,Chennai,Semi-Furnished,13526519,1314,669
2002,Carpet Area,Aurangabad,Semi-Furnished,13525794,1386,683
1991,Built Area,Bangalore,Semi-Furnished,13525680,1391,694
2004,Built Area,Bangalore,Semi-Furnished,13525539,1368,667
2016,Built Area,Navi Mumbai,Semi-Furnished,13525466,1301,658
1992,Super Area,Lucknow,Unfurnished,13525448,1303,665
2012,Built Area,Ludhiana,Semi-Furnished,13525423,1349,657
1995,Plot Area,Chennai,Unfurnished,13524958,1348,666
1991,Carpet Area,Faridabad,Unfurnished,13524887,1414,701
1997,Carpet Area,Visakhapatnam,Semi-Furnished,13524503,1343,662
1993,Plot Area,Rajkot,Furnished,13524266,1398,683
2018,Built Area,Ghaziabad,Semi-Furnished,13524200,1365,678
1993,Built Area,Mysore,Unfurnished,13524109,1320,668
2021,Carpet Area,Kanpur,Semi-Furnished,13523759,1266,645
2003,Carpet Area,Pune,Furnished,13523687,1402,691
2020,Carpet Area,Jaipur,Semi-Furnished,13522228,1283,662
2012,Plot Area,Ludhiana,Semi-Furnished,13521980,1380,666
2017,Plot Area,Bhopal,Semi-Furnished,13521748,1360,691
2014,Built Area,Chennai,Furnished,13521674,1327,662
2021,Super Area,Varanasi,Furnished,13521593,1324,669
1999,Carpet Area,Noida,Semi-Furnished,13521571,1315,660
2016,Carpet Area,Indore,Semi-Furnished,13521362,1330,663
2003,Super Area,Rajkot,Unfurnished,13521151,1366,681
2017,Plot Area,Agra,Furnished,13520880,1355,674
2016,Plot Area,Patna,Semi-Furnished,13520794,1380,671
2014,Plot Area,Surat,Unfurnished,13520527,1365,671
2006,Plot Area,Jaipur,Unfurnished,13520440,1338,659
2000,Plot Area,Ahmedabad,Furnished,13520044,1275,634
2003,Carpet Area,Noida,Unfurnished,13519191,1341,681
2006,Plot Area,Agra,Furnished,13519043,1347,665
1996,Carpet Area,Delhi,Unfurnished,13518949,1320,649
2009,Carpet Area,Nashik,Furnished,13518839,1325,681
2014,Super Area,Nagpur,Semi-Furnished,13518818,1401,692
1999,Built Area,Varanasi,Unfurnished,13518794,1301,656
2000,Plot Area,Mumbai,Semi-Furnished,13517918,1369,673
2003,Plot Area,Ghaziabad,Unfurnished,13517526,1363,685
2006,Super Area,Meerut,Semi-Furnished,13517518,1326,662
2015,Plot Area,Gwalior,Unfurnished,13517465,1350,680
2013,Carpet Area,Bangalore,Semi-Furnished,13517294,1343,671
2019,Built Area,Mysore,Semi-Furnished,13517111,1249,635
2016,Plot Area,Kanpur,Furnished,13517075,1386,692
2015,Super Area,Ludhiana,Furnished,13516992,1366,672
2005,Built Area,Agra,Semi-Furnished,13516585,1383,689
2017,Built Area,Patna,Semi-Furnished,13516180,1351,692
2001,Carpet Area,Mumbai,Furnished,13516080,1311,661
2002,Plot Area,Surat,Furnished,13516019,1308,650
2016,Built Area,Lucknow,Unfurnished,13515958,1248,643
1993,Super Area,Mumbai,Unfurnished,13515556,1352,660
2020,Carpet Area,Amritsar,Unfurnished,13515448,1345,665
2014,Built Area,Jodhpur,Unfurnished,13515343,1332,666
2017,Carpet Area,Navi Mumbai,Unfurnished,13515169,1332,659
2007,Built Area,Faridabad,Semi-Furnished,13514894,1307,650
1999,Plot Area,Ahmedabad,Semi-Furnished,13514149,1371,664
2015,Plot Area,Vijayawada,Unfurnished,13514129,1385,691
2008,Built Area,Ghaziabad,Furnished,13513872,1401,700
2016,Carpet Area,Kolkata,Unfurnished,13513824,1306,670
2015,Plot Area,Faridabad,Unfurnished,13513787,1335,663
1996,Plot Area,Vijayawada,Unfurnished,13513742,1385,684
2006,Carpet Area,Chennai,Semi-Furnished,13513398,1381,675
1997,Plot Area,Kanpur,Furnished,13513110,1335,682
2003,Super Area,Bhopal,Unfurnished,13512981,1353,675
2010,Built Area,Faridabad,Furnished,13512767,1346,681
2020,Plot Area,Aurangabad,Unfurnished,13512713,1388,693
1991,Super Area,Varanasi,Unfurnished,13512244,1354,643
1991,Super Area,Vijayawada,Furnished,13512175,1418,706
2015,Built Area,Chandigarh,Furnished,13511516,1293,642
1996,Built Area,Delhi,Furnished,13511239,1348,676
1997,Plot Area,Jodhpur,Semi-Furnished,13511230,1394,682
2006,Super Area,Nashik,Furnished,13511110,1358,679
2020,Plot Area,Varanasi,Semi-Furnished,13510657,1412,693
1996,Carpet Area,Faridabad,Furnished,13510610,1360,678
2005,Plot Area,Nagpur,Semi-Furnished,13510555,1399,698
1991,Plot Area,Visakhapatnam,Furnished,13510539,1319,665
2007,Carpet Area,Nagpur,Furnished,13510369,1372,680
2013,Super Area,Bhopal,Furnished,13510316,1274,647
2009,Super Area,Lucknow,Unfurnished,13510131,1395,683
2012,Super Area,Kanpur,Furnished,13510094,1289,653
1996,Carpet Area,Indore,Unfurnished,13509944,1328,676
1993,Carpet Area,Chennai,Semi-Furnished,13509591,1399,701
2013,Super Area,Surat,Unfurnished,13509357,1297,663
1993,Super Area,Thane,Furnished,13509283,1425,698
2012,Plot Area,Mysore,Unfurnished,13509249,1317,680
1998,Built Area,Lucknow,Unfurnished,13508845,1380,687
2011,Plot Area,Hyderabad,Semi-Furnished,13508095,1350,685
2008,Built Area,Amritsar,Furnished,13507970,1420,703
2005,Super Area,Bangalore,Unfurnished,13506836,1324,656
2011,Super Area,Gwalior,Semi-Furnished,13506672,1321,683
1993,Plot Area,Faridabad,Semi-Furnished,13506487,1335,670
2003,Built Area,Patna,Furnished,13506475,1311,665
2003,Super Area,Ranchi,Semi-Furnished,13506400,1417,707
2015,Carpet Area,Chandigarh,Semi-Furnished,13506086,1363,683
1997,Built Area,Chennai,Semi-Furnished,13506004,1323,677
2015,Carpet Area,Bangalore,Unfurnished,13505772,1350,678
2002,Plot Area,Pune,Unfurnished,13505765,1352,679
2006,Plot Area,Kolkata,Unfurnished,13505748,1307,638
2010,Super Area,Noida,Furnished,13505486,1380,685
2011,Carpet Area,Patna,Unfurnished,13505146,1351,688
1999,Carpet Area,Bangalore,Semi-Furnished,13504964,1345,674
2016,Carpet Area,Nagpur,Furnished,13504666,1333,676
2002,Built Area,Chandigarh,Unfurnished,13504449,1337,663
1997,Super Area,Nashik,Unfurnished,13504352,1344,669
1999,Plot Area,Coimbatore,Furnished,13503752,1263,643
1990,Plot Area,Kanpur,Semi-Furnished,13503337,1362,681
1997,Super Area,Visakhapatnam,Furnished,13503332,1384,690
1992,Super Area,Kolkata,Semi-Furnished,13503314,1353,673
1991,Plot Area,Mumbai,Furnished,13503293,1392,704
1993,Plot Area,Mumbai,Semi-Furnished,13503238,1359,690
1999,Built Area,Gwalior,Furnished,13503219,1303,649
2004,Super Area,Kolkata,Unfurnished,13503186,1364,675
1990,Plot Area,Nashik,Unfurnished,13503077,1362,688
2002,Built Area,Jodhpur,Furnished,13502980,1368,676
1996,Super Area,Indore,Semi-Furnished,13502836,1327,654
2014,Built Area,Mysore,Unfurnished,13502565,1371,685
2004,Super Area,Faridabad,Unfurnished,13502537,1369,693
2016,Carpet Area,Chennai,Semi-Furnished,13502068,1357,668
1991,Plot Area,Delhi,Semi-Furnished,13501871,1345,679
1994,Carpet Area,Jaipur,Semi-Furnished,13501535,1392,688
1990,Plot Area,Navi Mumbai,Furnished,13501474,1345,659
2001,Super Area,Nagpur,Unfurnished,13501202,1310,666
1994,Plot Area,Aurangabad,Semi-Furnished,13501090,1350,670
2002,Carpet Area,Mangalore,Semi-Furnished,13500724,1367,673
2021,Carpet Area,Thane,Semi-Furnished,13500558,1374,695
2013,Carpet Area,Meerut,Furnished,13500268,1319,669
2005,Super Area,Chandigarh,Unfurnished,13500022,1387,700
2005,Super Area,Faridabad,Semi-Furnished,13499824,1313,657
1999,Carpet Area,Meerut,Unfurnished,13499455,1369,669
2018,Carpet Area,Patna,Furnished,13498210,1370,673
2021,Super Area,Coimbatore,Furnished,13498121,1355,674
2008,Plot Area,Jodhpur,Semi-Furnished,13498059,1349,679
2021,Super Area,Indore,Unfurnished,13498024,1325,673
1992,Built Area,Jaipur,Semi-Furnished,13497988,1404,698
2018,Super Area,Vadodara,Semi-Furnished,13497850,1329,666
2004,Carpet Area,Gwalior,Furnished,13497395,1385,697
2004,Carpet Area,Pune,Semi-Furnished,13497280,1375,669
1993,Carpet Area,Nagpur,Furnished,13496214,1313,679
1993,Carpet Area,Nagpur,Semi-Furnished,13496166,1372,679
2014,Carpet Area,Ranchi,Semi-Furnished,13496032,1349,683
1992,Super Area,Ludhiana,Furnished,13495676,1291,644
2019,Built Area,Kalyan-Dombivli,Unfurnished,13495573,1364,684
2001,Plot Area,Mysore,Unfurnished,13495153,1398,687
2016,Carpet Area,Ahmedabad,Unfurnished,13495079,1324,663
1999,Carpet Area,Vijayawada,Semi-Furnished,13494930,1329,661
1993,Built Area,Aurangabad,Furnished,13494783,1270,639
2011,Plot Area,Gwalior,Semi-Furnished,13494737,1336,672
2005,Carpet Area,Bhopal,Semi-Furnished,13494597,1331,665
1996,Super Area,Aurangabad,Unfurnished,13494275,1308,664
2003,Built Area,Indore,Unfurnished,13493994,1331,667
1991,Built Area,Bangalore,Unfurnished,13493887,1282,664
1999,Plot Area,Thane,Unfurnished,13493867,1389,698
2018,Plot Area,Navi Mumbai,Unfurnished,13493773,1337,683
2009,Super Area,Ghaziabad,Unfurnished,13493182,1288,660
1991,Carpet Area,Patna,Unfurnished,13493022,1283,642
2010,Carpet Area,Amritsar,Unfurnished,13492831,1373,693
1998,Carpet Area,Ludhiana,Furnished,13492662,1352,680
2003,Built Area,Kalyan-Dombivli,Semi-Furnished,13492387,1402,693
2003,Plot Area,Ranchi,Furnished,13492058,1411,706
1993,Carpet Area,Surat,Unfurnished,13491766,1301,661
2017,Plot Area,Agra,Unfurnished,13491707,1346,659
2003,Plot Area,Kolkata,Furnished,13491627,1352,672
1990,Built Area,Pune,Semi-Furnished,13491416,1330,674
2011,Super Area,Ghaziabad,Semi-Furnished,13491325,1330,671
1995,Super Area,Varanasi,Furnished,13491140,1397,691
1992,Carpet Area,Vijayawada,Semi-Furnished,13491130,1373,693
2007,Super Area,Ahmedabad,Semi-Furnished,13491083,1399,698
2000,Carpet Area,Ahmedabad,Semi-Furnished,13490841,1417,701
2018,Super Area,Bhopal,Semi-Furnished,13490672,1429,704
2004,Carpet Area,Indore,Semi-Furnished,13490650,1365,675
2004,Built Area,Surat,Semi-Furnished,13490398,1336,674
2016,Built Area,Indore,Unfurnished,13490187,1326,672
1993,Plot Area,Agra,Furnished,13490110,1326,653
2001,Plot Area,Mumbai,Semi-Furnished,13489831,1346,680
2001,Super Area,Nagpur,Semi-Furnished,13489574,1380,692
2010,Carpet Area,Noida,Unfurnished,13489422,1256,647
1994,Plot Area,Ghaziabad,Unfurnished,13489210,1287,658
1994,Plot Area,Kanpur,Furnished,13489139,1356,675
1992,Built Area,Delhi,Unfurnished,13489093,1346,675
1993,Carpet Area,Patna,Furnished,13489048,1275,650
2008,Plot Area,Jaipur,Semi-Furnished,13488945,1360,679
1992,Super Area,Bhopal,Furnished,13488873,1296,660
1991,Plot Area,Rajkot,Furnished,13488837,1275,654
2019,Built Area,Nagpur,Unfurnished,13488391,1347,671
1992,Plot Area,Ludhiana,Semi-Furnished,13488103,1328,675
2012,Plot Area,Delhi,Semi-Furnished,13487924,1330,673
2000,Plot Area,Delhi,Furnished,13487883,1332,679
2008,Built Area,Ranchi,Furnished,13487861,1379,683
2005,Built Area,Vadodara,Semi-Furnished,13487750,1347,688
2020,Plot Area,Visakhapatnam,Semi-Furnished,13487517,1368,692
2021,Built Area,Vadodara,Unfurnished,13487241,1352,674
2014,Carpet Area,Delhi,Unfurnished,13487076,1289,652
1992,Super Area,Kanpur,Unfurnished,13486647,1360,684
2000,Plot Area,Ranchi,Furnished,13486596,1316,660
1992,Built Area,Nagpur,Furnished,13486241,1372,682
2013,Carpet Area,Chandigarh,Furnished,13486224,1364,684
1994,Plot Area,Kalyan-Dombivli,Semi-Furnished,13485714,1345,678
2008,Plot Area,Ranchi,Semi-Furnished,13485263,1284,660
1991,Super Area,Kanpur,Furnished,13484501,1358,689
2012,Built Area,Kalyan-Dombivli,Furnished,13484488,1321,679
2013,Super Area,Noida,Unfurnished,13484420,1366,671
2001,Built Area,Meerut,Unfurnished,13484051,1361,687
2014,Carpet Area,Meerut,Semi-Furnished,13483997,1337,684
2016,Plot Area,Indore,Furnished,13483985,1340,659
2013,Plot Area,Noida,Furnished,13483859,1285,656
1993,Carpet Area,Vadodara,Semi-Furnished,13483859,1350,672
1991,Super Area,Kolkata,Unfurnished,13483258,1278,635
2006,Plot Area,Ranchi,Unfurnished,13482846,1412,687
2015,Built Area,Indore,Semi-Furnished,13482793,1379,688
2010,Super Area,Patna,Semi-Furnished,13482762,1351,666
1990,Super Area,Coimbatore,Semi-Furnished,13482753,1347,663
2000,Carpet Area,Bangalore,Furnished,13482700,1344,682
2010,Super Area,Chandigarh,Semi-Furnished,13482460,1319,672
1997,Super Area,Bangalore,Furnished,13482263,1351,680
1996,Super Area,Lucknow,Unfurnished,13481683,1341,676
2007,Carpet Area,Jodhpur,Furnished,13481599,1387,696
1997,Super Area,Nashik,Furnished,13481520,1298,647
2019,Built Area,Navi Mumbai,Unfurnished,13481377,1354,670
2004,Carpet Area,Ludhiana,Furnished,13481264,1356,667
2012,Built Area,Ranchi,Unfurnished,13481256,1390,690
2017,Carpet Area,Aurangabad,Unfurnished,13481094,1352,676
2002,Carpet Area,Agra,Unfurnished,13481043,1401,706
2017,Plot Area,Coimbatore,Unfurnished,13480827,1307,676
2001,Super Area,Kalyan-Dombivli,Semi-Furnished,13480616,1311,640
2015,Plot Area,Kolkata,Unfurnished,13480319,1374,702
2015,Carpet Area,Nashik,Furnished,13480077,1381,694
2008,Built Area,Ghaziabad,Semi-Furnished,13479973,1338,666
1991,Plot Area,Indore,Furnished,13479883,1306,664
2002,Super Area,Ahmedabad,Unfurnished,13479496,1339,659
1996,Super Area,Jodhpur,Unfurnished,13479445,1367,689
2005,Built Area,Faridabad,Unfurnished,13479416,1341,671
2012,Built Area,Noida,Unfurnished,13479022,1342,668
1990,Plot Area,Aurangabad,Furnished,13478207,1339,678
2014,Carpet Area,Ghaziabad,Furnished,13478103,1355,678
1999,Super Area,Nagpur,Furnished,13477973,1282,638
1996,Built Area,Vijayawada,Unfurnished,13477932,1388,680
2002,Built Area,Noida,Unfurnished,13477865,1397,681
2003,Super Area,Visakhapatnam,Semi-Furnished,13477822,1324,665
2011,Carpet Area,Ranchi,Furnished,13477640,1405,706
1998,Carpet Area,Indore,Unfurnished,13477506,1330,695
2019,Built Area,Faridabad,Semi-Furnished,13477490,1343,675
2004,Plot Area,Lucknow,Unfurnished,13477387,1369,681
1992,Super Area,Agra,Semi-Furnished,13477003,1291,659
2017,Built Area,Amritsar,Furnished,13476366,1313,671
1990,Super Area,Hyderabad,Unfurnished,13476335,1422,692
2012,Super Area,Hyderabad,Unfurnished,13476328,1365,686
1995,Plot Area,Indore,Semi-Furnished,13476187,1408,700
2020,Built Area,Patna,Furnished,13475953,1352,658
2011,Carpet Area,Gwalior,Unfurnished,13475952,1312,660
2016,Super Area,Faridabad,Unfurnished,13475400,1335,670
2010,Carpet Area,Chennai,Furnished,13475107,1325,681
2012,Plot Area,Rajkot,Furnished,13475058,1370,672
2008,Plot Area,Surat,Unfurnished,13474749,1439,695
1994,Built Area,Ahmedabad,Unfurnished,13474594,1293,661
1991,Carpet Area,Amritsar,Furnished,13474573,1371,688
2015,Carpet Area,Bangalore,Furnished,13474318,1252,627
1997,Built Area,Visakhapatnam,Furnished,13474298,1390,687
2004,Super Area,Varanasi,Furnished,13474037,1320,662
2006,Carpet Area,Kanpur,Semi-Furnished,13473999,1303,654
2016,Carpet Area,Aurangabad,Furnished,13473970,1349,688
2005,Carpet Area,Indore,Semi-Furnished,13473606,1388,694
1999,Built Area,Navi Mumbai,Semi-Furnished,13473605,1309,647
2016,Super Area,Ranchi,Semi-Furnished,13473571,1400,684
2020,Carpet Area,Rajkot,Semi-Furnished,13473456,1379,683
2018,Super Area,Chandigarh,Semi-Furnished,13473422,1359,684
2009,Super Area,Mangalore,Unfurnished,13472689,1361,676
2009,Built Area,Ludhiana,Semi-Furnished,13472487,1303,664
2012,Carpet Area,Amritsar,Semi-Furnished,13472374,1348,680
2004,Plot Area,Pune,Semi-Furnished,13472178,1315,644
1998,Built Area,Mysore,Semi-Furnished,13471766,1369,677
2001,Plot Area,Faridabad,Furnished,13471706,1387,676
2017,Built Area,Chennai,Furnished,13471464,1279,645
2004,Plot Area,Ludhiana,Furnished,13471207,1353,672
2021,Carpet Area,Delhi,Furnished,13471055,1338,684
1997,Plot Area,Nashik,Furnished,13470958,1345,661
1995,Carpet Area,Aurangabad,Semi-Furnished,13470912,1404,697
2020,Carpet Area,Bangalore,Semi-Furnished,13470483,1404,696
2005,Super Area,Pune,Furnished,13469993,1347,672
1991,Carpet Area,Kolkata,Semi-Furnished,13469701,1271,660
2015,Carpet Area,Nagpur,Semi-Furnished,13469686,1346,665
2004,Super Area,Ahmedabad,Unfurnished,13469683,1311,664
1997,Super Area,Vijayawada,Furnished,13469594,1303,650
2021,Super Area,Nagpur,Unfurnished,13469584,1239,645
2003,Plot Area,Thane,Semi-Furnished,13469195,1383,696
2010,Carpet Area,Ahmedabad,Unfurnished,13468875,1339,664
2004,Carpet Area,Lucknow,Unfurnished,13468137,1331,672
2015,Built Area,Agra,Semi-Furnished,13468114,1347,679
2001,Carpet Area,Agra,Unfurnished,13467518,1327,671
2005,Plot Area,Kanpur,Furnished,13467167,1286,648
2008,Super Area,Coimbatore,Semi-Furnished,13467159,1376,669
1994,Plot Area,Delhi,Unfurnished,13466966,1364,677
1995,Carpet Area,Mangalore,Furnished,13466682,1382,684
2007,Super Area,Faridabad,Unfurnished,13466682,1351,674
2016,Carpet Area,Chandigarh,Unfurnished,13466615,1416,694
2010,Super Area,Mumbai,Furnished,13466355,1290,654
2016,Carpet Area,Bhopal,Unfurnished,13466189,1308,645
2010,Carpet Area,Hyderabad,Furnished,13466036,1320,663
2007,Plot Area,Agra,Unfurnished,13465873,1330,670
2000,Built Area,Kanpur,Unfurnished,13465827,1359,678
2014,Super Area,Ranchi,Unfurnished,13465773,1394,686
1992,Plot Area,Delhi,Furnished,13465397,1320,673
2004,Built Area,Kalyan-Dombivli,Furnished,13465328,1383,676
2007,Carpet Area,Faridabad,Unfurnished,13464702,1367,686
2014,Carpet Area,Varanasi,Furnished,13464598,1367,680
2000,Built Area,Agra,Furnished,13464582,1345,648
2018,Carpet Area,Noida,Furnished,13464574,1331,673
2021,Plot Area,Vijayawada,Semi-Furnished,13464250,1343,661
2009,Carpet Area,Visakhapatnam,Semi-Furnished,13464091,1350,675
2001,Built Area,Visakhapatnam,Furnished,13464037,1320,665
2012,Built Area,Bhopal,Unfurnished,13463723,1378,695
1995,Built Area,Thane,Furnished,13463646,1301,649
2013,Built Area,Bangalore,Semi-Furnished,13463390,1336,670
2018,Super Area,Noida,Semi-Furnished,13463290,1411,695
2008,Built Area,Mumbai,Semi-Furnished,13463187,1331,664
1992,Carpet Area,Chandigarh,Furnished,13462812,1330,675
1996,Carpet Area,Hyderabad,Unfurnished,13462519,1329,671
2020,Built Area,Nashik,Unfurnished,13462369,1325,664
1992,Super Area,Nagpur,Furnished,13462365,1321,669
2009,Built Area,Faridabad,Unfurnished,13462353,1354,686
2006,Carpet Area,Rajkot,Semi-Furnished,13462317,1367,673
1998,Built Area,Agra,Semi-Furnished,13461766,1337,668
2007,Built Area,Kolkata,Semi-Furnished,13461705,1347,669
1999,Plot Area,Kolkata,Unfurnished,13461623,1334,669
2005,Carpet Area,Pune,Unfurnished,13461580,1334,668
1990,Plot Area,Pune,Unfurnished,13461517,1346,683
2019,Plot Area,Chandigarh,Unfurnished,13461444,1310,662
2014,Plot Area,Pune,Semi-Furnished,13461120,1412,698
2011,Super Area,Faridabad,Furnished,13460386,1372,688
2013,Carpet Area,Kolkata,Unfurnished,13460117,1361,683
2016,Built Area,Kalyan-Dombivli,Semi-Furnished,13460085,1376,690
2007,Built Area,Amritsar,Semi-Furnished,13459727,1271,645
2018,Built Area,Surat,Furnished,13459247,1320,667
2002,Super Area,Ranchi,Furnished,13459180,1286,655
2019,Built Area,Indore,Furnished,13458979,1279,644
1992,Plot Area,Varanasi,Semi-Furnished,13458898,1344,656
1995,Super Area,Ludhiana,Unfurnished,13458864,1398,701
2002,Super Area,Patna,Unfurnished,13458835,1322,662
2002,Built Area,Delhi,Unfurnished,13457787,1351,681
2001,Super Area,Lucknow,Semi-Furnished,13457675,1306,655
1994,Super Area,Aurangabad,Semi-Furnished,13457437,1341,666
2002,Carpet Area,Rajkot,Furnished,13456816,1290,646
2012,Super Area,Aurangabad,Furnished,13456531,1384,696
1998,Super Area,Pune,Furnished,13456209,1339,680
2007,Carpet Area,Kolkata,Furnished,13455955,1340,680
2010,Plot Area,Chandigarh,Semi-Furnished,13455638,1279,650
1999,Super Area,Ahmedabad,Furnished,13455605,1265,642
2004,Super Area,Kolkata,Furnished,13455386,1337,653
2012,Carpet Area,Aurangabad,Semi-Furnished,13455167,1357,675
1997,Super Area,Hyderabad,Unfurnished,13455163,1348,678
1990,Super Area,Kolkata,Furnished,13454817,1404,715
2005,Super Area,Noida,Unfurnished,13454709,1315,667
2013,Plot Area,Jaipur,Semi-Furnished,13454570,1330,663
2004,Super Area,Aurangabad,Unfurnished,13454234,1399,702
2010,Plot Area,Thane,Furnished,13454227,1353,681
2004,Built Area,Thane,Unfurnished,13454017,1415,678
2004,Built Area,Rajkot,Semi-Furnished,13453941,1321,665
2004,Plot Area,Varanasi,Furnished,13453867,1279,649
1992,Built Area,Pune,Unfurnished,13453829,1380,677
1995,Plot Area,Mysore,Unfurnished,13453820,1371,672
2003,Super Area,Kalyan-Dombivli,Unfurnished,13453795,1431,696
2010,Super Area,Aurangabad,Semi-Furnished,13453464,1377,708
2000,Built Area,Aurangabad,Semi-Furnished,13453331,1358,690
1993,Plot Area,Ghaziabad,Semi-Furnished,13453296,1313,662
1993,Carpet Area,Mangalore,Semi-Furnished,13453078,1349,684
2017,Super Area,Surat,Unfurnished,13452715,1392,694
1994,Built Area,Bangalore,Furnished,13452357,1291,645
2001,Plot Area,Vijayawada,Furnished,13452331,1341,650
1993,Super Area,Faridabad,Furnished,13452323,1300,660
1991,Carpet Area,Agra,Furnished,13451377,1381,687
2021,Super Area,Surat,Unfurnished,13451240,1335,674
1991,Built Area,Bhopal,Semi-Furnished,13451224,1395,673
2003,Built Area,Kolkata,Furnished,13450760,1331,673
2014,Plot Area,Coimbatore,Furnished,13450368,1273,652
1990,Plot Area,Pune,Semi-Furnished,13450321,1294,673
2007,Super Area,Vijayawada,Furnished,13450232,1388,710
1997,Plot Area,Bangalore,Furnished,13450096,1334,682
2004,Carpet Area,Meerut,Semi-Furnished,13449738,1349,652
1994,Plot Area,Patna,Furnished,13449285,1324,662
2016,Super Area,Mysore,Furnished,13449283,1350,670
2000,Carpet Area,Ghaziabad,Semi-Furnished,13449233,1349,678
2007,Super Area,Kolkata,Unfurnished,13449215,1355,679
2001,Plot Area,Surat,Semi-Furnished,13448817,1345,660
2005,Plot Area,Nagpur,Unfurnished,13448695,1353,671
1998,Carpet Area,Navi Mumbai,Semi-Furnished,13448640,1301,655
2012,Built Area,Rajkot,Furnished,13448550,1362,690
2018,Carpet Area,Nashik,Unfurnished,13448539,1343,679
1992,Super Area,Nashik,Furnished,13448359,1425,700
1995,Carpet Area,Bangalore,Furnished,13447873,1371,684
2016,Carpet Area,Coimbatore,Semi-Furnished,13447579,1333,669
2005,Carpet Area,Vijayawada,Semi-Furnished,13447545,1372,679
2017,Carpet Area,Jodhpur,Furnished,13447297,1332,670
2004,Super Area,Aurangabad,Furnished,13446916,1353,673
2003,Carpet Area,Lucknow,Unfurnished,13446618,1359,686
1993,Super Area,Noida,Semi-Furnished,13446589,1270,649
2010,Plot Area,Agra,Furnished,13446507,1351,681
1990,Plot Area,Indore,Unfurnished,13446331,1375,685
2011,Plot Area,Gwalior,Furnished,13446206,1360,683
1997,Plot Area,Vadodara,Furnished,13446155,1407,682
2003,Plot Area,Indore,Unfurnished,13446015,1332,660
1997,Plot Area,Rajkot,Unfurnished,13445871,1329,670
2010,Carpet Area,Ghaziabad,Furnished,13445782,1346,677
2003,Carpet Area,Ranchi,Semi-Furnished,13445444,1348,679
2006,Carpet Area,Navi Mumbai,Semi-Furnished,13445396,1356,684
1992,Carpet Area,Nagpur,Furnished,13444940,1365,677
2019,Super Area,Nagpur,Furnished,13444893,1323,682
2000,Plot Area,Jodhpur,Unfurnished,13444748,1344,686
2012,Plot Area,Hyderabad,Semi-Furnished,13444299,1340,656
1994,Plot Area,Aurangabad,Unfurnished,13444197,1318,659
1996,Built Area,Meerut,Unfurnished,13444150,1371,675
1996,Super Area,Meerut,Furnished,13444037,1334,681
2012,Carpet Area,Navi Mumbai,Unfurnished,13443973,1346,679
1994,Carpet Area,Navi Mumbai,Unfurnished,13443540,1398,705
2014,Plot Area,Mumbai,Furnished,13443489,1252,629
1994,Carpet Area,Chennai,Unfurnished,13443122,1337,672
2001,Super Area,Ahmedabad,Unfurnished,13442998,1274,660
2017,Built Area,Coimbatore,Furnished,13442592,1356,685
1995,Built Area,Bangalore,Unfurnished,13442178,1430,704
1999,Built Area,Vijayawada,Semi-Furnished,13441849,1339,680
1992,Plot Area,Ghaziabad,Semi-Furnished,13441698,1337,657
2020,Super Area,Patna,Furnished,13441648,1353,685
1995,Built Area,Faridabad,Unfurnished,13441217,1325,660
2009,Plot Area,Mysore,Furnished,13440872,1348,676
2019,Carpet Area,Faridabad,Furnished,13440855,1308,662
2015,Plot Area,Varanasi,Unfurnished,13440503,1367,679
1997,Super Area,Jodhpur,Semi-Furnished,13440244,1300,663
2001,Plot Area,Bhopal,Semi-Furnished,13440134,1263,652
2009,Built Area,Meerut,Semi-Furnished,13439997,1304,660
2001,Carpet Area,Lucknow,Unfurnished,13439825,1347,680
1991,Carpet Area,Kalyan-Dombivli,Unfurnished,13439444,1366,679
2020,Built Area,Mumbai,Unfurnished,13439422,1310,660
1995,Carpet Area,Kolkata,Semi-Furnished,13439207,1333,660
2007,Super Area,Chennai,Unfurnished,13439200,1372,677
2000,Built Area,Kalyan-Dombivli,Unfurnished,13438102,1366,688
1994,Built Area,Mangalore,Unfurnished,13437909,1326,671
1998,Carpet Area,Mangalore,Furnished,13437767,1347,678
2005,Carpet Area,Patna,Semi-Furnished,13437228,1309,657
1990,Built Area,Coimbatore,Unfurnished,13437150,1312,674
2014,Plot Area,Vijayawada,Semi-Furnished,13437120,1402,694
2007,Carpet Area,Kolkata,Semi-Furnished,13436280,1273,651
2002,Built Area,Agra,Unfurnished,13436081,1341,664
2016,Plot Area,Faridabad,Unfurnished,13435495,1323,649
1992,Plot Area,Bhopal,Semi-Furnished,13434727,1291,656
2021,Super Area,Jodhpur,Semi-Furnished,13434689,1355,675
2016,Super Area,Gwalior,Furnished,13434548,1362,673
2009,Plot Area,Gwalior,Furnished,13434057,1266,644
2006,Carpet Area,Bangalore,Semi-Furnished,13434039,1318,672
2009,Plot Area,Chandigarh,Unfurnished,13433969,1348,681
2016,Super Area,Amritsar,Semi-Furnished,13433959,1357,686
1999,Carpet Area,Ghaziabad,Furnished,13433540,1321,668
2009,Carpet Area,Varanasi,Furnished,13433415,1381,696
2000,Plot Area,Aurangabad,Semi-Furnished,13433412,1389,688
2011,Plot Area,Meerut,Furnished,13433318,1329,675
2011,Super Area,Pune,Unfurnished,13433308,1431,704
2016,Super Area,Chennai,Furnished,13433242,1298,638
2003,Built Area,Noida,Unfurnished,13432991,1338,679
2015,Super Area,Thane,Unfurnished,13432598,1264,632
1998,Built Area,Jodhpur,Unfurnished,13432465,1339,672
2012,Super Area,Vijayawada,Semi-Furnished,13432423,1372,673
1990,Carpet Area,Coimbatore,Semi-Furnished,13432123,1429,704
2007,Plot Area,Ranchi,Semi-Furnished,13432025,1234,634
2012,Built Area,Agra,Semi-Furnished,13431904,1371,677
1995,Plot Area,Aurangabad,Furnished,13431896,1407,693
2004,Plot Area,Navi Mumbai,Furnished,13431706,1329,676
2011,Carpet Area,Kolkata,Unfurnished,13431419,1357,683
2003,Carpet Area,Ranchi,Unfurnished,13431192,1370,680
2001,Built Area,Jodhpur,Furnished,13430983,1273,653
1992,Plot Area,Rajkot,Unfurnished,13430972,1346,675
2000,Plot Area,Nashik,Furnished,13430631,1296,653
2014,Built Area,Lucknow,Unfurnished,13430560,1398,680
1997,Carpet Area,Kalyan-Dombivli,Semi-Furnished,13430532,1321,671
1991,Plot Area,Vadodara,Semi-Furnished,13430459,1317,654
2012,Plot Area,Coimbatore,Semi-Furnished,13430443,1368,683
1995,Carpet Area,Rajkot,Furnished,13430440,1365,677
1995,Built Area,Varanasi,Furnished,13430154,1262,639
1996,Plot Area,Coimbatore,Unfurnished,13430099,1354,668
1999,Carpet Area,Vijayawada,Furnished,13429863,1380,684
1990,Carpet Area,Jodhpur,Furnished,13429790,1264,631
1999,Super Area,Bangalore,Semi-Furnished,13429713,1347,676
2008,Carpet Area,Mangalore,Furnished,13429426,1359,666
2017,Built Area,Bangalore,Unfurnished,13429084,1406,687
2013,Plot Area,Coimbatore,Furnished,13428891,1387,688
2015,Carpet Area,Chennai,Semi-Furnished,13428849,1335,676
2008,Super Area,Jaipur,Semi-Furnished,13428433,1350,689
1997,Super Area,Ludhiana,Semi-Furnished,13428383,1384,674
2006,Super Area,Noida,Furnished,13428347,1394,687
2000,Built Area,Ahmedabad,Furnished,13427922,1449,705
2007,Built Area,Amritsar,Furnished,13427836,1326,671
1992,Built Area,Hyderabad,Furnished,13427834,1337,678
2007,Built Area,Mysore,Furnished,13427631,1257,655
2003,Carpet Area,Nagpur,Semi-Furnished,13426919,1314,668
2013,Super Area,Ghaziabad,Furnished,13426903,1351,676
1996,Carpet Area,Nashik,Unfurnished,13426621,1475,705
1992,Plot Area,Rajkot,Semi-Furnished,13426565,1363,660
2013,Built Area,Navi Mumbai,Semi-Furnished,13426525,1432,697
2017,Built Area,Rajkot,Furnished,13426388,1288,652
2004,Super Area,Mysore,Semi-Furnished,13426113,1336,674
1993,Plot Area,Ahmedabad,Unfurnished,13425846,1372,672
2006,Super Area,Aurangabad,Furnished,13425463,1339,669
1990,Carpet Area,Meerut,Unfurnished,13424921,1343,662
2001,Plot Area,Agra,Furnished,13424650,1395,708
2019,Super Area,Noida,Semi-Furnished,13424541,1348,691
2005,Plot Area,Meerut,Furnished,13424463,1343,674
2012,Carpet Area,Kalyan-Dombivli,Furnished,13424446,1341,657
2013,Carpet Area,Vijayawada,Semi-Furnished,13424444,1292,657
2015,Plot Area,Meerut,Semi-Furnished,13424202,1382,694
2000,Carpet Area,Delhi,Furnished,13424072,1284,644
1996,Plot Area,Rajkot,Unfurnished,13423766,1375,679
2007,Plot Area,Meerut,Furnished,13423623,1359,687
2013,Built Area,Delhi,Semi-Furnished,13423522,1368,679
2018,Built Area,Thane,Furnished,13423475,1277,657
2016,Super Area,Jodhpur,Semi-Furnished,13423139,1299,645
1990,Plot Area,Varanasi,Furnished,13423131,1370,688
2021,Plot Area,Chennai,Unfurnished,13422653,1311,661
2005,Plot Area,Chennai,Semi-Furnished,13422593,1267,651
1990,Super Area,Ludhiana,Unfurnished,13422526,1322,682
1995,Carpet Area,Navi Mumbai,Furnished,13422292,1379,687
2011,Carpet Area,Jaipur,Semi-Furnished,13422084,1327,669
2004,Plot Area,Patna,Unfurnished,13422039,1334,657
2013,Super Area,Faridabad,Furnished,13421788,1388,680
1994,Plot Area,Visakhapatnam,Unfurnished,13421064,1411,690
1999,Built Area,Amritsar,Furnished,13421034,1311,649
2011,Carpet Area,Vadodara,Furnished,13420971,1341,672
2020,Plot Area,Kolkata,Furnished,13420691,1352,672
1999,Plot Area,Mangalore,Semi-Furnished,13420458,1295,665
1996,Super Area,Ahmedabad,Semi-Furnished,13420260,1360,694
2010,Super Area,Lucknow,Unfurnished,13419339,1369,691
2005,Super Area,Chandigarh,Furnished,13419263,1348,684
2000,Plot Area,Bhopal,Furnished,13419103,1276,656
2005,Plot Area,Noida,Furnished,13418980,1349,680
1990,Super Area,Faridabad,Unfurnished,13418632,1334,674
1999,Built Area,Ahmedabad,Unfurnished,13418544,1284,663
2010,Carpet Area,Ludhiana,Semi-Furnished,13418525,1298,658
2018,Super Area,Navi Mumbai,Furnished,13418468,1380,692
2006,Built Area,Meerut,Unfurnished,13418265,1351,676
1993,Plot Area,Agra,Semi-Furnished,13418111,1330,675
2001,Super Area,Nashik,Semi-Furnished,13418057,1318,656
2013,Super Area,Bangalore,Semi-Furnished,13418016,1363,679
2015,Super Area,Hyderabad,Unfurnished,13417590,1311,658
1996,Built Area,Jaipur,Unfurnished,13417259,1350,676
1998,Built Area,Ghaziabad,Semi-Furnished,13417151,1359,682
2015,Super Area,Chandigarh,Furnished,13416088,1355,696
2006,Carpet Area,Surat,Furnished,13416072,1335,667
1998,Plot Area,Amritsar,Furnished,13415918,1380,689
2016,Plot Area,Surat,Furnished,13415885,1348,668
1998,Built Area,Chandigarh,Unfurnished,13415239,1385,703
2004,Carpet Area,Rajkot,Unfurnished,13415138,1302,650
2007,Carpet Area,Faridabad,Furnished,13415101,1336,676
2010,Built Area,Navi Mumbai,Semi-Furnished,13415065,1359,689
1990,Plot Area,Chennai,Furnished,13414583,1343,674
2016,Carpet Area,Surat,Unfurnished,13414449,1389,676
2017,Carpet Area,Jodhpur,Semi-Furnished,13414366,1281,652
2017,Carpet Area,Bangalore,Semi-Furnished,13414015,1371,694
2018,Super Area,Mangalore,Unfurnished,13413822,1331,662
2005,Built Area,Amritsar,Semi-Furnished,13413215,1344,673
2009,Built Area,Ranchi,Furnished,13413174,1361,676
2002,Plot Area,Mumbai,Furnished,13412896,1320,669
2019,Carpet Area,Patna,Unfurnished,13412874,1335,664
2019,Super Area,Aurangabad,Furnished,13412855,1346,667
1998,Built Area,Amritsar,Semi-Furnished,13412241,1293,667
2000,Plot Area,Kanpur,Semi-Furnished,13412229,1360,680
2019,Built Area,Surat,Semi-Furnished,13411772,1352,672
2015,Built Area,Mysore,Unfurnished,13411619,1363,680
2018,Carpet Area,Patna,Semi-Furnished,13411436,1313,666
2010,Carpet Area,Rajkot,Semi-Furnished,13411075,1339,673
2010,Super Area,Mysore,Furnished,13411031,1386,699
2011,Built Area,Rajkot,Unfurnished,13410291,1369,681
2007,Super Area,Noida,Furnished,13410280,1374,684
2010,Built Area,Pune,Unfurnished,13410208,1392,694
1992,Carpet Area,Ranchi,Semi-Furnished,13410083,1333,671
1990,Super Area,Pune,Unfurnished,13410030,1270,652
2010,Built Area,Coimbatore,Semi-Furnished,13409994,1334,667
2016,Carpet Area,Kolkata,Semi-Furnished,13409883,1334,668
2010,Plot Area,Ghaziabad,Semi-Furnished,13409800,1340,671
2006,Built Area,Kalyan-Dombivli,Furnished,13409657,1338,670
1991,Super Area,Mumbai,Unfurnished,13409379,1357,686
2009,Built Area,Kolkata,Semi-Furnished,13409371,1298,663
2009,Super Area,Visakhapatnam,Furnished,13409287,1318,657
2010,Built Area,Indore,Unfurnished,13409265,1345,667
2013,Carpet Area,Mysore,Unfurnished,13408777,1304,654
2020,Built Area,Nashik,Furnished,13408096,1379,687
1993,Carpet Area,Faridabad,Furnished,13408068,1283,648
2007,Plot Area,Kanpur,Unfurnished,13407991,1284,655
1990,Super Area,Amritsar,Unfurnished,13407911,1388,688
2006,Built Area,Rajkot,Furnished,13407882,1359,676
2016,Super Area,Navi Mumbai,Semi-Furnished,13407329,1304,649
1995,Carpet Area,Chennai,Unfurnished,13407314,1309,666
2015,Plot Area,Varanasi,Semi-Furnished,13406898,1323,669
2015,Carpet Area,Faridabad,Unfurnished,13406827,1418,710
1997,Carpet Area,Rajkot,Unfurnished,13406750,1354,679
2001,Plot Area,Ahmedabad,Unfurnished,13406645,1333,656
2010,Super Area,Mumbai,Semi-Furnished,13406563,1355,700
2000,Built Area,Lucknow,Semi-Furnished,13406301,1375,691
1990,Built Area,Delhi,Unfurnished,13406108,1372,681
2006,Built Area,Jodhpur,Semi-Furnished,13406028,1341,677
2015,Plot Area,Thane,Unfurnished,13405824,1384,689
2002,Plot Area,Jaipur,Unfurnished,13405653,1288,650
2000,Carpet Area,Ranchi,Unfurnished,13405542,1375,672
2017,Super Area,Lucknow,Semi-Furnished,13405345,1365,683
2015,Built Area,Nashik,Furnished,13405265,1479,722
2001,Built Area,Hyderabad,Furnished,13405256,1388,697
1996,Super Area,Ahmedabad,Unfurnished,13405193,1382,683
2004,Super Area,Visakhapatnam,Furnished,13404983,1346,662
1999,Super Area,Vijayawada,Furnished,13404891,1346,664
2019,Built Area,Vadodara,Semi-Furnished,13404453,1345,657
1997,Super Area,Mysore,Semi-Furnished,13404434,1435,701
2018,Carpet Area,Vadodara,Unfurnished,13404024,1373,673
2000,Super Area,Ghaziabad,Furnished,13403697,1402,699
2009,Built Area,Kolkata,Furnished,13403681,1374,686
2020,Super Area,Agra,Furnished,13403518,1375,679
2012,Plot Area,Nashik,Unfurnished,13403263,1304,672
1999,Plot Area,Vijayawada,Furnished,13403194,1327,663
2002,Carpet Area,Visakhapatnam,Furnished,13403153,1427,711
2014,Carpet Area,Rajkot,Unfurnished,13402924,1362,689
2017,Plot Area,Kanpur,Semi-Furnished,13402852,1373,676
1991,Plot Area,Gwalior,Unfurnished,13402808,1376,687
2009,Carpet Area,Ranchi,Furnished,13402637,1329,664
2007,Plot Area,Surat,Furnished,13402542,1337,673
1995,Super Area,Jaipur,Unfurnished,13402455,1346,666
2005,Built Area,Kanpur,Semi-Furnished,13402275,1337,683
1997,Plot Area,Bhopal,Semi-Furnished,13401946,1438,692
2019,Super Area,Agra,Furnished,13401575,1347,680
2021,Plot Area,Mysore,Semi-Furnished,13401534,1389,701
2012,Super Area,Kolkata,Furnished,13401495,1352,677
2011,Carpet Area,Indore,Unfurnished,13401447,1296,655
2018,Built Area,Aurangabad,Semi-Furnished,13401397,1363,670
2003,Super Area,Hyderabad,Unfurnished,13401287,1313,661
2003,Plot Area,Kanpur,Furnished,13401124,1291,664
2012,Built Area,Surat,Unfurnished,13400965,1390,681
2010,Built Area,Rajkot,Furnished,13400565,1367,681
2017,Built Area,Pune,Furnished,13400528,1316,668
2013,Super Area,Patna,Unfurnished,13400356,1374,673
2016,Super Area,Lucknow,Unfurnished,13400149,1349,676
2009,Super Area,Rajkot,Unfurnished,13399994,1411,702
2004,Carpet Area,Bangalore,Furnished,13399752,1293,636
1996,Built Area,Jodhpur,Furnished,13399729,1394,690
2007,Plot Area,Amritsar,Furnished,13399467,1400,691
2008,Built Area,Meerut,Semi-Furnished,13399454,1419,699
2007,Super Area,Mysore,Unfurnished,13399023,1294,657
1993,Super Area,Mangalore,Unfurnished,13398980,1394,691
2010,Super Area,Coimbatore,Unfurnished,13398884,1342,682
2017,Carpet Area,Hyderabad,Furnished,13398156,1283,655
1990,Carpet Area,Bhopal,Semi-Furnished,13398056,1312,678
2004,Carpet Area,Visakhapatnam,Unfurnished,13397893,1306,666
2007,Super Area,Surat,Semi-Furnished,13397645,1357,669
1996,Super Area,Gwalior,Unfurnished,13397622,1339,653
2009,Carpet Area,Amritsar,Semi-Furnished,13397491,1363,672
2005,Plot Area,Bhopal,Semi-Furnished,13397322,1347,687
2019,Plot Area,Navi Mumbai,Unfurnished,13397228,1310,652
2001,Built Area,Kalyan-Dombivli,Semi-Furnished,13397065,1348,666
2002,Super Area,Navi Mumbai,Unfurnished,13396936,1335,660
2002,Super Area,Aurangabad,Furnished,13396822,1384,682
2008,Built Area,Patna,Unfurnished,13396820,1314,671
2006,Carpet Area,Indore,Semi-Furnished,13396595,1365,683
2006,Plot Area,Agra,Semi-Furnished,13396397,1373,687
2003,Carpet Area,Patna,Semi-Furnished,13396397,1409,709
2004,Built Area,Coimbatore,Unfurnished,13395713,1325,672
2014,Built Area,Gwalior,Furnished,13395652,1382,686
1995,Carpet Area,Kanpur,Unfurnished,13395638,1453,719
2020,Super Area,Varanasi,Semi-Furnished,13395633,1347,661
2010,Super Area,Hyderabad,Semi-Furnished,13395314,1366,701
2013,Plot Area,Kolkata,Furnished,13394715,1356,682
1997,Plot Area,Hyderabad,Semi-Furnished,13394606,1376,678
2015,Super Area,Navi Mumbai,Furnished,13394567,1381,695
2017,Super Area,Thane,Furnished,13394445,1312,663
2005,Super Area,Pune,Unfurnished,13394133,1230,626
2012,Carpet Area,Surat,Semi-Furnished,13393917,1318,669
2016,Built Area,Mangalore,Furnished,13393874,1267,651
2012,Built Area,Ahmedabad,Furnished,13393855,1360,662
2020,Built Area,Mysore,Semi-Furnished,13393824,1409,687
1995,Carpet Area,Jodhpur,Unfurnished,13393744,1371,681
2018,Built Area,Hyderabad,Unfurnished,13393633,1310,674
2000,Super Area,Hyderabad,Unfurnished,13393606,1311,656
2021,Carpet Area,Mysore,Furnished,13393470,1341,682
2020,Plot Area,Ranchi,Unfurnished,13393450,1362,685
1995,Built Area,Meerut,Semi-Furnished,13393417,1383,672
2004,Carpet Area,Bhopal,Furnished,13393059,1362,683
1992,Plot Area,Ludhiana,Unfurnished,13392672,1315,658
2004,Super Area,Ghaziabad,Furnished,13392645,1356,686
2000,Super Area,Mangalore,Unfurnished,13392593,1386,703
1998,Built Area,Chandigarh,Semi-Furnished,13392550,1314,676
2021,Plot Area,Ghaziabad,Semi-Furnished,13392508,1307,674
1997,Carpet Area,Chennai,Semi-Furnished,13391983,1279,644
2015,Carpet Area,Varanasi,Furnished,13391806,1339,659
2011,Built Area,Gwalior,Unfurnished,13391580,1347,677
2016,Super Area,Coimbatore,Unfurnished,13391487,1434,697
2018,Carpet Area,Bhopal,Furnished,13391235,1346,672
1993,Built Area,Faridabad,Unfurnished,13391098,1294,642
2014,Built Area,Bhopal,Semi-Furnished,13390832,1439,703
2021,Carpet Area,Nagpur,Unfurnished,13390507,1379,682
2001,Plot Area,Chennai,Furnished,13390212,1305,655
2009,Carpet Area,Noida,Furnished,13390138,1353,679
2008,Super Area,Hyderabad,Furnished,13389997,1311,660
1995,Carpet Area,Patna,Unfurnished,13389817,1289,653
1995,Carpet Area,Meerut,Semi-Furnished,13389456,1410,691
1998,Built Area,Ludhiana,Semi-Furnished,13389133,1333,670
2007,Carpet Area,Chennai,Semi-Furnished,13389040,1304,666
2002,Plot Area,Nashik,Unfurnished,13388989,1390,702
2020,Built Area,Surat,Furnished,13388971,1287,657
2016,Plot Area,Noida,Semi-Furnished,13388940,1322,679
2003,Built Area,Nashik,Unfurnished,13388714,1365,667
1997,Super Area,Gwalior,Furnished,13388672,1361,682
1990,Super Area,Kolkata,Semi-Furnished,13388487,1351,654
2000,Plot Area,Kanpur,Furnished,13388331,1368,682
2006,Super Area,Ahmedabad,Unfurnished,13388192,1358,679
2015,Built Area,Kanpur,Furnished,13388052,1341,675
2021,Plot Area,Rajkot,Semi-Furnished,13387746,1335,677
2000,Carpet Area,Ludhiana,Unfurnished,13387705,1271,651
2020,Super Area,Amritsar,Unfurnished,13387482,1400,695
1990,Plot Area,Ahmedabad,Semi-Furnished,13386890,1352,660
1999,Super Area,Chennai,Unfurnished,13386742,1279,643
2013,Super Area,Chandigarh,Furnished,13386679,1294,647
1992,Super Area,Ludhiana,Semi-Furnished,13386593,1336,676
2012,Super Area,Bangalore,Unfurnished,13386407,1331,672
2019,Carpet Area,Nashik,Unfurnished,13386353,1290,648
2021,Plot Area,Surat,Unfurnished,13385892,1281,654
2018,Built Area,Aurangabad,Unfurnished,13385837,1390,692
2018,Super Area,Faridabad,Semi-Furnished,13385829,1338,676
2002,Super Area,Kanpur,Unfurnished,13385634,1348,662
1999,Carpet Area,Amritsar,Furnished,13385607,1369,703
2012,Carpet Area,Kalyan-Dombivli,Semi-Furnished,13385486,1361,668
1994,Plot Area,Rajkot,Semi-Furnished,13385427,1328,659
2003,Super Area,Mumbai,Furnished,13384907,1379,684
2017,Carpet Area,Patna,Furnished,13384892,1398,683
2001,Plot Area,Varanasi,Semi-Furnished,13384664,1446,711
2021,Super Area,Varanasi,Unfurnished,13384531,1309,662
1998,Super Area,Chandigarh,Semi-Furnished,13384448,1299,655
2009,Super Area,Kalyan-Dombivli,Furnished,13384433,1270,642
1997,Carpet Area,Thane,Semi-Furnished,13384430,1376,683
1990,Carpet Area,Patna,Unfurnished,13384430,1326,668
2004,Plot Area,Chandigarh,Semi-Furnished,13384385,1323,654
2010,Carpet Area,Gwalior,Unfurnished,13384359,1313,654
2002,Carpet Area,Nashik,Unfurnished,13384008,1363,681
2019,Super Area,Vijayawada,Unfurnished,13383996,1284,651
2015,Carpet Area,Indore,Furnished,13383760,1368,676
2008,Carpet Area,Varanasi,Unfurnished,13383704,1348,663
1992,Plot Area,Jaipur,Unfurnished,13383486,1297,638
2004,Plot Area,Meerut,Unfurnished,13383421,1375,687
2009,Plot Area,Surat,Unfurnished,13383274,1357,681
1997,Carpet Area,Delhi,Semi-Furnished,13383270,1286,640
2010,Carpet Area,Ahmedabad,Furnished,13383244,1385,695
1999,Built Area,Jodhpur,Furnished,13383065,1320,674
1991,Carpet Area,Coimbatore,Furnished,13382689,1305,662
2004,Built Area,Patna,Furnished,13382653,1414,693
1994,Built Area,Thane,Unfurnished,13382273,1260,645
2010,Plot Area,Mysore,Furnished,13382056,1338,682
2007,Plot Area,Patna,Unfurnished,13382006,1360,690
2007,Carpet Area,Ranchi,Furnished,13381900,1343,652
2018,Plot Area,Gwalior,Furnished,13381758,1299,657
1998,Carpet Area,Vijayawada,Unfurnished,13381632,1291,642
1997,Carpet Area,Ludhiana,Semi-Furnished,13381452,1410,699
2021,Plot Area,Bangalore,Semi-Furnished,13381308,1357,675
2020,Carpet Area,Ahmedabad,Semi-Furnished,13381158,1383,702
2015,Carpet Area,Lucknow,Unfurnished,13380776,1389,680
2021,Super Area,Kolkata,Semi-Furnished,13380665,1312,649
1996,Super Area,Gwalior,Semi-Furnished,13380598,1338,675
2016,Super Area,Mumbai,Unfurnished,13380588,1402,713
2002,Built Area,Rajkot,Semi-Furnished,13380548,1324,658
1995,Super Area,Kanpur,Furnished,13380237,1302,645
1993,Carpet Area,Lucknow,Unfurnished,13380196,1313,669
2011,Built Area,Bhopal,Semi-Furnished,13380083,1276,644
2021,Built Area,Aurangabad,Unfurnished,13379994,1404,695
2013,Super Area,Pune,Unfurnished,13379915,1331,671
2015,Super Area,Coimbatore,Semi-Furnished,13379658,1349,670
2014,Built Area,Mangalore,Unfurnished,13379472,1394,683
2003,Carpet Area,Pune,Semi-Furnished,13379391,1313,655
2021,Built Area,Lucknow,Furnished,13379375,1365,670
2001,Plot Area,Visakhapatnam,Unfurnished,13379157,1384,679
2015,Super Area,Navi Mumbai,Unfurnished,13379147,1338,665
2016,Carpet Area,Ranchi,Furnished,13379101,1366,671
2003,Carpet Area,Mumbai,Unfurnished,13378988,1410,704
2018,Built Area,Meerut,Unfurnished,13378882,1379,673
2003,Built Area,Ranchi,Unfurnished,13378620,1260,648
2020,Super Area,Nashik,Furnished,13378572,1328,678
2007,Built Area,Gwalior,Unfurnished,13378390,1457,703
2012,Carpet Area,Vijayawada,Furnished,13378223,1357,682
1993,Plot Area,Coimbatore,Unfurnished,13377723,1434,706
1990,Built Area,Vijayawada,Furnished,13377653,1357,673
2006,Carpet Area,Vijayawada,Semi-Furnished,13377571,1379,676
2011,Built Area,Nagpur,Furnished,13377336,1398,677
2004,Built Area,Visakhapatnam,Semi-Furnished,13376982,1363,675
2004,Super Area,Thane,Semi-Furnished,13376893,1351,667
2002,Super Area,Ghaziabad,Unfurnished,13376855,1384,689
1991,Carpet Area,Thane,Furnished,13376532,1370,672
1990,Super Area,Navi Mumbai,Furnished,13376418,1341,675
2018,Super Area,Kalyan-Dombivli,Semi-Furnished,13376398,1323,662
1991,Super Area,Gwalior,Semi-Furnished,13375512,1337,668
1994,Carpet Area,Varanasi,Unfurnished,13375498,1275,653
2002,Built Area,Nashik,Unfurnished,13375421,1346,678
1995,Plot Area,Kalyan-Dombivli,Semi-Furnished,13375230,1346,669
1998,Super Area,Visakhapatnam,Semi-Furnished,13375220,1343,681
1999,Plot Area,Ranchi,Unfurnished,13375145,1325,656
2006,Super Area,Varanasi,Unfurnished,13374702,1387,691
2011,Plot Area,Coimbatore,Semi-Furnished,13374420,1331,667
2012,Super Area,Aurangabad,Unfurnished,13374326,1292,647
2003,Carpet Area,Kolkata,Unfurnished,13374102,1409,700
1992,Carpet Area,Vadodara,Furnished,13373975,1282,641
1999,Plot Area,Ghaziabad,Semi-Furnished,13373946,1376,679
1991,Carpet Area,Ranchi,Unfurnished,13373916,1328,658
1990,Plot Area,Vijayawada,Furnished,13373582,1397,682
1998,Built Area,Indore,Semi-Furnished,13373507,1351,676
1992,Carpet Area,Surat,Semi-Furnished,13373400,1332,673
2021,Plot Area,Agra,Semi-Furnished,13373398,1331,665
1993,Carpet Area,Nashik,Unfurnished,13373286,1317,659
2005,Built Area,Navi Mumbai,Unfurnished,13372242,1330,676
2019,Built Area,Agra,Semi-Furnished,13372002,1336,680
2019,Plot Area,Noida,Semi-Furnished,13371575,1312,661
2019,Plot Area,Ranchi,Furnished,13371291,1331,672
2004,Built Area,Thane,Furnished,13371197,1323,668
2005,Plot Area,Delhi,Unfurnished,13370624,1373,693
1993,Super Area,Coimbatore,Furnished,13370239,1384,673
2021,Carpet Area,Kalyan-Dombivli,Furnished,13370224,1446,708
2013,Super Area,Nagpur,Unfurnished,13370094,1363,675
2019,Carpet Area,Jaipur,Semi-Furnished,13369950,1254,640
2019,Built Area,Ludhiana,Furnished,13369264,1313,666
1993,Carpet Area,Aurangabad,Semi-Furnished,13369015,1325,675
2014,Super Area,Varanasi,Semi-Furnished,13368879,1376,677
1990,Super Area,Vijayawada,Furnished,13368714,1345,680
2001,Super Area,Agra,Semi-Furnished,13368653,1352,666
1996,Super Area,Noida,Furnished,13368618,1387,685
2003,Super Area,Hyderabad,Furnished,13368407,1303,646
1996,Plot Area,Mangalore,Furnished,13368215,1326,666
1992,Super Area,Thane,Semi-Furnished,13368211,1313,668
2017,Carpet Area,Amritsar,Furnished,13368205,1338,668
2001,Built Area,Visakhapatnam,Unfurnished,13367007,1349,666
2006,Super Area,Delhi,Furnished,13366972,1321,666
2010,Built Area,Ludhiana,Furnished,13366652,1312,673
2002,Built Area,Vijayawada,Unfurnished,13366416,1367,670
2019,Carpet Area,Mangalore,Furnished,13366377,1317,668
2009,Carpet Area,Thane,Semi-Furnished,13366339,1278,650
2016,Built Area,Gwalior,Unfurnished,13365778,1354,659
2016,Built Area,Pune,Semi-Furnished,13365670,1332,684
2002,Built Area,Bhopal,Unfurnished,13365064,1336,656
2017,Plot Area,Chandigarh,Unfurnished,13364772,1323,671
2021,Built Area,Mumbai,Semi-Furnished,13364725,1338,667
2004,Carpet Area,Coimbatore,Semi-Furnished,13364704,1353,657
2019,Built Area,Pune,Unfurnished,13364492,1410,688
2020,Plot Area,Vadodara,Furnished,13364314,1349,653
2016,Carpet Area,Kanpur,Furnished,13363750,1340,663
2021,Carpet Area,Delhi,Semi-Furnished,13363683,1360,689
1992,Built Area,Indore,Furnished,13363206,1295,655
2015,Built Area,Lucknow,Unfurnished,13363073,1385,703
1992,Super Area,Vadodara,Unfurnished,13362930,1386,687
2013,Super Area,Amritsar,Semi-Furnished,13362814,1336,673
2002,Super Area,Ahmedabad,Semi-Furnished,13362697,1297,640
1999,Plot Area,Chennai,Semi-Furnished,13362673,1350,679
1997,Plot Area,Nashik,Semi-Furnished,13362624,1309,672
2017,Super Area,Bangalore,Unfurnished,13362578,1338,665
2017,Plot Area,Pune,Semi-Furnished,13362567,1293,645
2013,Carpet Area,Navi Mumbai,Furnished,13362397,1351,663
2011,Super Area,Chennai,Unfurnished,13362349,1349,680
2016,Super Area,Bangalore,Semi-Furnished,13362054,1248,619
1991,Plot Area,Nashik,Furnished,13362033,1380,685
1996,Carpet Area,Jaipur,Furnished,13361957,1379,683
2017,Super Area,Bhopal,Unfurnished,13361932,1400,687
2000,Built Area,Rajkot,Furnished,13361774,1370,676
2014,Carpet Area,Hyderabad,Furnished,13361517,1333,663
2009,Super Area,Amritsar,Furnished,13361408,1349,667
2011,Carpet Area,Gwalior,Semi-Furnished,13361360,1323,664
2004,Super Area,Vijayawada,Unfurnished,13360313,1388,683
2010,Plot Area,Mysore,Unfurnished,13359960,1381,680
1990,Super Area,Ludhiana,Furnished,13359661,1285,646
1996,Carpet Area,Aurangabad,Semi-Furnished,13359192,1348,670
1995,Super Area,Nashik,Furnished,13359115,1346,665
2005,Super Area,Delhi,Semi-Furnished,13358982,1310,647
2012,Super Area,Jodhpur,Semi-Furnished,13358972,1355,688
1996,Plot Area,Gwalior,Unfurnished,13358875,1271,636
1992,Plot Area,Pune,Semi-Furnished,13358648,1324,665
2003,Plot Area,Gwalior,Semi-Furnished,13358557,1338,677
1990,Carpet Area,Kolkata,Unfurnished,13358075,1419,702
2000,Super Area,Jodhpur,Unfurnished,13357643,1304,676
2019,Carpet Area,Chandigarh,Unfurnished,13357626,1357,667
1990,Carpet Area,Pune,Furnished,13356587,1298,667
1998,Super Area,Faridabad,Unfurnished,13356549,1333,657
1992,Plot Area,Vadodara,Furnished,13356504,1341,655
2015,Super Area,Hyderabad,Furnished,13356278,1298,661
1991,Super Area,Bangalore,Unfurnished,13355988,1357,676
1999,Built Area,Vijayawada,Furnished,13355764,1324,659
2005,Built Area,Indore,Semi-Furnished,13355582,1342,669
1998,Built Area,Jaipur,Furnished,13355033,1288,645
2008,Plot Area,Navi Mumbai,Unfurnished,13354870,1301,668
2016,Built Area,Pune,Furnished,13354545,1329,647
2008,Carpet Area,Gwalior,Unfurnished,13354482,1325,665
2021,Super Area,Bhopal,Semi-Furnished,13354427,1310,654
2001,Super Area,Gwalior,Furnished,13354265,1319,670
1992,Super Area,Kalyan-Dombivli,Unfurnished,13354087,1441,704
2011,Built Area,Nashik,Semi-Furnished,13353992,1309,659
2020,Plot Area,Ahmedabad,Semi-Furnished,13353898,1348,677
2010,Plot Area,Lucknow,Unfurnished,13353728,1369,672
1993,Built Area,Ghaziabad,Furnished,13353629,1279,651
2014,Carpet Area,Ghaziabad,Semi-Furnished,13353276,1379,684
2007,Built Area,Aurangabad,Unfurnished,13352837,1265,636
1990,Plot Area,Jodhpur,Unfurnished,13352810,1365,690
2005,Carpet Area,Gwalior,Furnished,13352760,1288,644
2016,Built Area,Coimbatore,Furnished,13352464,1440,699
2011,Carpet Area,Varanasi,Unfurnished,13352449,1336,672
2004,Carpet Area,Mysore,Semi-Furnished,13352358,1343,670
1996,Built Area,Ghaziabad,Unfurnished,13351763,1365,681
2011,Carpet Area,Aurangabad,Semi-Furnished,13351670,1319,654
2014,Plot Area,Mysore,Semi-Furnished,13351490,1362,686
2006,Carpet Area,Pune,Furnished,13351356,1330,680
2003,Carpet Area,Vijayawada,Unfurnished,13350774,1371,682
1996,Built Area,Nashik,Unfurnished,13350540,1326,676
2014,Built Area,Surat,Semi-Furnished,13350403,1340,661
2011,Built Area,Mangalore,Semi-Furnished,13350262,1365,677
1998,Built Area,Visakhapatnam,Furnished,13349693,1348,688
2019,Super Area,Amritsar,Semi-Furnished,13349260,1282,638
2019,Carpet Area,Ahmedabad,Furnished,13349106,1293,658
2016,Built Area,Bhopal,Semi-Furnished,13348603,1392,686
2011,Super Area,Ludhiana,Semi-Furnished,13348350,1326,657
1990,Super Area,Mysore,Unfurnished,13348172,1440,688
2021,Super Area,Ludhiana,Furnished,13347553,1327,655
2017,Carpet Area,Hyderabad,Unfurnished,13347233,1344,670
2006,Built Area,Ahmedabad,Furnished,13347126,1370,702
2013,Plot Area,Ranchi,Furnished,13346910,1334,663
1995,Plot Area,Indore,Furnished,13346715,1325,658
2016,Built Area,Nashik,Furnished,13346317,1341,686
1995,Built Area,Jaipur,Furnished,13345911,1312,652
1994,Super Area,Vijayawada,Unfurnished,13345617,1389,689
1992,Carpet Area,Indore,Unfurnished,13345595,1341,685
1994,Carpet Area,Pune,Furnished,13345411,1375,689
2016,Carpet Area,Noida,Furnished,13344695,1348,675
2012,Built Area,Visakhapatnam,Unfurnished,13344642,1303,661
2008,Super Area,Gwalior,Semi-Furnished,13344433,1316,665
2000,Plot Area,Vadodara,Furnished,13344387,1390,688
1996,Carpet Area,Chandigarh,Unfurnished,13344158,1345,679
2019,Plot Area,Amritsar,Furnished,13343836,1349,693
1990,Built Area,Jaipur,Furnished,13343786,1402,683
1996,Plot Area,Jaipur,Semi-Furnished,13343431,1406,705
1991,Built Area,Hyderabad,Furnished,13343054,1300,666
1999,Carpet Area,Coimbatore,Semi-Furnished,13342683,1366,688
2019,Built Area,Faridabad,Unfurnished,13342518,1324,671
2005,Carpet Area,Ludhiana,Semi-Furnished,13342404,1419,690
2021,Carpet Area,Jodhpur,Semi-Furnished,13342255,1413,676
1999,Plot Area,Ahmedabad,Furnished,13342222,1314,644
2014,Plot Area,Jodhpur,Semi-Furnished,13342208,1305,656
1999,Plot Area,Mangalore,Furnished,13341897,1327,659
1999,Plot Area,Mysore,Semi-Furnished,13341847,1345,658
2018,Super Area,Delhi,Furnished,13341775,1346,668
1996,Carpet Area,Mysore,Unfurnished,13341753,1365,682
2005,Built Area,Patna,Unfurnished,13341724,1296,647
2017,Carpet Area,Coimbatore,Furnished,13341664,1370,675
2000,Plot Area,Ranchi,Unfurnished,13340958,1339,668
1996,Plot Area,Amritsar,Furnished,13340732,1330,674
1999,Plot Area,Hyderabad,Semi-Furnished,13340727,1336,662
1996,Carpet Area,Jodhpur,Unfurnished,13340581,1374,670
2019,Plot Area,Hyderabad,Unfurnished,13340576,1335,664
1995,Plot Area,Visakhapatnam,Unfurnished,13339994,1340,675
2021,Built Area,Gwalior,Unfurnished,13339483,1250,641
2009,Carpet Area,Bhopal,Furnished,13339326,1332,666
2014,Plot Area,Gwalior,Semi-Furnished,13339269,1343,661
2011,Carpet Area,Ranchi,Semi-Furnished,13338847,1331,674
1993,Built Area,Mangalore,Unfurnished,13338628,1371,689
1994,Built Area,Aurangabad,Unfurnished,13338190,1336,681
1991,Carpet Area,Rajkot,Semi-Furnished,13338000,1331,671
2013,Built Area,Lucknow,Unfurnished,13337802,1347,674
2007,Plot Area,Coimbatore,Furnished,13337769,1334,679
1993,Plot Area,Indore,Furnished,13337577,1311,674
1993,Plot Area,Nagpur,Semi-Furnished,13337347,1299,649
2011,Plot Area,Thane,Unfurnished,13337019,1296,673
2003,Plot Area,Amritsar,Unfurnished,13336969,1375,680
2002,Built Area,Mangalore,Furnished,13336827,1341,666
1998,Built Area,Bangalore,Semi-Furnished,13336696,1372,682
2015,Super Area,Jaipur,Furnished,13336687,1337,697
2011,Carpet Area,Bangalore,Furnished,13336335,1303,652
2000,Super Area,Faridabad,Unfurnished,13336082,1361,680
1997,Plot Area,Amritsar,Semi-Furnished,13335833,1327,667
2011,Plot Area,Thane,Semi-Furnished,13335749,1406,692
1994,Carpet Area,Mangalore,Furnished,13335554,1347,691
1994,Carpet Area,Hyderabad,Unfurnished,13335513,1341,680
2009,Carpet Area,Nagpur,Unfurnished,13334923,1373,685
2021,Built Area,Jaipur,Furnished,13334635,1350,662
1995,Plot Area,Ahmedabad,Unfurnished,13334627,1366,685
1999,Super Area,Rajkot,Furnished,13334555,1365,672
1991,Built Area,Hyderabad,Unfurnished,13334506,1288,648
2017,Plot Area,Ranchi,Furnished,13334496,1359,686
2003,Built Area,Mangalore,Semi-Furnished,13334459,1298,658
2015,Super Area,Bhopal,Semi-Furnished,13334205,1216,626
1996,Carpet Area,Gwalior,Furnished,13334178,1386,697
1990,Super Area,Rajkot,Semi-Furnished,13333980,1342,669
2005,Super Area,Aurangabad,Unfurnished,13333910,1266,646
2004,Plot Area,Chennai,Furnished,13333826,1389,695
2011,Built Area,Ranchi,Semi-Furnished,13333793,1339,657
2016,Plot Area,Lucknow,Furnished,13333702,1290,654
2016,Plot Area,Kolkata,Semi-Furnished,13333669,1327,664
2010,Built Area,Jaipur,Unfurnished,13333588,1373,689
1996,Built Area,Jodhpur,Unfurnished,13333420,1330,674
2016,Super Area,Surat,Semi-Furnished,13333170,1326,661
2006,Built Area,Mumbai,Furnished,13333169,1323,671
2019,Carpet Area,Lucknow,Unfurnished,13332994,1341,688
2013,Carpet Area,Amritsar,Furnished,13332912,1270,660
2013,Built Area,Vijayawada,Semi-Furnished,13332778,1327,652
2015,Plot Area,Indore,Semi-Furnished,13332725,1259,654
2005,Super Area,Nagpur,Unfurnished,13332584,1395,704
1994,Plot Area,Vijayawada,Furnished,13332572,1394,689
2019,Plot Area,Agra,Furnished,13332542,1275,668
1992,Plot Area,Ahmedabad,Unfurnished,13332448,1348,665
2019,Super Area,Nagpur,Semi-Furnished,13332393,1332,655
1996,Plot Area,Vadodara,Furnished,13332218,1349,673
2019,Super Area,Rajkot,Furnished,13331986,1323,673
2005,Carpet Area,Kalyan-Dombivli,Semi-Furnished,13331773,1322,664
2016,Plot Area,Hyderabad,Furnished,13331588,1335,660
1998,Super Area,Agra,Furnished,13331583,1299,660
2018,Super Area,Chandigarh,Unfurnished,13331011,1369,674
1991,Carpet Area,Mumbai,Semi-Furnished,13331009,1426,705
2009,Carpet Area,Lucknow,Furnished,13330785,1357,692
1996,Carpet Area,Mangalore,Furnished,13330728,1436,705
1990,Super Area,Lucknow,Semi-Furnished,13330664,1304,655
2017,Built Area,Navi Mumbai,Semi-Furnished,13330636,1400,697
2013,Built Area,Pune,Unfurnished,13330504,1319,659
2000,Plot Area,Surat,Furnished,13330219,1294,650
1990,Super Area,Bangalore,Furnished,13330218,1372,679
1995,Plot Area,Ghaziabad,Semi-Furnished,13330092,1273,655
2013,Carpet Area,Chandigarh,Semi-Furnished,13330086,1366,682
2013,Built Area,Bhopal,Furnished,13330077,1320,661
2008,Built Area,Coimbatore,Unfurnished,13330013,1439,697
2021,Built Area,Indore,Semi-Furnished,13329789,1301,648
2012,Super Area,Nagpur,Unfurnished,13329572,1292,672
2001,Carpet Area,Indore,Semi-Furnished,13329564,1354,688
2020,Super Area,Lucknow,Unfurnished,13329563,1268,639
2012,Plot Area,Coimbatore,Unfurnished,13329430,1318,654
2002,Carpet Area,Surat,Semi-Furnished,13329074,1331,663
2001,Carpet Area,Navi Mumbai,Furnished,13329039,1330,668
2013,Plot Area,Ranchi,Unfurnished,13328686,1348,653
1995,Super Area,Lucknow,Furnished,13328638,1320,653
1991,Carpet Area,Delhi,Semi-Furnished,13328418,1399,687
2008,Plot Area,Gwalior,Furnished,13328383,1306,649
2006,Carpet Area,Nagpur,Semi-Furnished,13328251,1300,643
2017,Plot Area,Nagpur,Semi-Furnished,13328233,1341,684
1992,Plot Area,Hyderabad,Furnished,13328121,1410,687
2019,Built Area,Chandigarh,Semi-Furnished,13328075,1319,657
2015,Plot Area,Bhopal,Semi-Furnished,13327951,1295,648
2020,Built Area,Mangalore,Furnished,13327699,1363,681
2021,Super Area,Nagpur,Furnished,13327658,1381,679
2016,Built Area,Ranchi,Semi-Furnished,13327444,1290,667
2013,Carpet Area,Ranchi,Unfurnished,13327396,1417,698
1995,Plot Area,Vadodara,Unfurnished,13327363,1295,658
1995,Built Area,Vadodara,Unfurnished,13327209,1379,671
2001,Plot Area,Lucknow,Unfurnished,13326494,1328,661
2018,Built Area,Ghaziabad,Unfurnished,13326246,1310,652
1992,Plot Area,Gwalior,Semi-Furnished,13325774,1359,668
2016,Super Area,Bangalore,Unfurnished,13325713,1354,674
1998,Carpet Area,Chennai,Semi-Furnished,13325601,1430,711
2004,Built Area,Ahmedabad,Furnished,13325487,1414,708
1992,Plot Area,Ghaziabad,Unfurnished,13325476,1305,644
1997,Plot Area,Patna,Furnished,13325467,1303,655
2016,Carpet Area,Visakhapatnam,Semi-Furnished,13325445,1337,660
1997,Super Area,Bhopal,Semi-Furnished,13325410,1337,666
1995,Plot Area,Jaipur,Unfurnished,13325353,1356,678
1994,Built Area,Patna,Unfurnished,13325327,1340,656
2000,Plot Area,Thane,Unfurnished,13324753,1296,662
2008,Built Area,Jaipur,Semi-Furnished,13324731,1271,647
2018,Carpet Area,Noida,Unfurnished,13324596,1355,671
1992,Plot Area,Nashik,Unfurnished,13324410,1349,665
1997,Carpet Area,Visakhapatnam,Unfurnished,13324387,1468,727
2001,Plot Area,Lucknow,Semi-Furnished,13324314,1327,659
1998,Built Area,Aurangabad,Furnished,13324243,1339,664
2003,Super Area,Thane,Semi-Furnished,13324187,1364,686
2010,Carpet Area,Coimbatore,Semi-Furnished,13323905,1347,675
2004,Carpet Area,Nashik,Unfurnished,13323774,1346,666
2015,Super Area,Vijayawada,Semi-Furnished,13322846,1312,667
1999,Super Area,Ahmedabad,Unfurnished,13322465,1357,682
2001,Carpet Area,Pune,Unfurnished,13322462,1323,667
2002,Carpet Area,Mysore,Semi-Furnished,13322267,1279,656
2014,Built Area,Indore,Unfurnished,13322168,1395,703
2020,Carpet Area,Faridabad,Unfurnished,13321713,1310,660
2012,Carpet Area,Nagpur,Furnished,13321529,1302,656
1990,Plot Area,Ludhiana,Unfurnished,13321171,1282,651
1990,Built Area,Kolkata,Unfurnished,13321166,1292,669
1995,Plot Area,Surat,Furnished,13321008,1317,667
2011,Built Area,Kolkata,Unfurnished,13320949,1376,674
2007,Plot Area,Ahmedabad,Unfurnished,13320853,1326,667
2005,Carpet Area,Delhi,Furnished,13320697,1359,675
2008,Plot Area,Noida,Furnished,13320321,1332,675
2007,Plot Area,Vadodara,Furnished,13320097,1352,676
2016,Built Area,Amritsar,Furnished,13320063,1299,670
2002,Built Area,Bangalore,Furnished,13319786,1283,655
1998,Super Area,Bhopal,Unfurnished,13319608,1353,672
1990,Built Area,Mysore,Furnished,13319482,1321,669
1998,Plot Area,Lucknow,Unfurnished,13319422,1326,670
1994,Built Area,Faridabad,Furnished,13319393,1339,654
1990,Super Area,Gwalior,Unfurnished,13319391,1403,686
2010,Plot Area,Nagpur,Semi-Furnished,13319179,1292,643
2015,Super Area,Faridabad,Unfurnished,13319167,1332,678
2006,Plot Area,Lucknow,Furnished,13319099,1408,691
2004,Super Area,Noida,Semi-Furnished,13318774,1304,665
2019,Built Area,Indore,Semi-Furnished,13318528,1347,663
2018,Built Area,Coimbatore,Furnished,13317807,1360,676
2002,Carpet Area,Bangalore,Furnished,13317783,1327,659
1990,Carpet Area,Aurangabad,Semi-Furnished,13317764,1283,644
2002,Super Area,Hyderabad,Furnished,13317682,1323,669
1998,Carpet Area,Coimbatore,Unfurnished,13317669,1338,668
2016,Carpet Area,Gwalior,Semi-Furnished,13317502,1320,658
2016,Super Area,Varanasi,Unfurnished,13317079,1316,665
2009,Carpet Area,Visakhapatnam,Unfurnished,13317021,1349,686
2013,Carpet Area,Gwalior,Semi-Furnished,13316845,1351,677
1993,Built Area,Vadodara,Furnished,13316769,1362,665
2018,Built Area,Bhopal,Furnished,13316700,1288,654
2003,Plot Area,Aurangabad,Furnished,13316552,1354,674
2008,Built Area,Jaipur,Unfurnished,13316295,1345,692
2019,Built Area,Mysore,Unfurnished,13315940,1325,664
1994,Super Area,Noida,Unfurnished,13315765,1337,683
2005,Built Area,Thane,Unfurnished,13315710,1380,688
2007,Plot Area,Faridabad,Semi-Furnished,13315679,1287,641
1996,Built Area,Lucknow,Unfurnished,13315587,1323,653
1997,Built Area,Kolkata,Furnished,13315459,1355,678
2020,Carpet Area,Amritsar,Furnished,13315400,1373,686
1996,Super Area,Navi Mumbai,Unfurnished,13315330,1325,668
2011,Carpet Area,Delhi,Furnished,13315068,1384,702
1994,Plot Area,Mysore,Unfurnished,13315037,1321,658
2013,Super Area,Lucknow,Furnished,13314948,1291,662
2011,Plot Area,Ranchi,Semi-Furnished,13314786,1330,663
2003,Built Area,Indore,Semi-Furnished,13314667,1304,651
2003,Carpet Area,Mysore,Semi-Furnished,13314651,1349,664
2000,Carpet Area,Kalyan-Dombivli,Unfurnished,13314575,1418,701
2006,Plot Area,Kolkata,Semi-Furnished,13314414,1420,690
2004,Carpet Area,Varanasi,Semi-Furnished,13314062,1352,678
2020,Built Area,Mangalore,Semi-Furnished,13313861,1362,673
2006,Built Area,Ludhiana,Furnished,13313859,1354,662
2011,Plot Area,Thane,Furnished,13313847,1353,675
1991,Super Area,Pune,Unfurnished,13313799,1360,691
2006,Carpet Area,Jaipur,Unfurnished,13313624,1338,655
2016,Carpet Area,Patna,Furnished,13313586,1383,684
2011,Built Area,Nagpur,Semi-Furnished,13313484,1384,701
2013,Carpet Area,Kalyan-Dombivli,Furnished,13313263,1371,695
1991,Super Area,Jaipur,Furnished,13313213,1274,652
2005,Plot Area,Ghaziabad,Semi-Furnished,13312843,1349,662
1990,Built Area,Jodhpur,Furnished,13312526,1344,672
1990,Plot Area,Patna,Furnished,13312035,1280,653
2019,Built Area,Bhopal,Furnished,13311363,1332,663
2020,Carpet Area,Ranchi,Furnished,13311281,1318,670
2002,Super Area,Mumbai,Semi-Furnished,13311104,1318,662
2017,Super Area,Visakhapatnam,Unfurnished,13311014,1326,665
2012,Carpet Area,Rajkot,Semi-Furnished,13310836,1321,672
2000,Plot Area,Mumbai,Furnished,13310828,1375,680
1993,Plot Area,Mangalore,Unfurnished,13310813,1239,641
2012,Built Area,Coimbatore,Unfurnished,13310616,1311,653
1998,Carpet Area,Vadodara,Furnished,13310504,1255,652
1997,Plot Area,Ghaziabad,Furnished,13310338,1389,697
1993,Super Area,Mysore,Semi-Furnished,13309968,1342,660
1990,Carpet Area,Rajkot,Unfurnished,13309671,1452,700
2012,Carpet Area,Amritsar,Unfurnished,13309459,1369,682
2011,Plot Area,Patna,Semi-Furnished,13309368,1372,691
1990,Plot Area,Bangalore,Semi-Furnished,13309261,1343,658
2011,Built Area,Kanpur,Unfurnished,13309205,1310,655
2021,Carpet Area,Surat,Semi-Furnished,13308674,1346,676
1992,Built Area,Ranchi,Unfurnished,13308656,1302,652
2019,Carpet Area,Jodhpur,Unfurnished,13308583,1304,650
2019,Built Area,Ahmedabad,Furnished,13308452,1315,664
1992,Super Area,Coimbatore,Furnished,13308385,1258,630
1993,Built Area,Kanpur,Semi-Furnished,13308165,1331,669
2015,Carpet Area,Surat,Furnished,13308147,1337,677
2004,Super Area,Bhopal,Furnished,13307914,1368,680
2000,Plot Area,Mysore,Semi-Furnished,13307878,1365,674
2020,Carpet Area,Kolkata,Unfurnished,13307772,1320,662
2001,Built Area,Mumbai,Furnished,13307682,1399,711
1999,Plot Area,Ludhiana,Furnished,13307393,1363,688
2010,Plot Area,Delhi,Unfurnished,13307137,1282,641
2013,Plot Area,Thane,Unfurnished,13306912,1296,668
2018,Super Area,Hyderabad,Semi-Furnished,13306842,1345,667
1998,Carpet Area,Hyderabad,Semi-Furnished,13306784,1351,675
1994,Super Area,Mumbai,Semi-Furnished,13306462,1376,692
2003,Built Area,Ahmedabad,Furnished,13306196,1403,681
1994,Super Area,Varanasi,Furnished,13306098,1328,659
1998,Super Area,Faridabad,Semi-Furnished,13305460,1433,688
2014,Plot Area,Jodhpur,Furnished,13305457,1221,631
1999,Built Area,Vijayawada,Unfurnished,13305375,1338,669
2001,Built Area,Kanpur,Furnished,13304902,1314,653
2007,Carpet Area,Ghaziabad,Unfurnished,13304835,1413,693
1998,Super Area,Mysore,Unfurnished,13304804,1269,661
2009,Plot Area,Delhi,Unfurnished,13304675,1318,676
2006,Built Area,Varanasi,Semi-Furnished,13304453,1315,660
1993,Plot Area,Vijayawada,Furnished,13304255,1348,681
2009,Carpet Area,Kanpur,Furnished,13304207,1379,675
1996,Plot Area,Noida,Unfurnished,13303843,1397,679
1999,Built Area,Varanasi,Semi-Furnished,13303781,1366,673
1995,Built Area,Kolkata,Semi-Furnished,13303534,1375,696
2000,Carpet Area,Vadodara,Unfurnished,13303337,1302,662
2014,Super Area,Lucknow,Unfurnished,13303006,1287,658
2014,Super Area,Kanpur,Furnished,13302791,1319,667
2012,Super Area,Vadodara,Semi-Furnished,13302785,1325,659
1996,Super Area,Nagpur,Unfurnished,13302721,1338,663
1990,Plot Area,Bhopal,Unfurnished,13302656,1341,664
2021,Plot Area,Chennai,Semi-Furnished,13302470,1269,653
2016,Super Area,Jaipur,Furnished,13302330,1348,677
1996,Plot Area,Ghaziabad,Unfurnished,13302140,1347,667
1993,Built Area,Jodhpur,Furnished,13302108,1358,676
2017,Super Area,Chandigarh,Furnished,13302065,1348,682
2014,Plot Area,Chandigarh,Unfurnished,13302002,1342,660
2016,Built Area,Coimbatore,Unfurnished,13301825,1381,680
2004,Built Area,Nashik,Semi-Furnished,13301814,1309,652
2009,Plot Area,Nagpur,Furnished,13301386,1347,693
1998,Carpet Area,Mangalore,Unfurnished,13301275,1368,689
1998,Built Area,Jaipur,Unfurnished,13301208,1361,674
1990,Built Area,Bhopal,Unfurnished,13301101,1348,662
2002,Plot Area,Ludhiana,Semi-Furnished,13300908,1368,685
2004,Built Area,Patna,Semi-Furnished,13300669,1303,651
2016,Built Area,Noida,Unfurnished,13300538,1300,666
1995,Super Area,Noida,Semi-Furnished,13300393,1334,676
2016,Super Area,Noida,Unfurnished,13300169,1323,653
2012,Plot Area,Pune,Semi-Furnished,13299938,1321,651
2020,Carpet Area,Mangalore,Unfurnished,13299844,1347,657
1998,Super Area,Noida,Semi-Furnished,13299346,1314,653
1997,Plot Area,Aurangabad,Semi-Furnished,13298677,1295,657
2001,Built Area,Aurangabad,Furnished,13298627,1338,660
2019,Plot Area,Kalyan-Dombivli,Unfurnished,13298524,1335,677
2011,Super Area,Agra,Semi-Furnished,13298515,1371,698
1999,Carpet Area,Kolkata,Semi-Furnished,13298283,1333,663
1993,Super Area,Varanasi,Furnished,13298261,1388,672
2007,Built Area,Meerut,Furnished,13298018,1350,667
2015,Carpet Area,Kolkata,Semi-Furnished,13297891,1319,661
2002,Built Area,Coimbatore,Semi-Furnished,13297887,1358,678
1993,Plot Area,Aurangabad,Unfurnished,13297850,1421,705
1993,Built Area,Jaipur,Unfurnished,13297793,1304,657
1992,Built Area,Lucknow,Semi-Furnished,13297499,1325,664
2010,Super Area,Surat,Furnished,13297486,1353,673
2006,Built Area,Chennai,Furnished,13297335,1287,651
2016,Plot Area,Agra,Unfurnished,13297265,1351,660
1991,Super Area,Ludhiana,Furnished,13296990,1376,678
2012,Plot Area,Ludhiana,Furnished,13296576,1303,652
2003,Plot Area,Chennai,Semi-Furnished,13296520,1348,677
1991,Built Area,Agra,Furnished,13296483,1382,688
2007,Built Area,Mangalore,Unfurnished,13296399,1413,687
1994,Carpet Area,Agra,Furnished,13295481,1270,665
2019,Built Area,Kanpur,Furnished,13295302,1370,688
2016,Built Area,Kalyan-Dombivli,Furnished,13295151,1315,664
2006,Super Area,Lucknow,Unfurnished,13295121,1407,680
1993,Built Area,Hyderabad,Semi-Furnished,13295019,1320,668
1993,Carpet Area,Ludhiana,Semi-Furnished,13294782,1291,661
1998,Carpet Area,Ranchi,Furnished,13294710,1328,671
2018,Super Area,Kalyan-Dombivli,Furnished,13294646,1403,697
2007,Carpet Area,Indore,Semi-Furnished,13294473,1325,670
2013,Built Area,Noida,Semi-Furnished,13294139,1390,685
1995,Super Area,Hyderabad,Semi-Furnished,13293853,1344,668
2008,Plot Area,Bangalore,Unfurnished,13293614,1287,646
1999,Super Area,Navi Mumbai,Unfurnished,13293187,1426,682
2015,Super Area,Vijayawada,Furnished,13293062,1265,651
2010,Super Area,Varanasi,Furnished,13292979,1301,660
2014,Super Area,Ahmedabad,Semi-Furnished,13292919,1329,655
1998,Carpet Area,Gwalior,Unfurnished,13292631,1301,657
2000,Super Area,Coimbatore,Unfurnished,13292254,1360,681
2009,Built Area,Nagpur,Furnished,13291969,1317,669
2014,Built Area,Aurangabad,Unfurnished,13291821,1344,670
2015,Carpet Area,Navi Mumbai,Unfurnished,13291752,1327,659
2008,Super Area,Thane,Furnished,13291672,1384,680
2003,Built Area,Hyderabad,Semi-Furnished,13291574,1311,662
2007,Carpet Area,Ludhiana,Unfurnished,13291189,1360,674
2016,Super Area,Kanpur,Unfurnished,13291133,1390,680
1990,Plot Area,Noida,Unfurnished,13290759,1362,657
2004,Super Area,Jodhpur,Semi-Furnished,13290713,1336,669
2008,Plot Area,Hyderabad,Semi-Furnished,13290414,1340,664
1993,Built Area,Mumbai,Semi-Furnished,13290369,1299,660
2000,Carpet Area,Jaipur,Semi-Furnished,13290227,1327,664
1990,Built Area,Varanasi,Furnished,13289879,1280,647
1998,Super Area,Vadodara,Unfurnished,13289824,1322,645
2016,Built Area,Chandigarh,Unfurnished,13289689,1333,660
2003,Carpet Area,Delhi,Unfurnished,13289605,1424,704
1990,Super Area,Chandigarh,Furnished,13289491,1461,720
2004,Super Area,Ranchi,Unfurnished,13289395,1408,709
1996,Super Area,Mangalore,Unfurnished,13289389,1402,706
2006,Carpet Area,Ranchi,Furnished,13289264,1422,698
2011,Plot Area,Jodhpur,Unfurnished,13288881,1323,678
2008,Plot Area,Aurangabad,Furnished,13288616,1368,668
2008,Carpet Area,Kanpur,Semi-Furnished,13288290,1335,653
1999,Plot Area,Jaipur,Unfurnished,13288062,1240,638
2000,Plot Area,Rajkot,Unfurnished,13287780,1284,663
2012,Super Area,Varanasi,Semi-Furnished,13287738,1347,666
2004,Carpet Area,Ahmedabad,Semi-Furnished,13287313,1386,689
1990,Super Area,Amritsar,Furnished,13287205,1275,634
1991,Plot Area,Jodhpur,Furnished,13286412,1365,684
2007,Carpet Area,Hyderabad,Semi-Furnished,13286396,1360,664
2019,Super Area,Gwalior,Furnished,13286337,1348,679
2015,Plot Area,Agra,Furnished,13285924,1393,688
2018,Plot Area,Chandigarh,Unfurnished,13285815,1415,680
2009,Carpet Area,Ranchi,Unfurnished,13285684,1350,672
2006,Plot Area,Navi Mumbai,Semi-Furnished,13285584,1393,689
2001,Super Area,Ludhiana,Unfurnished,13285090,1312,652
2012,Plot Area,Navi Mumbai,Semi-Furnished,13284914,1368,681
2006,Carpet Area,Visakhapatnam,Semi-Furnished,13284822,1342,671
2012,Built Area,Hyderabad,Unfurnished,13284717,1335,668
1997,Plot Area,Thane,Unfurnished,13284645,1304,646
2019,Super Area,Ludhiana,Semi-Furnished,13284557,1275,648
2011,Plot Area,Ghaziabad,Unfurnished,13284405,1320,681
2011,Built Area,Navi Mumbai,Unfurnished,13284381,1320,675
2012,Super Area,Ludhiana,Semi-Furnished,13284297,1323,658
2002,Carpet Area,Hyderabad,Furnished,13283856,1308,652
2007,Built Area,Kalyan-Dombivli,Semi-Furnished,13283510,1371,671
1995,Built Area,Surat,Furnished,13283471,1244,629
2006,Carpet Area,Jodhpur,Furnished,13283452,1407,677
2019,Plot Area,Vadodara,Semi-Furnished,13283279,1380,696
2013,Carpet Area,Amritsar,Semi-Furnished,13283153,1304,654
2010,Plot Area,Mumbai,Furnished,13282817,1347,668
2005,Super Area,Jaipur,Semi-Furnished,13282652,1406,679
2001,Super Area,Faridabad,Unfurnished,13282465,1338,670
1991,Built Area,Jodhpur,Unfurnished,13282226,1335,667
2016,Super Area,Ghaziabad,Unfurnished,13282014,1288,637
2011,Super Area,Mumbai,Furnished,13281946,1341,667
2001,Plot Area,Gwalior,Semi-Furnished,13281440,1325,660
2015,Built Area,Ghaziabad,Semi-Furnished,13281068,1308,678
2008,Carpet Area,Aurangabad,Furnished,13280955,1370,682
2001,Built Area,Ahmedabad,Semi-Furnished,13280937,1336,669
2016,Plot Area,Faridabad,Semi-Furnished,13280932,1350,674
2010,Plot Area,Jodhpur,Semi-Furnished,13280898,1340,683
2001,Carpet Area,Ludhiana,Furnished,13280850,1312,660
2005,Super Area,Varanasi,Semi-Furnished,13280601,1292,650
1993,Built Area,Vijayawada,Semi-Furnished,13280488,1314,656
2007,Built Area,Ghaziabad,Unfurnished,13280469,1420,702
2011,Built Area,Kalyan-Dombivli,Unfurnished,13280109,1355,688
2014,Built Area,Pune,Furnished,13279955,1316,653
2020,Carpet Area,Faridabad,Furnished,13279862,1262,630
2018,Super Area,Gwalior,Semi-Furnished,13279840,1294,645
1997,Plot Area,Meerut,Furnished,13279800,1325,670
1997,Carpet Area,Bangalore,Semi-Furnished,13279798,1340,684
2021,Plot Area,Meerut,Unfurnished,13279409,1308,649
1995,Built Area,Kanpur,Furnished,13279363,1350,666
1996,Carpet Area,Mumbai,Unfurnished,13279360,1284,658
2007,Built Area,Kolkata,Furnished,13278922,1339,662
2014,Super Area,Navi Mumbai,Semi-Furnished,13278562,1351,685
2001,Built Area,Thane,Semi-Furnished,13278092,1342,670
1995,Plot Area,Mumbai,Furnished,13278056,1335,672
2015,Super Area,Patna,Furnished,13278017,1373,677
2007,Super Area,Thane,Semi-Furnished,13277987,1361,682
1991,Carpet Area,Ludhiana,Semi-Furnished,13277400,1376,684
2011,Built Area,Nashik,Furnished,13277341,1293,667
2001,Built Area,Kolkata,Semi-Furnished,13277257,1327,652
2006,Plot Area,Pune,Semi-Furnished,13277012,1367,679
1993,Carpet Area,Kalyan-Dombivli,Unfurnished,13276849,1375,680
1998,Carpet Area,Jaipur,Semi-Furnished,13276676,1294,643
1993,Carpet Area,Jodhpur,Unfurnished,13276171,1402,690
2003,Built Area,Ranchi,Semi-Furnished,13276027,1362,683
2014,Super Area,Noida,Unfurnished,13275942,1311,667
2019,Built Area,Jodhpur,Semi-Furnished,13275860,1319,673
2003,Carpet Area,Bhopal,Furnished,13275704,1343,657
2021,Plot Area,Mumbai,Semi-Furnished,13275689,1361,683
2005,Built Area,Varanasi,Semi-Furnished,13275661,1310,657
2016,Super Area,Ghaziabad,Furnished,13275583,1321,679
2002,Super Area,Chennai,Unfurnished,13275380,1383,689
2021,Built Area,Mumbai,Furnished,13275309,1345,664
1995,Super Area,Bhopal,Semi-Furnished,13275260,1400,679
2003,Super Area,Gwalior,Semi-Furnished,13274979,1313,647
2017,Carpet Area,Ranchi,Furnished,13274977,1370,678
1995,Carpet Area,Pune,Furnished,13274894,1371,677
2008,Built Area,Ahmedabad,Semi-Furnished,13274592,1289,656
2005,Super Area,Rajkot,Semi-Furnished,13274423,1379,686
2011,Super Area,Noida,Semi-Furnished,13274240,1405,699
1995,Built Area,Ludhiana,Semi-Furnished,13274152,1319,659
2007,Plot Area,Nashik,Semi-Furnished,13274083,1337,670
2015,Built Area,Nagpur,Semi-Furnished,13273969,1387,685
2004,Plot Area,Mysore,Semi-Furnished,13273708,1353,683
1993,Carpet Area,Visakhapatnam,Semi-Furnished,13273698,1373,672
2003,Carpet Area,Thane,Unfurnished,13273683,1367,671
1998,Super Area,Surat,Furnished,13273385,1371,696
1996,Built Area,Ludhiana,Semi-Furnished,13273247,1294,648
2008,Carpet Area,Chandigarh,Unfurnished,13273097,1297,648
2000,Carpet Area,Chandigarh,Furnished,13272857,1375,675
1999,Carpet Area,Vadodara,Unfurnished,13272508,1276,647
2002,Super Area,Vijayawada,Furnished,13272277,1304,654
2004,Carpet Area,Visakhapatnam,Furnished,13272032,1333,664
2004,Plot Area,Visakhapatnam,Unfurnished,13272020,1353,676
2002,Built Area,Indore,Unfurnished,13271997,1383,685
2021,Carpet Area,Bhopal,Furnished,13271932,1409,701
2015,Plot Area,Indore,Unfurnished,13271812,1377,702
2017,Carpet Area,Faridabad,Furnished,13271501,1265,654
2010,Built Area,Amritsar,Unfurnished,13271229,1300,640
2011,Super Area,Hyderabad,Furnished,13271075,1354,690
2018,Super Area,Vadodara,Unfurnished,13271054,1331,666
1990,Carpet Area,Chennai,Semi-Furnished,13271016,1390,670
1992,Carpet Area,Visakhapatnam,Semi-Furnished,13270992,1303,662
2011,Plot Area,Bhopal,Unfurnished,13270775,1301,668
1995,Built Area,Patna,Semi-Furnished,13270591,1351,667
2021,Built Area,Indore,Furnished,13270504,1312,655
1993,Plot Area,Patna,Furnished,13270461,1365,666
1994,Super Area,Gwalior,Furnished,13270409,1313,664
1991,Carpet Area,Lucknow,Semi-Furnished,13270290,1341,671
2013,Super Area,Nagpur,Semi-Furnished,13270011,1312,659
2003,Carpet Area,Patna,Unfurnished,13269964,1282,661
2014,Plot Area,Pune,Unfurnished,13269800,1385,681
2000,Built Area,Ludhiana,Unfurnished,13269638,1339,682
2020,Carpet Area,Navi Mumbai,Semi-Furnished,13269576,1349,673
2018,Carpet Area,Jodhpur,Semi-Furnished,13269534,1334,667
2015,Carpet Area,Aurangabad,Semi-Furnished,13269489,1347,663
1991,Built Area,Vijayawada,Furnished,13269460,1350,675
2017,Super Area,Chennai,Semi-Furnished,13269398,1314,663
2011,Built Area,Chandigarh,Unfurnished,13269323,1277,638
1997,Built Area,Jaipur,Unfurnished,13269257,1300,667
1998,Super Area,Coimbatore,Unfurnished,13269102,1356,666
2013,Plot Area,Bhopal,Furnished,13268974,1343,681
2013,Built Area,Chennai,Furnished,13268924,1405,703
2003,Plot Area,Nashik,Semi-Furnished,13268894,1283,653
2013,Plot Area,Noida,Unfurnished,13268797,1382,701
2006,Super Area,Ghaziabad,Unfurnished,13268723,1359,693
1992,Carpet Area,Nagpur,Unfurnished,13268229,1353,670
2019,Super Area,Coimbatore,Semi-Furnished,13268206,1307,657
1993,Carpet Area,Agra,Unfurnished,13267828,1337,675
1996,Carpet Area,Thane,Unfurnished,13267818,1309,670
2010,Super Area,Nagpur,Furnished,13267708,1395,686
2020,Plot Area,Surat,Semi-Furnished,13267227,1290,654
2017,Super Area,Coimbatore,Furnished,13267004,1360,700
1990,Super Area,Gwalior,Furnished,13266977,1251,623
2000,Plot Area,Kolkata,Semi-Furnished,13266971,1328,667
2005,Plot Area,Varanasi,Semi-Furnished,13266752,1289,666
2006,Super Area,Bhopal,Furnished,13266620,1357,670
1993,Plot Area,Thane,Furnished,13266511,1324,691
1998,Carpet Area,Delhi,Furnished,13266405,1272,653
1996,Built Area,Ranchi,Unfurnished,13266342,1319,671
2001,Built Area,Surat,Furnished,13265783,1315,669
2014,Built Area,Visakhapatnam,Semi-Furnished,13265734,1354,662
1991,Carpet Area,Mangalore,Furnished,13265698,1433,688
2017,Carpet Area,Noida,Furnished,13265387,1320,657
2001,Carpet Area,Nagpur,Furnished,13265100,1377,681
2018,Super Area,Thane,Unfurnished,13265013,1399,684
2018,Plot Area,Ranchi,Furnished,13264888,1321,670
2006,Super Area,Chennai,Semi-Furnished,13264532,1347,667
1997,Built Area,Mumbai,Furnished,13264485,1285,658
2005,Carpet Area,Navi Mumbai,Semi-Furnished,13264376,1317,660
2004,Super Area,Indore,Unfurnished,13264372,1286,640
2016,Carpet Area,Delhi,Semi-Furnished,13264278,1311,655
2021,Carpet Area,Nashik,Semi-Furnished,13264272,1370,678
2004,Carpet Area,Mangalore,Furnished,13263691,1274,661
2018,Carpet Area,Bangalore,Furnished,13263498,1308,645
2005,Built Area,Visakhapatnam,Semi-Furnished,13263483,1353,657
2008,Built Area,Lucknow,Semi-Furnished,13263295,1304,651
2007,Carpet Area,Chennai,Furnished,13263040,1309,664
1993,Built Area,Ahmedabad,Unfurnished,13262828,1297,679
2014,Plot Area,Visakhapatnam,Semi-Furnished,13262800,1220,620
2005,Carpet Area,Ghaziabad,Unfurnished,13262749,1374,678
1996,Carpet Area,Ghaziabad,Unfurnished,13262680,1402,693
1997,Super Area,Vijayawada,Unfurnished,13262665,1306,650
2014,Built Area,Bhopal,Unfurnished,13262162,1326,657
2001,Carpet Area,Rajkot,Furnished,13261898,1364,691
2010,Carpet Area,Ranchi,Semi-Furnished,13261376,1377,688
2007,Plot Area,Hyderabad,Furnished,13261359,1368,667
2008,Plot Area,Agra,Furnished,13261156,1350,688
1990,Carpet Area,Amritsar,Furnished,13261049,1328,674
1999,Super Area,Chennai,Semi-Furnished,13261045,1336,668
2008,Carpet Area,Indore,Furnished,13260602,1331,669
1996,Carpet Area,Mumbai,Semi-Furnished,13260536,1261,653
2009,Carpet Area,Ghaziabad,Furnished,13260219,1297,651
2000,Carpet Area,Jaipur,Furnished,13260155,1283,654
2000,Super Area,Indore,Unfurnished,13259956,1345,674
2010,Built Area,Bhopal,Unfurnished,13259884,1306,654
2016,Built Area,Surat,Unfurnished,13259834,1366,686
2002,Built Area,Mangalore,Unfurnished,13259834,1305,658
2004,Super Area,Delhi,Unfurnished,13259632,1331,678
2003,Plot Area,Noida,Unfurnished,13259618,1334,667
2012,Super Area,Pune,Semi-Furnished,13259478,1369,680
2010,Built Area,Ghaziabad,Unfurnished,13259417,1330,664
1997,Super Area,Mangalore,Unfurnished,13259392,1314,680
2000,Carpet Area,Pune,Unfurnished,13259141,1274,639
2011,Plot Area,Pune,Semi-Furnished,13259038,1341,649
2009,Plot Area,Lucknow,Furnished,13258906,1366,680
2005,Plot Area,Delhi,Furnished,13258532,1334,660
1997,Super Area,Noida,Semi-Furnished,13258473,1315,657
2013,Plot Area,Thane,Semi-Furnished,13258355,1326,675
2016,Built Area,Chennai,Unfurnished,13258207,1340,670
2011,Plot Area,Aurangabad,Furnished,13258033,1279,642
2010,Plot Area,Varanasi,Unfurnished,13257728,1276,643
2013,Carpet Area,Visakhapatnam,Unfurnished,13257671,1287,656
2000,Built Area,Jodhpur,Unfurnished,13257617,1348,675
2002,Carpet Area,Kalyan-Dombivli,Unfurnished,13257571,1304,667
1994,Plot Area,Nashik,Unfurnished,13256965,1311,663
2008,Carpet Area,Delhi,Semi-Furnished,13256814,1355,661
2016,Built Area,Vijayawada,Semi-Furnished,13256783,1300,647
2006,Carpet Area,Aurangabad,Furnished,13256529,1423,691
2008,Carpet Area,Jaipur,Furnished,13256411,1378,697
1990,Carpet Area,Agra,Unfurnished,13256285,1399,692
1994,Super Area,Aurangabad,Unfurnished,13256204,1301,668
1997,Super Area,Surat,Unfurnished,13256092,1316,651
2021,Plot Area,Thane,Unfurnished,13255738,1338,651
2008,Carpet Area,Hyderabad,Furnished,13255619,1346,644
2015,Plot Area,Ranchi,Unfurnished,13255475,1342,679
2002,Super Area,Amritsar,Unfurnished,13255418,1377,668
2006,Super Area,Chennai,Furnished,13255369,1279,641
2000,Carpet Area,Bangalore,Unfurnished,13255358,1260,638
1996,Plot Area,Ludhiana,Unfurnished,13255341,1320,656
1991,Carpet Area,Aurangabad,Furnished,13255223,1309,658
1996,Super Area,Jaipur,Unfurnished,13255188,1381,681
2019,Built Area,Nagpur,Furnished,13255144,1323,662
2020,Super Area,Bangalore,Furnished,13254759,1324,664
2017,Plot Area,Kanpur,Furnished,13254353,1346,682
1993,Built Area,Amritsar,Furnished,13253748,1352,677
2021,Carpet Area,Navi Mumbai,Unfurnished,13253638,1321,663
2021,Plot Area,Thane,Furnished,13252977,1315,664
2012,Built Area,Mangalore,Furnished,13252937,1325,678
2012,Super Area,Faridabad,Furnished,13252655,1341,672
1990,Built Area,Navi Mumbai,Unfurnished,13252598,1365,691
1997,Plot Area,Ranchi,Unfurnished,13252559,1381,681
1992,Super Area,Pune,Furnished,13252538,1329,651
2015,Super Area,Nashik,Furnished,13251996,1385,694
2015,Carpet Area,Ranchi,Unfurnished,13251915,1338,680
1998,Super Area,Delhi,Unfurnished,13251855,1403,711
2018,Carpet Area,Mumbai,Semi-Furnished,13251692,1238,630
1996,Carpet Area,Ahmedabad,Furnished,13251593,1348,663
1993,Carpet Area,Lucknow,Furnished,13251579,1384,670
2006,Built Area,Varanasi,Furnished,13251548,1341,669
2006,Carpet Area,Ludhiana,Semi-Furnished,13251530,1335,667
2009,Built Area,Surat,Furnished,13251403,1292,651
2007,Carpet Area,Gwalior,Unfurnished,13251264,1320,654
2018,Built Area,Gwalior,Furnished,13250840,1304,661
2016,Built Area,Rajkot,Unfurnished,13250702,1246,635
2004,Super Area,Ranchi,Furnished,13250690,1295,644
2012,Plot Area,Thane,Furnished,13250666,1392,691
2016,Built Area,Navi Mumbai,Unfurnished,13250642,1234,631
2018,Super Area,Agra,Furnished,13250629,1336,697
2017,Built Area,Noida,Furnished,13250372,1353,675
1996,Carpet Area,Thane,Furnished,13250294,1327,669
2011,Plot Area,Ghaziabad,Semi-Furnished,13250126,1371,682
2000,Carpet Area,Agra,Semi-Furnished,13249553,1293,646
1993,Plot Area,Bangalore,Semi-Furnished,13249546,1365,682
1996,Built Area,Mysore,Furnished,13249174,1330,657
2016,Plot Area,Jodhpur,Semi-Furnished,13249024,1371,669
2011,Super Area,Mysore,Semi-Furnished,13249014,1349,690
2015,Carpet Area,Bangalore,Semi-Furnished,13248894,1308,650
2013,Carpet Area,Noida,Semi-Furnished,13248836,1410,700
2021,Super Area,Kolkata,Unfurnished,13248247,1262,647
1999,Built Area,Nagpur,Unfurnished,13248149,1340,682
2006,Built Area,Ahmedabad,Semi-Furnished,13248149,1345,673
2002,Super Area,Lucknow,Furnished,13247818,1278,653
1993,Plot Area,Hyderabad,Semi-Furnished,13247398,1409,688
2013,Super Area,Mysore,Unfurnished,13247349,1299,652
2001,Carpet Area,Kolkata,Furnished,13246961,1367,670
2015,Carpet Area,Chennai,Unfurnished,13246930,1347,679
1997,Plot Area,Vadodara,Semi-Furnished,13246799,1332,679
2002,Plot Area,Patna,Semi-Furnished,13246568,1339,664
1996,Built Area,Kalyan-Dombivli,Semi-Furnished,13246533,1345,667
2016,Super Area,Mangalore,Unfurnished,13246192,1317,662
1992,Built Area,Aurangabad,Unfurnished,13246001,1254,628
2003,Plot Area,Nashik,Unfurnished,13245879,1382,684
1997,Carpet Area,Ranchi,Semi-Furnished,13245454,1382,693
1993,Carpet Area,Ludhiana,Unfurnished,13245069,1251,646
2009,Plot Area,Bangalore,Unfurnished,13244997,1296,650
2013,Carpet Area,Jaipur,Unfurnished,13244973,1364,678
2005,Built Area,Lucknow,Unfurnished,13244867,1326,670
2012,Built Area,Nashik,Furnished,13244817,1350,667
2009,Built Area,Bhopal,Semi-Furnished,13244603,1381,684
1991,Super Area,Delhi,Semi-Furnished,13244569,1365,682
2000,Plot Area,Chandigarh,Unfurnished,13244436,1346,673
2005,Carpet Area,Visakhapatnam,Furnished,13244204,1423,708
2017,Plot Area,Varanasi,Furnished,13243378,1379,677
2003,Carpet Area,Ludhiana,Unfurnished,13243277,1282,664
2006,Carpet Area,Ghaziabad,Unfurnished,13243138,1322,646
2006,Super Area,Chandigarh,Furnished,13243041,1308,663
2003,Built Area,Faridabad,Semi-Furnished,13242678,1310,646
1992,Plot Area,Jodhpur,Furnished,13242662,1369,676
2011,Carpet Area,Vijayawada,Unfurnished,13242585,1352,673
2003,Built Area,Amritsar,Semi-Furnished,13242343,1302,653
1992,Super Area,Aurangabad,Unfurnished,13242244,1348,661
1997,Super Area,Navi Mumbai,Semi-Furnished,13242220,1284,650
2010,Super Area,Mangalore,Furnished,13242107,1312,661
2019,Built Area,Mumbai,Semi-Furnished,13242053,1301,651
1997,Carpet Area,Nashik,Furnished,13241522,1367,682
2013,Plot Area,Rajkot,Semi-Furnished,13241313,1347,687
2012,Carpet Area,Meerut,Furnished,13241174,1307,666
2001,Built Area,Ghaziabad,Furnished,13241004,1320,648
2021,Built Area,Nashik,Semi-Furnished,13240973,1371,686
2017,Plot Area,Visakhapatnam,Semi-Furnished,13240578,1320,661
2017,Super Area,Kalyan-Dombivli,Unfurnished,13240509,1256,648
1993,Plot Area,Mysore,Unfurnished,13240281,1282,661
1997,Super Area,Chennai,Semi-Furnished,13240171,1380,691
1998,Plot Area,Chennai,Unfurnished,13239982,1351,677
2012,Super Area,Hyderabad,Furnished,13239816,1357,671
2000,Plot Area,Chennai,Semi-Furnished,13239790,1369,681
2016,Built Area,Varanasi,Semi-Furnished,13239746,1380,672
1990,Plot Area,Bangalore,Furnished,13239677,1309,652
2008,Built Area,Varanasi,Semi-Furnished,13239421,1339,674
2015,Built Area,Vijayawada,Semi-Furnished,13239326,1411,708
1994,Super Area,Surat,Semi-Furnished,13239255,1282,644
2000,Super Area,Bhopal,Unfurnished,13239247,1255,636
2005,Plot Area,Nagpur,Furnished,13239067,1384,683
2014,Plot Area,Agra,Unfurnished,13238810,1310,665
2012,Plot Area,Jaipur,Furnished,13238731,1258,632
1994,Plot Area,Chandigarh,Semi-Furnished,13238665,1359,702
1999,Built Area,Ranchi,Unfurnished,13238297,1313,663
2014,Plot Area,Gwalior,Unfurnished,13238253,1378,691
2001,Built Area,Delhi,Semi-Furnished,13237967,1236,624
1990,Plot Area,Kalyan-Dombivli,Semi-Furnished,13237951,1386,672
2011,Super Area,Vijayawada,Unfurnished,13237819,1344,662
2009,Carpet Area,Jaipur,Semi-Furnished,13237750,1328,661
2004,Built Area,Ranchi,Furnished,13237680,1298,654
1996,Plot Area,Chandigarh,Unfurnished,13237642,1281,643
2001,Super Area,Aurangabad,Semi-Furnished,13237570,1345,674
1996,Carpet Area,Surat,Furnished,13237539,1292,656
2020,Plot Area,Surat,Unfurnished,13237400,1382,686
2020,Super Area,Coimbatore,Unfurnished,13237391,1363,669
2021,Super Area,Rajkot,Semi-Furnished,13237328,1303,648
1998,Super Area,Rajkot,Furnished,13237307,1310,655
2006,Built Area,Noida,Furnished,13237253,1318,674
2012,Plot Area,Visakhapatnam,Unfurnished,13237011,1376,674
2000,Plot Area,Coimbatore,Semi-Furnished,13236809,1353,670
1999,Plot Area,Nagpur,Semi-Furnished,13236593,1317,659
1991,Plot Area,Coimbatore,Semi-Furnished,13236254,1369,673
1995,Built Area,Bhopal,Semi-Furnished,13236239,1279,647
2000,Built Area,Nagpur,Unfurnished,13236235,1320,649
2010,Carpet Area,Coimbatore,Unfurnished,13236158,1318,671
2021,Built Area,Thane,Unfurnished,13236107,1361,676
2019,Plot Area,Chennai,Unfurnished,13236070,1281,637
1991,Carpet Area,Bangalore,Unfurnished,13235902,1321,652
2004,Super Area,Vadodara,Unfurnished,13235831,1262,637
2018,Built Area,Vijayawada,Furnished,13235776,1332,670
1994,Plot Area,Kalyan-Dombivli,Unfurnished,13235768,1364,677
2011,Plot Area,Faridabad,Semi-Furnished,13235762,1337,660
2003,Super Area,Chandigarh,Unfurnished,13235758,1316,663
2014,Plot Area,Ludhiana,Semi-Furnished,13235639,1269,646
2000,Carpet Area,Faridabad,Furnished,13235540,1312,654
2015,Super Area,Meerut,Furnished,13235231,1367,670
2008,Carpet Area,Vijayawada,Unfurnished,13235190,1368,668
1995,Plot Area,Bangalore,Furnished,13235182,1369,669
2003,Super Area,Kolkata,Semi-Furnished,13235164,1331,655
2017,Plot Area,Visakhapatnam,Furnished,13235040,1339,655
1991,Super Area,Amritsar,Semi-Furnished,13234699,1290,630
1993,Plot Area,Jodhpur,Unfurnished,13234562,1332,681
1999,Super Area,Ludhiana,Unfurnished,13234408,1345,668
2004,Carpet Area,Indore,Furnished,13234381,1380,686
2017,Plot Area,Jaipur,Furnished,13234339,1294,663
2011,Carpet Area,Kanpur,Unfurnished,13234028,1306,641
2008,Plot Area,Kanpur,Semi-Furnished,13233774,1347,682
1994,Super Area,Thane,Furnished,13233694,1261,665
1991,Built Area,Indore,Furnished,13233056,1342,659
1995,Super Area,Kalyan-Dombivli,Semi-Furnished,13232795,1263,637
2005,Super Area,Chennai,Semi-Furnished,13232579,1343,683
2021,Built Area,Kalyan-Dombivli,Unfurnished,13232508,1272,631
1998,Super Area,Chennai,Furnished,13232477,1313,654
1991,Carpet Area,Jaipur,Semi-Furnished,13232415,1334,663
2002,Super Area,Amritsar,Furnished,13232128,1348,657
2012,Plot Area,Kalyan-Dombivli,Unfurnished,13231868,1348,669
2011,Built Area,Noida,Furnished,13231719,1348,669
2005,Plot Area,Amritsar,Semi-Furnished,13231492,1359,683
2009,Super Area,Kalyan-Dombivli,Unfurnished,13231490,1309,654
1991,Super Area,Visakhapatnam,Furnished,13231470,1346,678
2020,Plot Area,Hyderabad,Semi-Furnished,13231375,1299,659
1997,Built Area,Nagpur,Furnished,13231329,1345,663
2015,Plot Area,Lucknow,Unfurnished,13231244,1366,674
2020,Super Area,Kolkata,Furnished,13230644,1316,663
2009,Carpet Area,Chennai,Unfurnished,13230525,1311,662
1993,Built Area,Vadodara,Semi-Furnished,13230416,1329,678
2004,Built Area,Vijayawada,Furnished,13230235,1323,686
2000,Built Area,Chandigarh,Unfurnished,13229929,1305,656
1992,Carpet Area,Meerut,Unfurnished,13229731,1317,652
2014,Carpet Area,Pune,Unfurnished,13229674,1296,649
2019,Super Area,Ranchi,Furnished,13229452,1386,677
2000,Carpet Area,Amritsar,Unfurnished,13229422,1444,715
2013,Plot Area,Hyderabad,Semi-Furnished,13229412,1331,662
2009,Built Area,Chennai,Furnished,13229261,1283,665
2009,Plot Area,Ranchi,Semi-Furnished,13229098,1422,708
2002,Carpet Area,Chandigarh,Semi-Furnished,13229083,1315,660
2018,Carpet Area,Meerut,Semi-Furnished,13228779,1340,679
2000,Built Area,Faridabad,Unfurnished,13228770,1311,664
2010,Built Area,Chennai,Unfurnished,13228700,1390,690
2020,Plot Area,Navi Mumbai,Unfurnished,13228393,1336,669
1996,Carpet Area,Patna,Semi-Furnished,13228182,1347,671
2000,Plot Area,Vijayawada,Furnished,13227928,1336,659
2008,Super Area,Mysore,Unfurnished,13227844,1301,648
1998,Built Area,Delhi,Semi-Furnished,13227652,1265,636
2004,Plot Area,Meerut,Semi-Furnished,13227281,1284,655
1990,Plot Area,Surat,Furnished,13226998,1363,667
2007,Super Area,Mumbai,Unfurnished,13226923,1310,675
2014,Built Area,Mumbai,Unfurnished,13226901,1316,668
2012,Carpet Area,Surat,Unfurnished,13226850,1330,649
1999,Carpet Area,Chandigarh,Unfurnished,13226727,1331,654
1996,Plot Area,Aurangabad,Semi-Furnished,13226698,1294,653
1994,Built Area,Chennai,Unfurnished,13226503,1362,672
2014,Built Area,Mumbai,Furnished,13226183,1323,667
2006,Super Area,Lucknow,Furnished,13226158,1430,707
2016,Carpet Area,Ahmedabad,Semi-Furnished,13226118,1352,689
2005,Carpet Area,Hyderabad,Unfurnished,13226059,1321,658
2005,Carpet Area,Amritsar,Semi-Furnished,13226034,1364,672
1993,Super Area,Indore,Semi-Furnished,13225980,1307,663
2001,Built Area,Nashik,Semi-Furnished,13225938,1408,700
1991,Built Area,Ranchi,Unfurnished,13225753,1365,671
1993,Built Area,Mysore,Furnished,13225621,1344,669
2007,Super Area,Meerut,Furnished,13225609,1269,631
2010,Carpet Area,Chennai,Semi-Furnished,13225576,1309,657
1990,Built Area,Noida,Semi-Furnished,13225503,1289,648
2006,Built Area,Nagpur,Furnished,13225471,1280,650
2004,Plot Area,Varanasi,Unfurnished,13225014,1354,665
2014,Built Area,Vadodara,Unfurnished,13224766,1323,664
2001,Carpet Area,Aurangabad,Furnished,13224561,1332,679
2007,Built Area,Vadodara,Semi-Furnished,13224459,1254,627
2021,Built Area,Nagpur,Semi-Furnished,13224434,1328,667
2010,Carpet Area,Coimbatore,Furnished,13224388,1363,676
1995,Carpet Area,Jodhpur,Semi-Furnished,13224314,1326,661
2001,Carpet Area,Bhopal,Furnished,13224288,1332,659
1994,Built Area,Coimbatore,Furnished,13224150,1272,625
2020,Plot Area,Pune,Furnished,13224073,1312,662
2002,Carpet Area,Aurangabad,Unfurnished,13223920,1296,686
2013,Plot Area,Chandigarh,Furnished,13223777,1281,649
2003,Built Area,Bhopal,Furnished,13223558,1389,704
1991,Super Area,Surat,Furnished,13223429,1318,665
2009,Super Area,Varanasi,Semi-Furnished,13223122,1367,684
2014,Built Area,Ghaziabad,Unfurnished,13222872,1325,651
2017,Carpet Area,Kanpur,Semi-Furnished,13222725,1266,650
2011,Built Area,Mumbai,Unfurnished,13222699,1292,649
2017,Carpet Area,Amritsar,Unfurnished,13222491,1303,670
2011,Built Area,Kalyan-Dombivli,Furnished,13222118,1313,663
1993,Super Area,Chennai,Furnished,13221747,1352,668
2012,Super Area,Jaipur,Semi-Furnished,13221606,1407,698
2014,Plot Area,Kolkata,Unfurnished,13221519,1335,684
2012,Carpet Area,Visakhapatnam,Unfurnished,13221238,1307,648
2000,Super Area,Kanpur,Furnished,13221203,1365,675
2012,Super Area,Ranchi,Semi-Furnished,13221117,1377,672
2002,Built Area,Amritsar,Furnished,13221064,1397,690
2003,Carpet Area,Mumbai,Semi-Furnished,13221014,1345,655
1995,Built Area,Hyderabad,Furnished,13220753,1284,629
2009,Built Area,Visakhapatnam,Furnished,13220715,1390,693
2014,Built Area,Mangalore,Semi-Furnished,13220694,1343,662
2014,Super Area,Aurangabad,Semi-Furnished,13220542,1374,673
2008,Super Area,Chandigarh,Unfurnished,13220483,1389,677
1998,Super Area,Kanpur,Furnished,13220236,1337,674
1994,Carpet Area,Chennai,Furnished,13220097,1396,674
2004,Plot Area,Ahmedabad,Furnished,13220040,1316,661
2018,Built Area,Patna,Furnished,13219858,1301,660
2012,Plot Area,Agra,Unfurnished,13219842,1296,653
2013,Super Area,Bhopal,Semi-Furnished,13219581,1310,651
2008,Built Area,Hyderabad,Furnished,13219515,1305,663
2011,Plot Area,Ranchi,Furnished,13219059,1333,655
2002,Carpet Area,Chennai,Semi-Furnished,13219020,1341,683
2012,Plot Area,Jaipur,Semi-Furnished,13218918,1298,638
2018,Plot Area,Mangalore,Unfurnished,13218862,1319,669
1997,Built Area,Mumbai,Semi-Furnished,13218761,1305,671
2009,Plot Area,Visakhapatnam,Furnished,13218614,1337,651
2006,Carpet Area,Lucknow,Unfurnished,13218262,1416,698
2012,Carpet Area,Delhi,Semi-Furnished,13218220,1314,660
1992,Carpet Area,Patna,Semi-Furnished,13218153,1278,668
2019,Super Area,Kanpur,Semi-Furnished,13218142,1329,667
1999,Super Area,Vijayawada,Unfurnished,13217997,1360,678
2002,Super Area,Kalyan-Dombivli,Furnished,13217980,1273,644
2003,Carpet Area,Jaipur,Furnished,13217610,1282,637
2011,Built Area,Kanpur,Semi-Furnished,13217197,1325,679
1992,Plot Area,Chennai,Semi-Furnished,13217185,1361,681
2014,Carpet Area,Rajkot,Furnished,13217181,1294,669
2020,Super Area,Delhi,Semi-Furnished,13217034,1351,672
2018,Built Area,Kolkata,Furnished,13216907,1319,666
2020,Super Area,Navi Mumbai,Furnished,13216816,1276,640
1992,Super Area,Bangalore,Unfurnished,13216568,1328,678
1998,Super Area,Ghaziabad,Unfurnished,13216510,1335,663
2001,Built Area,Ranchi,Furnished,13216164,1334,674
2001,Super Area,Vadodara,Furnished,13215932,1322,659
2015,Super Area,Bhopal,Furnished,13215907,1309,668
1993,Super Area,Mumbai,Furnished,13215883,1272,650
2020,Super Area,Bhopal,Unfurnished,13215695,1380,684
2006,Super Area,Mumbai,Furnished,13215261,1374,674
2007,Carpet Area,Ludhiana,Furnished,13215253,1271,645
2003,Built Area,Visakhapatnam,Furnished,13215111,1305,650
2011,Built Area,Mysore,Furnished,13215077,1358,668
2020,Plot Area,Visakhapatnam,Unfurnished,13215058,1299,647
2017,Built Area,Thane,Semi-Furnished,13215047,1378,691
1990,Super Area,Vadodara,Semi-Furnished,13214538,1304,668
2014,Super Area,Bhopal,Semi-Furnished,13214477,1268,637
1999,Built Area,Rajkot,Furnished,13214420,1288,643
2002,Plot Area,Aurangabad,Semi-Furnished,13214408,1258,638
2009,Plot Area,Chennai,Furnished,13214378,1257,632
2008,Super Area,Bangalore,Unfurnished,13214179,1320,665
2003,Super Area,Kalyan-Dombivli,Semi-Furnished,13214165,1347,685
2016,Built Area,Agra,Unfurnished,13213878,1322,654
2001,Built Area,Indore,Semi-Furnished,13213810,1306,667
2002,Built Area,Mysore,Furnished,13213742,1328,665
2013,Carpet Area,Surat,Unfurnished,13213728,1292,650
2003,Plot Area,Varanasi,Furnished,13213612,1338,671
2002,Plot Area,Nagpur,Furnished,13213271,1352,690
2015,Built Area,Pune,Furnished,13212858,1319,659
1994,Plot Area,Mangalore,Unfurnished,13212840,1322,648
2006,Super Area,Ghaziabad,Furnished,13212558,1248,640
2020,Carpet Area,Bhopal,Semi-Furnished,13212542,1329,670
1995,Built Area,Ranchi,Unfurnished,13212332,1326,664
2010,Super Area,Chandigarh,Furnished,13212328,1332,671
2009,Super Area,Gwalior,Furnished,13212261,1435,707
2006,Built Area,Indore,Unfurnished,13212200,1340,655
2016,Carpet Area,Ahmedabad,Furnished,13212162,1323,651
2001,Built Area,Bangalore,Furnished,13211977,1361,669
2004,Super Area,Amritsar,Semi-Furnished,13211957,1376,678
1994,Built Area,Vadodara,Furnished,13211614,1299,651
2019,Built Area,Chandigarh,Unfurnished,13211352,1317,645
1994,Built Area,Faridabad,Semi-Furnished,13211306,1351,676
2010,Plot Area,Ghaziabad,Unfurnished,13211206,1349,674
2015,Super Area,Pune,Furnished,13210842,1295,666
1993,Built Area,Visakhapatnam,Semi-Furnished,13210801,1316,667
2013,Super Area,Mumbai,Furnished,13210725,1407,684
2002,Super Area,Thane,Semi-Furnished,13210666,1352,678
2004,Carpet Area,Nagpur,Unfurnished,13210393,1351,671
2015,Built Area,Faridabad,Unfurnished,13210387,1345,661
2004,Built Area,Coimbatore,Furnished,13210151,1346,677
2003,Carpet Area,Jodhpur,Semi-Furnished,13210150,1390,690
1996,Built Area,Coimbatore,Furnished,13209980,1365,691
2013,Plot Area,Lucknow,Unfurnished,13209877,1323,666
2001,Carpet Area,Agra,Semi-Furnished,13209733,1363,675
1996,Carpet Area,Visakhapatnam,Furnished,13209718,1355,681
1991,Plot Area,Ahmedabad,Unfurnished,13209706,1336,654
2012,Plot Area,Pune,Furnished,13209667,1351,670
2017,Carpet Area,Patna,Unfurnished,13209532,1311,666
2021,Super Area,Faridabad,Furnished,13209512,1319,652
2006,Plot Area,Patna,Semi-Furnished,13209434,1354,679
2021,Built Area,Kalyan-Dombivli,Semi-Furnished,13209101,1300,656
1990,Super Area,Vadodara,Unfurnished,13208989,1278,661
2020,Plot Area,Aurangabad,Semi-Furnished,13208985,1362,674
1999,Carpet Area,Delhi,Furnished,13208885,1381,675
2015,Built Area,Ranchi,Unfurnished,13208808,1394,699
1994,Super Area,Bhopal,Furnished,13208769,1350,690
2011,Super Area,Amritsar,Furnished,13208757,1336,673
1991,Carpet Area,Pune,Unfurnished,13208714,1237,639
2014,Carpet Area,Thane,Furnished,13208706,1401,681
2020,Super Area,Vadodara,Semi-Furnished,13208661,1319,652
1997,Plot Area,Indore,Semi-Furnished,13208220,1376,689
1991,Super Area,Kalyan-Dombivli,Unfurnished,13208136,1367,685
2013,Super Area,Aurangabad,Semi-Furnished,13208009,1334,676
2018,Plot Area,Kolkata,Semi-Furnished,13207951,1373,668
1991,Carpet Area,Ranchi,Semi-Furnished,13207368,1420,692
1991,Plot Area,Nagpur,Unfurnished,13207117,1325,667
2017,Carpet Area,Visakhapatnam,Furnished,13207001,1351,670
2021,Carpet Area,Ahmedabad,Unfurnished,13206953,1371,682
2018,Built Area,Rajkot,Semi-Furnished,13206918,1353,671
2015,Plot Area,Nagpur,Semi-Furnished,13206807,1338,660
2009,Super Area,Aurangabad,Unfurnished,13206722,1296,657
2017,Built Area,Noida,Unfurnished,13206546,1266,654
2017,Carpet Area,Jaipur,Semi-Furnished,13206454,1308,670
1997,Built Area,Nashik,Semi-Furnished,13206443,1242,637
1998,Plot Area,Ahmedabad,Furnished,13206426,1388,686
2014,Plot Area,Hyderabad,Furnished,13206270,1332,677
1993,Super Area,Delhi,Unfurnished,13206205,1428,694
2007,Plot Area,Hyderabad,Unfurnished,13206132,1267,654
2010,Super Area,Navi Mumbai,Furnished,13205918,1327,667
1992,Super Area,Ahmedabad,Semi-Furnished,13205858,1414,688
2016,Super Area,Delhi,Unfurnished,13205787,1358,670
2021,Carpet Area,Ghaziabad,Furnished,13205633,1279,645
1997,Carpet Area,Gwalior,Furnished,13205523,1359,685
1991,Carpet Area,Mangalore,Unfurnished,13205482,1332,668
2019,Built Area,Kolkata,Furnished,13205450,1364,682
2005,Super Area,Hyderabad,Furnished,13205336,1357,662
2005,Built Area,Kolkata,Furnished,13205327,1331,676
2007,Plot Area,Agra,Furnished,13205039,1332,676
2007,Carpet Area,Ranchi,Semi-Furnished,13204964,1322,684
1999,Super Area,Thane,Unfurnished,13204866,1295,647
2003,Super Area,Ahmedabad,Furnished,13204758,1337,669
1993,Super Area,Ranchi,Furnished,13204746,1333,660
2016,Carpet Area,Chennai,Furnished,13204631,1338,674
2020,Carpet Area,Jaipur,Furnished,13204476,1277,642
1996,Super Area,Lucknow,Furnished,13204418,1259,649
2020,Built Area,Patna,Unfurnished,13204406,1324,656
2021,Plot Area,Ghaziabad,Furnished,13204266,1373,678
2016,Plot Area,Ranchi,Unfurnished,13203865,1385,709
2006,Plot Area,Bangalore,Unfurnished,13203826,1381,687
1993,Carpet Area,Varanasi,Furnished,13203704,1356,682
2016,Plot Area,Bhopal,Semi-Furnished,13203496,1339,656
2006,Built Area,Ahmedabad,Unfurnished,13203481,1329,665
2005,Built Area,Ghaziabad,Semi-Furnished,13203374,1348,670
2011,Built Area,Amritsar,Furnished,13203291,1364,668
2003,Super Area,Thane,Unfurnished,13202862,1311,651
1993,Super Area,Lucknow,Furnished,13202845,1404,684
2007,Super Area,Lucknow,Furnished,13202809,1226,642
2004,Super Area,Hyderabad,Semi-Furnished,13202712,1347,663
2012,Plot Area,Gwalior,Semi-Furnished,13202506,1283,646
2002,Built Area,Hyderabad,Unfurnished,13202348,1328,669
1994,Carpet Area,Ludhiana,Unfurnished,13202306,1317,655
2001,Plot Area,Jaipur,Semi-Furnished,13202206,1345,664
1994,Plot Area,Surat,Unfurnished,13202197,1264,649
1996,Carpet Area,Kanpur,Unfurnished,13202143,1336,679
2015,Plot Area,Visakhapatnam,Unfurnished,13201985,1376,672
2008,Plot Area,Bhopal,Semi-Furnished,13201984,1395,679
2005,Built Area,Delhi,Semi-Furnished,13201861,1402,687
1997,Super Area,Thane,Unfurnished,13201797,1346,674
1998,Plot Area,Delhi,Unfurnished,13201740,1344,672
2009,Super Area,Chennai,Unfurnished,13201572,1267,630
2011,Plot Area,Ahmedabad,Semi-Furnished,13201568,1323,658
2020,Built Area,Visakhapatnam,Furnished,13201370,1364,679
2018,Built Area,Jaipur,Semi-Furnished,13200870,1231,620
2016,Carpet Area,Kalyan-Dombivli,Furnished,13200788,1320,666
1995,Super Area,Thane,Unfurnished,13200730,1322,665
2007,Plot Area,Jaipur,Semi-Furnished,13200716,1351,657
2021,Super Area,Chennai,Unfurnished,13200650,1326,656
1999,Carpet Area,Ahmedabad,Semi-Furnished,13200594,1300,645
2020,Super Area,Nagpur,Unfurnished,13200587,1400,683
1993,Carpet Area,Ghaziabad,Furnished,13200585,1344,662
1997,Carpet Area,Bangalore,Unfurnished,13200574,1284,658
2014,Plot Area,Ahmedabad,Semi-Furnished,13200560,1337,668
2005,Plot Area,Kalyan-Dombivli,Furnished,13200410,1336,683
2004,Carpet Area,Noida,Unfurnished,13200360,1354,681
1996,Built Area,Mangalore,Unfurnished,13200032,1376,688
2006,Carpet Area,Nagpur,Furnished,13199675,1313,673
2015,Plot Area,Mangalore,Unfurnished,13199457,1352,651
1998,Super Area,Pune,Unfurnished,13199328,1283,638
2001,Carpet Area,Kalyan-Dombivli,Furnished,13199068,1367,663
1995,Built Area,Thane,Unfurnished,13198962,1332,669
2001,Built Area,Patna,Furnished,13198944,1345,679
1990,Super Area,Nashik,Unfurnished,13198743,1317,660
1990,Plot Area,Delhi,Unfurnished,13198702,1302,648
2019,Super Area,Faridabad,Unfurnished,13198660,1320,670
2004,Plot Area,Noida,Unfurnished,13198614,1316,668
2017,Plot Area,Mysore,Unfurnished,13198558,1357,668
2000,Built Area,Aurangabad,Unfurnished,13198513,1322,676
2011,Plot Area,Visakhapatnam,Semi-Furnished,13198482,1310,671
2014,Super Area,Jaipur,Unfurnished,13198257,1332,652
2005,Super Area,Mumbai,Furnished,13197930,1346,673
2016,Plot Area,Kolkata,Furnished,13197791,1341,661
2005,Carpet Area,Ranchi,Semi-Furnished,13197758,1331,672
1991,Built Area,Delhi,Furnished,13197698,1309,661
2013,Built Area,Navi Mumbai,Unfurnished,13197369,1339,665
2001,Plot Area,Mangalore,Semi-Furnished,13197329,1360,668
2010,Built Area,Mumbai,Semi-Furnished,13197281,1251,633
2005,Super Area,Chennai,Unfurnished,13197127,1270,636
2005,Carpet Area,Ahmedabad,Unfurnished,13196935,1371,675
2000,Super Area,Kolkata,Furnished,13196877,1342,673
2002,Carpet Area,Mumbai,Furnished,13196823,1225,634
1991,Built Area,Bhopal,Furnished,13196743,1345,664
2020,Carpet Area,Visakhapatnam,Furnished,13196492,1318,649
1992,Built Area,Thane,Furnished,13196336,1301,653
2014,Carpet Area,Visakhapatnam,Semi-Furnished,13196315,1362,684
2004,Built Area,Navi Mumbai,Unfurnished,13196194,1287,649
1997,Carpet Area,Aurangabad,Semi-Furnished,13196166,1303,665
2015,Built Area,Varanasi,Furnished,13196100,1370,673
1999,Carpet Area,Ludhiana,Semi-Furnished,13196068,1355,671
2011,Super Area,Nagpur,Semi-Furnished,13196024,1419,688
2006,Carpet Area,Mumbai,Furnished,13196020,1360,674
1994,Built Area,Kanpur,Semi-Furnished,13195745,1366,677
2005,Built Area,Chennai,Semi-Furnished,13195562,1374,662
2004,Carpet Area,Aurangabad,Furnished,13195509,1324,661
1992,Super Area,Mangalore,Unfurnished,13195345,1356,673
2019,Carpet Area,Mangalore,Semi-Furnished,13195261,1348,669
2012,Super Area,Kanpur,Unfurnished,13194969,1311,651
1997,Carpet Area,Delhi,Unfurnished,13194929,1311,672
2020,Plot Area,Hyderabad,Unfurnished,13194816,1334,645
2007,Carpet Area,Mumbai,Unfurnished,13194157,1271,636
2018,Plot Area,Bhopal,Furnished,13193808,1346,680
2003,Built Area,Kolkata,Unfurnished,13193800,1271,654
2015,Built Area,Surat,Furnished,13193772,1380,678
2001,Super Area,Vadodara,Unfurnished,13193295,1356,693
1995,Carpet Area,Kalyan-Dombivli,Furnished,13193229,1309,659
2001,Super Area,Varanasi,Unfurnished,13193071,1285,655
1998,Carpet Area,Nashik,Unfurnished,13192953,1329,658
2018,Plot Area,Vadodara,Unfurnished,13192829,1324,660
2016,Plot Area,Aurangabad,Furnished,13192507,1401,694
2006,Carpet Area,Rajkot,Furnished,13192386,1355,674
2019,Carpet Area,Vadodara,Unfurnished,13192346,1350,669
2016,Plot Area,Agra,Semi-Furnished,13192295,1307,659
1994,Carpet Area,Surat,Unfurnished,13192203,1368,687
2017,Carpet Area,Gwalior,Unfurnished,13192134,1288,646
2017,Carpet Area,Pune,Furnished,13192046,1307,652
1994,Plot Area,Mumbai,Semi-Furnished,13191899,1325,662
2005,Super Area,Varanasi,Furnished,13191859,1357,671
2017,Plot Area,Kalyan-Dombivli,Semi-Furnished,13191568,1360,682
2013,Super Area,Bangalore,Unfurnished,13191503,1412,698
2019,Plot Area,Bhopal,Unfurnished,13191488,1356,664
2020,Super Area,Amritsar,Furnished,13191440,1380,690
2005,Built Area,Jaipur,Unfurnished,13191361,1339,669
1991,Built Area,Nashik,Semi-Furnished,13191264,1323,654
1992,Super Area,Ludhiana,Unfurnished,13191166,1356,659
1997,Plot Area,Mangalore,Furnished,13190972,1305,658
2000,Super Area,Ranchi,Semi-Furnished,13190800,1297,662
1991,Built Area,Indore,Unfurnished,13190485,1297,668
1992,Super Area,Patna,Furnished,13190092,1312,642
2018,Plot Area,Visakhapatnam,Furnished,13189554,1296,658
2017,Carpet Area,Kolkata,Semi-Furnished,13189546,1261,634
2012,Built Area,Navi Mumbai,Unfurnished,13189457,1342,666
1992,Plot Area,Kalyan-Dombivli,Semi-Furnished,13189242,1317,661
1998,Plot Area,Agra,Furnished,13189175,1345,652
1993,Carpet Area,Bangalore,Semi-Furnished,13189107,1344,661
2011,Plot Area,Vadodara,Unfurnished,13188978,1276,652
1991,Plot Area,Ranchi,Semi-Furnished,13188946,1361,675
2017,Super Area,Meerut,Unfurnished,13188640,1302,652
1997,Built Area,Meerut,Furnished,13188508,1334,671
2021,Super Area,Meerut,Semi-Furnished,13188507,1325,661
2005,Built Area,Coimbatore,Unfurnished,13188320,1333,670
1996,Built Area,Mysore,Semi-Furnished,13188199,1339,662
2013,Plot Area,Indore,Semi-Furnished,13188067,1295,666
1990,Carpet Area,Chennai,Unfurnished,13187983,1398,690
2008,Carpet Area,Delhi,Unfurnished,13187943,1276,646
2008,Plot Area,Thane,Semi-Furnished,13187786,1327,669
2005,Plot Area,Bangalore,Semi-Furnished,13187757,1322,661
1999,Super Area,Hyderabad,Semi-Furnished,13187726,1377,698
2021,Built Area,Meerut,Unfurnished,13187564,1314,667
1999,Super Area,Aurangabad,Semi-Furnished,13187457,1380,675
2008,Super Area,Nagpur,Unfurnished,13187377,1305,678
1990,Plot Area,Mangalore,Unfurnished,13187268,1303,645
2001,Plot Area,Noida,Furnished,13187097,1282,647
1997,Plot Area,Ahmedabad,Semi-Furnished,13187076,1380,691
2013,Plot Area,Aurangabad,Unfurnished,13186964,1305,639
2008,Built Area,Patna,Semi-Furnished,13186830,1304,675
2001,Plot Area,Coimbatore,Unfurnished,13186548,1305,653
2017,Built Area,Bhopal,Semi-Furnished,13186502,1305,662
1995,Built Area,Nagpur,Semi-Furnished,13186464,1351,667
1998,Carpet Area,Jodhpur,Semi-Furnished,13186199,1384,682
2020,Built Area,Jodhpur,Furnished,13185965,1361,684
2008,Super Area,Nashik,Unfurnished,13185873,1318,662
2008,Carpet Area,Lucknow,Semi-Furnished,13185808,1338,660
2016,Super Area,Chennai,Unfurnished,13185680,1320,668
2002,Plot Area,Kanpur,Unfurnished,13184994,1318,678
1994,Super Area,Lucknow,Unfurnished,13184777,1266,643
2021,Carpet Area,Ludhiana,Semi-Furnished,13184743,1314,661
2012,Carpet Area,Noida,Unfurnished,13184540,1289,650
2005,Plot Area,Amritsar,Unfurnished,13184538,1320,668
2018,Super Area,Coimbatore,Furnished,13184241,1319,663
2021,Plot Area,Noida,Unfurnished,13184009,1352,655
2002,Super Area,Visakhapatnam,Semi-Furnished,13184009,1296,631
2001,Carpet Area,Mangalore,Furnished,13183996,1358,672
1995,Plot Area,Rajkot,Unfurnished,13183824,1291,639
1991,Carpet Area,Kanpur,Semi-Furnished,13183727,1317,660
1999,Carpet Area,Mysore,Furnished,13183724,1364,685
2010,Plot Area,Mangalore,Furnished,13183589,1356,672
2003,Super Area,Ludhiana,Furnished,13183522,1287,654
2008,Plot Area,Faridabad,Unfurnished,13183163,1361,683
1990,Built Area,Mysore,Unfurnished,13183021,1397,685
2016,Built Area,Thane,Semi-Furnished,13183020,1360,676
2004,Built Area,Kalyan-Dombivli,Semi-Furnished,13182750,1373,678
1992,Carpet Area,Hyderabad,Furnished,13182694,1308,669
1994,Built Area,Surat,Semi-Furnished,13182602,1356,682
2005,Built Area,Hyderabad,Furnished,13182524,1316,668
2010,Super Area,Hyderabad,Unfurnished,13182278,1322,668
2004,Carpet Area,Delhi,Furnished,13182237,1315,653
2019,Carpet Area,Hyderabad,Unfurnished,13182094,1279,655
2020,Carpet Area,Thane,Unfurnished,13182079,1324,651
2007,Plot Area,Nashik,Unfurnished,13182000,1281,644
2012,Carpet Area,Mysore,Furnished,13181972,1348,657
2018,Super Area,Vijayawada,Furnished,13181834,1384,672
2005,Carpet Area,Thane,Furnished,13181737,1344,668
2011,Plot Area,Vijayawada,Furnished,13181488,1333,674
2018,Built Area,Jodhpur,Furnished,13181250,1402,690
2017,Super Area,Meerut,Furnished,13181024,1251,635
2003,Super Area,Meerut,Unfurnished,13180984,1333,658
1995,Carpet Area,Chandigarh,Furnished,13180972,1382,689
2002,Plot Area,Pune,Furnished,13180901,1283,652
1996,Super Area,Mangalore,Furnished,13180875,1346,673
1999,Super Area,Indore,Furnished,13180844,1340,664
1992,Plot Area,Amritsar,Semi-Furnished,13180612,1344,666
2001,Built Area,Indore,Furnished,13180605,1303,668
1994,Super Area,Kalyan-Dombivli,Furnished,13180530,1329,671
2020,Built Area,Hyderabad,Semi-Furnished,13180516,1410,682
1993,Carpet Area,Kolkata,Semi-Furnished,13180484,1316,658
1997,Carpet Area,Indore,Unfurnished,13180419,1300,666
1994,Plot Area,Kolkata,Unfurnished,13180386,1300,659
1997,Super Area,Jaipur,Furnished,13180015,1406,700
2007,Plot Area,Mangalore,Unfurnished,13179889,1382,692
2002,Plot Area,Patna,Unfurnished,13179577,1379,676
2000,Built Area,Jaipur,Unfurnished,13179501,1374,694
2001,Super Area,Vijayawada,Furnished,13179309,1278,634
2006,Carpet Area,Visakhapatnam,Unfurnished,13179224,1332,676
1996,Super Area,Pune,Unfurnished,13179166,1322,675
2000,Carpet Area,Meerut,Unfurnished,13178989,1259,637
1997,Super Area,Chennai,Furnished,13178938,1386,681
2009,Carpet Area,Ahmedabad,Semi-Furnished,13178878,1358,697
2012,Built Area,Jaipur,Semi-Furnished,13178752,1358,670
2010,Carpet Area,Aurangabad,Unfurnished,13178647,1382,689
2012,Carpet Area,Ranchi,Semi-Furnished,13178435,1379,675
1991,Carpet Area,Chandigarh,Unfurnished,13178371,1286,648
2002,Carpet Area,Rajkot,Semi-Furnished,13178129,1376,680
2011,Super Area,Bangalore,Furnished,13178005,1345,680
2018,Plot Area,Rajkot,Unfurnished,13177997,1253,641
2020,Built Area,Vijayawada,Furnished,13177963,1308,663
1998,Super Area,Delhi,Furnished,13177932,1332,676
2008,Built Area,Nagpur,Furnished,13177630,1362,694
2018,Super Area,Mumbai,Unfurnished,13177258,1386,676
2021,Super Area,Mumbai,Semi-Furnished,13177039,1249,640
2017,Super Area,Nashik,Semi-Furnished,13176897,1305,666
2019,Super Area,Indore,Unfurnished,13176864,1281,634
2001,Super Area,Gwalior,Semi-Furnished,13176812,1289,649
2006,Plot Area,Vadodara,Semi-Furnished,13176372,1281,644
2021,Super Area,Navi Mumbai,Semi-Furnished,13176218,1326,658
2018,Super Area,Ludhiana,Unfurnished,13176079,1363,682
2000,Plot Area,Nagpur,Furnished,13176002,1270,633
2009,Plot Area,Mumbai,Unfurnished,13175799,1347,660
1993,Plot Area,Bhopal,Unfurnished,13175727,1332,664
2020,Built Area,Thane,Semi-Furnished,13175688,1285,644
2000,Plot Area,Ahmedabad,Semi-Furnished,13175594,1327,658
2011,Carpet Area,Nashik,Unfurnished,13175459,1317,647
2021,Super Area,Ludhiana,Unfurnished,13175322,1344,653
1999,Carpet Area,Ludhiana,Furnished,13175287,1318,646
1995,Plot Area,Kalyan-Dombivli,Furnished,13175156,1299,650
2018,Built Area,Ranchi,Furnished,13175085,1387,675
1996,Super Area,Coimbatore,Semi-Furnished,13175035,1260,643
2012,Plot Area,Jodhpur,Semi-Furnished,13174568,1338,664
2012,Plot Area,Kanpur,Semi-Furnished,13174391,1336,673
2013,Carpet Area,Jaipur,Furnished,13174333,1298,642
2014,Built Area,Varanasi,Semi-Furnished,13174327,1305,657
1999,Super Area,Meerut,Semi-Furnished,13174183,1307,652
2016,Super Area,Chandigarh,Furnished,13173999,1298,647
2007,Plot Area,Amritsar,Unfurnished,13173831,1333,670
2014,Built Area,Meerut,Furnished,13173721,1364,688
2010,Carpet Area,Jaipur,Semi-Furnished,13173675,1326,669
1992,Built Area,Patna,Furnished,13173599,1329,665
2001,Super Area,Bangalore,Unfurnished,13173581,1316,659
1994,Built Area,Ranchi,Semi-Furnished,13173168,1350,681
2001,Built Area,Noida,Unfurnished,13173165,1295,658
1995,Super Area,Navi Mumbai,Furnished,13173109,1315,652
2001,Plot Area,Rajkot,Unfurnished,13172950,1312,665
2000,Super Area,Vijayawada,Unfurnished,13172798,1385,689
2015,Built Area,Delhi,Furnished,13172634,1301,653
2015,Plot Area,Vadodara,Furnished,13172554,1361,674
2018,Built Area,Bangalore,Semi-Furnished,13172394,1382,688
2005,Plot Area,Faridabad,Semi-Furnished,13171947,1379,687
1993,Super Area,Ranchi,Semi-Furnished,13171868,1332,662
2012,Carpet Area,Bhopal,Furnished,13171864,1348,666
1998,Super Area,Kolkata,Furnished,13171819,1322,659
1991,Super Area,Ludhiana,Semi-Furnished,13171683,1362,674
1993,Built Area,Chennai,Semi-Furnished,13171420,1282,646
2002,Carpet Area,Delhi,Unfurnished,13170875,1315,675
2001,Built Area,Patna,Unfurnished,13170392,1344,663
2011,Super Area,Coimbatore,Furnished,13170293,1303,660
2019,Built Area,Hyderabad,Furnished,13170249,1361,685
2008,Carpet Area,Delhi,Furnished,13169626,1409,707
1993,Built Area,Patna,Furnished,13169455,1349,684
2017,Plot Area,Meerut,Unfurnished,13169440,1258,648
2003,Plot Area,Indore,Semi-Furnished,13169406,1315,662
2011,Super Area,Pune,Semi-Furnished,13169274,1349,671
2020,Built Area,Pune,Unfurnished,13169004,1259,644
2006,Built Area,Bangalore,Unfurnished,13168909,1334,660
2010,Built Area,Mangalore,Furnished,13168785,1356,664
1993,Built Area,Nagpur,Semi-Furnished,13168760,1333,687
2011,Super Area,Coimbatore,Semi-Furnished,13168657,1344,685
2010,Carpet Area,Surat,Unfurnished,13168422,1321,662
2019,Plot Area,Lucknow,Unfurnished,13168374,1342,679
2011,Super Area,Kolkata,Unfurnished,13168274,1336,656
2021,Built Area,Pune,Semi-Furnished,13167973,1406,696
2011,Carpet Area,Bangalore,Semi-Furnished,13167654,1356,676
1990,Plot Area,Ahmedabad,Unfurnished,13167516,1249,642
2007,Carpet Area,Patna,Semi-Furnished,13167094,1301,637
1997,Plot Area,Kalyan-Dombivli,Unfurnished,13167060,1319,654
2013,Super Area,Jodhpur,Furnished,13167016,1375,677
2014,Built Area,Kolkata,Semi-Furnished,13166796,1304,650
2010,Carpet Area,Kanpur,Unfurnished,13166646,1315,665
2002,Carpet Area,Ahmedabad,Semi-Furnished,13166564,1345,678
2001,Super Area,Kolkata,Furnished,13166518,1318,670
2021,Super Area,Mangalore,Unfurnished,13166271,1389,684
2009,Super Area,Bhopal,Semi-Furnished,13166140,1351,663
1996,Plot Area,Kanpur,Semi-Furnished,13165974,1345,674
2001,Super Area,Jodhpur,Furnished,13165960,1283,649
2000,Super Area,Coimbatore,Semi-Furnished,13165860,1292,652
1993,Carpet Area,Mumbai,Furnished,13165796,1348,679
2012,Carpet Area,Kalyan-Dombivli,Unfurnished,13165624,1291,650
2015,Carpet Area,Delhi,Semi-Furnished,13165262,1328,642
2002,Plot Area,Chandigarh,Furnished,13165024,1274,641
2021,Super Area,Aurangabad,Semi-Furnished,13164926,1293,641
2011,Carpet Area,Thane,Semi-Furnished,13164813,1320,659
2017,Carpet Area,Nagpur,Semi-Furnished,13164699,1276,646
2012,Built Area,Noida,Furnished,13164548,1341,659
2014,Super Area,Kolkata,Semi-Furnished,13164457,1297,648
2005,Carpet Area,Hyderabad,Furnished,13164358,1293,643
2002,Super Area,Lucknow,Unfurnished,13164010,1328,660
2013,Super Area,Navi Mumbai,Unfurnished,13163930,1304,662
2012,Built Area,Hyderabad,Furnished,13163871,1302,648
2007,Carpet Area,Agra,Unfurnished,13163677,1281,650
2017,Carpet Area,Amritsar,Semi-Furnished,13163570,1331,658
1990,Super Area,Hyderabad,Semi-Furnished,13163544,1368,682
2009,Plot Area,Kolkata,Semi-Furnished,13163525,1331,667
2002,Super Area,Delhi,Unfurnished,13163492,1279,646
2007,Built Area,Surat,Semi-Furnished,13163452,1319,645
2004,Built Area,Agra,Furnished,13163400,1278,630
2014,Plot Area,Coimbatore,Semi-Furnished,13163353,1318,660
2020,Carpet Area,Ahmedabad,Furnished,13163110,1334,668
2001,Plot Area,Ranchi,Semi-Furnished,13163002,1359,659
2004,Carpet Area,Mumbai,Furnished,13162981,1363,661
2009,Built Area,Pune,Unfurnished,13162943,1346,665
2014,Plot Area,Rajkot,Furnished,13162920,1317,647
2004,Plot Area,Ludhiana,Unfurnished,13162863,1365,676
2003,Carpet Area,Kalyan-Dombivli,Furnished,13162629,1322,660
2007,Built Area,Visakhapatnam,Semi-Furnished,13162270,1329,661
2010,Plot Area,Coimbatore,Semi-Furnished,13162201,1281,658
2006,Carpet Area,Bhopal,Unfurnished,13162197,1334,665
1992,Built Area,Mangalore,Unfurnished,13162076,1281,642
2001,Super Area,Ghaziabad,Semi-Furnished,13161970,1327,659
2018,Carpet Area,Jaipur,Furnished,13161750,1305,653
1999,Super Area,Agra,Unfurnished,13161559,1332,687
1991,Plot Area,Amritsar,Semi-Furnished,13161072,1378,676
2014,Plot Area,Nashik,Semi-Furnished,13160801,1344,659
2008,Built Area,Delhi,Semi-Furnished,13160784,1302,646
1997,Carpet Area,Hyderabad,Semi-Furnished,13160540,1295,640
2009,Built Area,Mangalore,Furnished,13160468,1328,665
2012,Super Area,Indore,Unfurnished,13160454,1366,677
2021,Super Area,Bangalore,Semi-Furnished,13160399,1286,648
1990,Built Area,Agra,Unfurnished,13160269,1305,638
2011,Built Area,Surat,Semi-Furnished,13159918,1370,686
2015,Built Area,Gwalior,Furnished,13159892,1355,676
2007,Built Area,Jaipur,Furnished,13159781,1376,680
2017,Built Area,Ludhiana,Semi-Furnished,13159702,1354,686
1994,Super Area,Navi Mumbai,Furnished,13159637,1271,630
2021,Carpet Area,Mumbai,Semi-Furnished,13159506,1342,677
1998,Plot Area,Hyderabad,Semi-Furnished,13159378,1372,681
2003,Carpet Area,Rajkot,Unfurnished,13159239,1335,659
1995,Super Area,Mumbai,Semi-Furnished,13159159,1397,702
2021,Plot Area,Rajkot,Furnished,13159084,1337,682
2017,Plot Area,Nagpur,Furnished,13158987,1280,647
2008,Plot Area,Mysore,Furnished,13158956,1354,677
2014,Built Area,Coimbatore,Furnished,13158917,1349,668
2014,Built Area,Meerut,Unfurnished,13158893,1319,653
2002,Super Area,Ghaziabad,Semi-Furnished,13158486,1349,674
1993,Carpet Area,Nashik,Furnished,13158244,1292,653
2015,Carpet Area,Mangalore,Semi-Furnished,13158147,1331,672
2013,Carpet Area,Ahmedabad,Semi-Furnished,13157984,1310,649
2000,Super Area,Thane,Furnished,13157794,1337,678
2019,Plot Area,Bhopal,Semi-Furnished,13157687,1311,665
2002,Carpet Area,Coimbatore,Furnished,13157521,1347,685
2007,Plot Area,Ahmedabad,Semi-Furnished,13157459,1375,682
2003,Carpet Area,Navi Mumbai,Semi-Furnished,13157395,1224,625
2007,Plot Area,Lucknow,Furnished,13157101,1287,663
2017,Super Area,Jodhpur,Unfurnished,13156993,1333,655
1990,Super Area,Mumbai,Semi-Furnished,13156908,1305,658
2002,Super Area,Faridabad,Unfurnished,13156857,1358,669
1994,Built Area,Aurangabad,Semi-Furnished,13156820,1362,678
1997,Super Area,Meerut,Unfurnished,13156683,1323,651
1996,Super Area,Delhi,Unfurnished,13156559,1292,647
2009,Plot Area,Ranchi,Furnished,13156528,1379,670
2002,Plot Area,Ranchi,Semi-Furnished,13156497,1324,666
2021,Plot Area,Kanpur,Semi-Furnished,13156157,1381,688
2005,Built Area,Patna,Furnished,13156041,1241,622
1996,Carpet Area,Ludhiana,Semi-Furnished,13155909,1349,673
2009,Carpet Area,Kalyan-Dombivli,Semi-Furnished,13155866,1343,670
2016,Carpet Area,Meerut,Furnished,13155833,1325,690
2016,Plot Area,Surat,Unfurnished,13155686,1231,624
2017,Carpet Area,Varanasi,Furnished,13155677,1317,666
2007,Carpet Area,Ghaziabad,Semi-Furnished,13155638,1384,691
2010,Super Area,Varanasi,Semi-Furnished,13155596,1283,650
1997,Carpet Area,Thane,Furnished,13155501,1315,658
2016,Carpet Area,Ranchi,Unfurnished,13155453,1344,679
2016,Built Area,Nashik,Unfurnished,13155270,1314,646
2018,Plot Area,Kolkata,Furnished,13155220,1405,684
2017,Built Area,Patna,Furnished,13155211,1317,662
1994,Super Area,Ranchi,Semi-Furnished,13154800,1355,667
2017,Super Area,Thane,Semi-Furnished,13154670,1322,656
2019,Built Area,Nashik,Unfurnished,13154464,1363,685
1999,Plot Area,Jodhpur,Furnished,13154236,1333,664
2013,Carpet Area,Ahmedabad,Unfurnished,13154099,1352,674
1993,Plot Area,Vijayawada,Unfurnished,13153753,1322,668
2002,Built Area,Chandigarh,Furnished,13153254,1368,670
2016,Carpet Area,Gwalior,Furnished,13152903,1319,655
1994,Carpet Area,Nagpur,Unfurnished,13152767,1298,652
2021,Carpet Area,Bangalore,Semi-Furnished,13152079,1419,701
2018,Plot Area,Vadodara,Semi-Furnished,13152025,1379,695
1994,Plot Area,Noida,Furnished,13151975,1312,670
1992,Carpet Area,Nashik,Furnished,13151886,1312,662
1996,Built Area,Mangalore,Furnished,13151837,1353,663
2001,Built Area,Amritsar,Furnished,13151791,1279,633
2012,Carpet Area,Nashik,Furnished,13151654,1379,679
2013,Built Area,Thane,Semi-Furnished,13151344,1279,660
2006,Carpet Area,Bhopal,Semi-Furnished,13151232,1289,650
1991,Carpet Area,Agra,Semi-Furnished,13151209,1400,707
1996,Built Area,Chennai,Unfurnished,13151121,1336,657
2000,Plot Area,Ghaziabad,Furnished,13150698,1280,647
1992,Built Area,Jodhpur,Semi-Furnished,13150673,1310,658
2021,Super Area,Mumbai,Unfurnished,13150662,1311,651
1991,Plot Area,Patna,Furnished,13150552,1356,663
1999,Carpet Area,Faridabad,Furnished,13150396,1336,659
2011,Super Area,Nagpur,Unfurnished,13150358,1345,663
2003,Plot Area,Mumbai,Unfurnished,13150246,1333,660
1996,Plot Area,Amritsar,Semi-Furnished,13150196,1356,667
1998,Super Area,Thane,Unfurnished,13150122,1265,635
2017,Plot Area,Amritsar,Furnished,13149813,1358,685
1990,Plot Area,Kolkata,Semi-Furnished,13149745,1341,681
2016,Built Area,Hyderabad,Unfurnished,13149580,1238,630
2010,Built Area,Kanpur,Furnished,13149561,1280,635
2002,Plot Area,Thane,Unfurnished,13149523,1352,679
2010,Built Area,Vijayawada,Semi-Furnished,13149403,1384,674
2018,Built Area,Navi Mumbai,Furnished,13149182,1344,684
2011,Plot Area,Surat,Unfurnished,13148847,1360,680
2016,Built Area,Delhi,Furnished,13148837,1305,653
2003,Plot Area,Meerut,Semi-Furnished,13148824,1303,655
1990,Built Area,Thane,Unfurnished,13148774,1342,659
2019,Plot Area,Mangalore,Furnished,13148075,1359,663
2010,Plot Area,Mumbai,Semi-Furnished,13147339,1321,658
2016,Built Area,Delhi,Semi-Furnished,13147062,1352,656
2016,Carpet Area,Hyderabad,Unfurnished,13146944,1328,673
2010,Built Area,Thane,Semi-Furnished,13146580,1349,675
2008,Plot Area,Ghaziabad,Furnished,13146419,1368,684
2002,Built Area,Jaipur,Semi-Furnished,13146316,1334,667
1990,Super Area,Delhi,Unfurnished,13146215,1321,669
2014,Super Area,Faridabad,Furnished,13146181,1337,654
2002,Built Area,Navi Mumbai,Furnished,13146161,1363,676
1998,Built Area,Meerut,Furnished,13146059,1353,695
2012,Carpet Area,Bangalore,Unfurnished,13145883,1329,662
2015,Plot Area,Ludhiana,Furnished,13145375,1279,639
2003,Carpet Area,Agra,Unfurnished,13145200,1327,659
1992,Built Area,Amritsar,Furnished,13145161,1357,677
2018,Super Area,Delhi,Unfurnished,13145098,1343,675
1994,Super Area,Delhi,Furnished,13145051,1376,675
2005,Built Area,Kanpur,Unfurnished,13144954,1363,681
1998,Carpet Area,Delhi,Semi-Furnished,13144791,1304,656
2020,Built Area,Kanpur,Semi-Furnished,13144766,1309,661
2017,Built Area,Visakhapatnam,Unfurnished,13144699,1334,669
1990,Plot Area,Surat,Semi-Furnished,13144663,1388,694
2012,Carpet Area,Jaipur,Semi-Furnished,13144644,1382,692
1993,Super Area,Navi Mumbai,Semi-Furnished,13144508,1340,670
2020,Built Area,Vadodara,Unfurnished,13144455,1358,691
2003,Built Area,Chandigarh,Furnished,13144436,1305,654
1991,Super Area,Gwalior,Unfurnished,13144230,1321,651
1993,Plot Area,Mangalore,Semi-Furnished,13144121,1313,668
2000,Carpet Area,Kanpur,Unfurnished,13143928,1278,666
2007,Carpet Area,Mysore,Furnished,13143875,1338,692
1991,Carpet Area,Navi Mumbai,Furnished,13143833,1367,680
1994,Plot Area,Coimbatore,Unfurnished,13143805,1295,632
1998,Carpet Area,Ghaziabad,Semi-Furnished,13143448,1357,684
2013,Plot Area,Faridabad,Unfurnished,13143430,1354,678
2015,Super Area,Kalyan-Dombivli,Semi-Furnished,13143075,1343,662
2006,Carpet Area,Jaipur,Semi-Furnished,13143039,1402,691
2017,Plot Area,Gwalior,Furnished,13142976,1343,669
2016,Carpet Area,Ludhiana,Unfurnished,13142928,1355,668
2002,Carpet Area,Hyderabad,Unfurnished,13142808,1328,664
2019,Carpet Area,Vadodara,Furnished,13142585,1281,648
2009,Plot Area,Noida,Unfurnished,13142361,1245,622
2011,Carpet Area,Chennai,Semi-Furnished,13142151,1322,656
2004,Carpet Area,Rajkot,Furnished,13142129,1313,662
2019,Super Area,Varanasi,Unfurnished,13142082,1297,648
1993,Carpet Area,Thane,Unfurnished,13142050,1372,672
2016,Super Area,Kalyan-Dombivli,Semi-Furnished,13141616,1382,683
2013,Plot Area,Ghaziabad,Semi-Furnished,13141383,1348,673
2021,Super Area,Visakhapatnam,Furnished,13141369,1252,652
2003,Super Area,Navi Mumbai,Unfurnished,13141308,1293,648
1990,Super Area,Patna,Unfurnished,13141193,1318,667
2003,Super Area,Chennai,Furnished,13141098,1290,645
1994,Plot Area,Vadodara,Furnished,13141044,1337,669
2021,Carpet Area,Chandigarh,Unfurnished,13140905,1302,643
1991,Built Area,Kolkata,Semi-Furnished,13140725,1332,656
2014,Super Area,Aurangabad,Furnished,13140376,1365,697
1994,Carpet Area,Chandigarh,Semi-Furnished,13140300,1301,651
2014,Built Area,Varanasi,Furnished,13139961,1359,675
2011,Built Area,Coimbatore,Furnished,13139812,1275,644
2007,Built Area,Kanpur,Semi-Furnished,13139740,1321,648
2009,Carpet Area,Navi Mumbai,Semi-Furnished,13139666,1270,645
2015,Plot Area,Faridabad,Semi-Furnished,13139165,1369,673
1997,Built Area,Bhopal,Furnished,13139147,1329,664
2014,Built Area,Rajkot,Furnished,13139052,1346,675
1998,Super Area,Thane,Semi-Furnished,13138963,1283,648
1993,Built Area,Delhi,Semi-Furnished,13138858,1321,662
2019,Carpet Area,Delhi,Furnished,13138737,1329,663
2004,Carpet Area,Varanasi,Furnished,13138717,1387,689
2007,Plot Area,Visakhapatnam,Unfurnished,13138603,1314,647
2009,Built Area,Gwalior,Semi-Furnished,13138525,1315,679
1994,Carpet Area,Rajkot,Unfurnished,13138337,1303,665
2019,Built Area,Ghaziabad,Unfurnished,13137723,1349,665
1996,Plot Area,Bhopal,Unfurnished,13137715,1325,652
2018,Carpet Area,Lucknow,Unfurnished,13137711,1242,647
1999,Carpet Area,Kalyan-Dombivli,Semi-Furnished,13137511,1323,655
2009,Plot Area,Nashik,Semi-Furnished,13137427,1375,666
2005,Built Area,Kalyan-Dombivli,Semi-Furnished,13137375,1323,667
2000,Built Area,Surat,Unfurnished,13137325,1342,681
1993,Built Area,Lucknow,Semi-Furnished,13137276,1379,678
2018,Carpet Area,Chennai,Unfurnished,13137228,1348,670
1995,Carpet Area,Ranchi,Furnished,13136804,1280,642
1997,Carpet Area,Mysore,Semi-Furnished,13136771,1333,672
2011,Plot Area,Nagpur,Unfurnished,13136684,1343,679
2010,Plot Area,Jodhpur,Furnished,13136666,1327,658
2012,Super Area,Coimbatore,Semi-Furnished,13136512,1329,656
1999,Carpet Area,Thane,Furnished,13136458,1338,666
1991,Built Area,Nashik,Unfurnished,13136389,1296,658
2014,Carpet Area,Mangalore,Furnished,13136152,1328,677
1997,Carpet Area,Chandigarh,Furnished,13136016,1268,638
1991,Carpet Area,Pune,Furnished,13135842,1290,646
1996,Built Area,Hyderabad,Semi-Furnished,13135753,1297,665
2017,Carpet Area,Coimbatore,Unfurnished,13135522,1398,701
2001,Carpet Area,Lucknow,Semi-Furnished,13135263,1314,654
1998,Carpet Area,Aurangabad,Unfurnished,13135223,1347,671
1998,Super Area,Chennai,Unfurnished,13135177,1367,676
2004,Plot Area,Kalyan-Dombivli,Unfurnished,13135051,1411,708
2018,Carpet Area,Vijayawada,Unfurnished,13134992,1311,660
2021,Carpet Area,Ludhiana,Unfurnished,13134976,1366,675
2013,Plot Area,Bangalore,Unfurnished,13134787,1414,696
2006,Plot Area,Nagpur,Semi-Furnished,13134763,1313,662
2014,Carpet Area,Nagpur,Semi-Furnished,13134725,1343,669
2018,Built Area,Kalyan-Dombivli,Semi-Furnished,13134705,1341,667
2000,Carpet Area,Kanpur,Semi-Furnished,13134474,1332,667
2015,Super Area,Thane,Furnished,13134468,1312,666
2009,Super Area,Vadodara,Furnished,13134420,1316,661
2013,Built Area,Coimbatore,Furnished,13134105,1362,683
2021,Plot Area,Faridabad,Furnished,13134005,1418,689
1991,Carpet Area,Ahmedabad,Semi-Furnished,13133843,1313,656
1998,Plot Area,Indore,Unfurnished,13133625,1305,634
2001,Built Area,Agra,Unfurnished,13133568,1321,654
2019,Plot Area,Chandigarh,Semi-Furnished,13133524,1378,685
2014,Carpet Area,Chennai,Furnished,13133499,1334,673
2010,Carpet Area,Vijayawada,Unfurnished,13133306,1356,684
2018,Carpet Area,Aurangabad,Unfurnished,13133302,1384,685
2011,Super Area,Jaipur,Unfurnished,13133213,1366,678
1999,Built Area,Mumbai,Unfurnished,13133034,1317,667
2005,Super Area,Hyderabad,Semi-Furnished,13132972,1280,644
2019,Built Area,Aurangabad,Semi-Furnished,13132870,1255,634
2010,Plot Area,Visakhapatnam,Furnished,13132755,1325,663
2017,Plot Area,Aurangabad,Semi-Furnished,13132743,1344,667
2005,Built Area,Mangalore,Furnished,13132725,1318,661
1993,Super Area,Coimbatore,Semi-Furnished,13132516,1301,653
1996,Carpet Area,Amritsar,Semi-Furnished,13132414,1367,682
2002,Plot Area,Coimbatore,Unfurnished,13132195,1331,654
1998,Built Area,Rajkot,Semi-Furnished,13132107,1296,641
2003,Plot Area,Mysore,Unfurnished,13131751,1342,685
2019,Plot Area,Indore,Unfurnished,13131593,1312,645
2012,Super Area,Ahmedabad,Furnished,13131519,1383,671
1995,Super Area,Agra,Unfurnished,13131474,1352,657
1995,Carpet Area,Ghaziabad,Furnished,13131393,1350,674
2013,Plot Area,Meerut,Furnished,13131085,1359,666
2016,Super Area,Bhopal,Semi-Furnished,13130835,1342,671
2016,Plot Area,Aurangabad,Unfurnished,13130504,1288,646
1999,Built Area,Jodhpur,Semi-Furnished,13130434,1312,646
2018,Carpet Area,Gwalior,Furnished,13130311,1318,655
2007,Built Area,Hyderabad,Unfurnished,13130296,1335,673
2005,Built Area,Faridabad,Semi-Furnished,13130231,1274,623
2020,Carpet Area,Indore,Unfurnished,13130194,1364,667
2006,Plot Area,Visakhapatnam,Unfurnished,13130129,1386,688
2015,Built Area,Indore,Furnished,13129939,1336,674
2021,Built Area,Jaipur,Semi-Furnished,13129723,1269,643
2016,Super Area,Rajkot,Unfurnished,13129458,1294,654
2011,Built Area,Bangalore,Semi-Furnished,13129354,1302,658
1991,Super Area,Coimbatore,Unfurnished,13129065,1297,653
2016,Carpet Area,Mumbai,Furnished,13128881,1296,667
2004,Plot Area,Thane,Furnished,13128773,1350,666
1990,Plot Area,Amritsar,Unfurnished,13128408,1308,658
2005,Plot Area,Gwalior,Unfurnished,13128401,1302,645
2002,Plot Area,Ghaziabad,Furnished,13128332,1395,690
1993,Super Area,Vadodara,Unfurnished,13128291,1352,684
2015,Built Area,Meerut,Semi-Furnished,13128288,1306,657
2000,Built Area,Mysore,Semi-Furnished,13128118,1401,676
1999,Built Area,Thane,Semi-Furnished,13128067,1389,668
2009,Built Area,Meerut,Unfurnished,13127852,1303,643
2005,Built Area,Pune,Furnished,13127729,1278,655
1992,Carpet Area,Ahmedabad,Furnished,13127685,1337,676
2008,Built Area,Meerut,Unfurnished,13127664,1291,648
1991,Plot Area,Jaipur,Semi-Furnished,13127419,1413,684
2005,Super Area,Nashik,Semi-Furnished,13127109,1435,713
2001,Super Area,Mangalore,Unfurnished,13126968,1363,670
2017,Super Area,Bhopal,Semi-Furnished,13126923,1340,666
2003,Carpet Area,Indore,Furnished,13126585,1391,705
2001,Plot Area,Nashik,Unfurnished,13126543,1265,630
2015,Built Area,Bhopal,Furnished,13126541,1273,654
2021,Super Area,Thane,Semi-Furnished,13126371,1349,664
2011,Carpet Area,Noida,Semi-Furnished,13126367,1299,643
2010,Super Area,Amritsar,Semi-Furnished,13125613,1342,662
2020,Plot Area,Nagpur,Unfurnished,13125612,1355,671
2021,Plot Area,Chandigarh,Semi-Furnished,13125549,1254,635
2016,Plot Area,Varanasi,Semi-Furnished,13125460,1359,673
1992,Carpet Area,Lucknow,Furnished,13125451,1303,667
1995,Carpet Area,Indore,Semi-Furnished,13125423,1282,638
2014,Super Area,Chandigarh,Unfurnished,13125302,1322,659
1997,Built Area,Ahmedabad,Unfurnished,13125265,1333,677
1990,Plot Area,Kalyan-Dombivli,Unfurnished,13125239,1276,651
2014,Built Area,Faridabad,Semi-Furnished,13124694,1366,659
2008,Built Area,Ludhiana,Furnished,13124661,1308,650
1992,Plot Area,Meerut,Furnished,13124658,1349,678
1998,Plot Area,Mangalore,Furnished,13124541,1308,654
2006,Super Area,Mumbai,Semi-Furnished,13124390,1380,686
1993,Built Area,Ghaziabad,Semi-Furnished,13124352,1300,644
1990,Built Area,Navi Mumbai,Furnished,13124065,1285,661
2013,Plot Area,Patna,Unfurnished,13123956,1338,669
2021,Super Area,Delhi,Furnished,13123927,1289,654
2013,Built Area,Patna,Unfurnished,13123822,1310,657
2006,Carpet Area,Thane,Furnished,13123628,1308,668
1990,Super Area,Delhi,Semi-Furnished,13123080,1367,675
2013,Built Area,Ranchi,Semi-Furnished,13122906,1352,659
1993,Carpet Area,Meerut,Furnished,13122903,1350,670
2016,Plot Area,Kalyan-Dombivli,Furnished,13122880,1338,679
2004,Built Area,Navi Mumbai,Semi-Furnished,13122634,1333,653
2019,Built Area,Amritsar,Unfurnished,13122592,1287,656
2020,Plot Area,Chennai,Furnished,13122569,1309,666
1999,Carpet Area,Chandigarh,Furnished,13122168,1288,656
2000,Super Area,Agra,Semi-Furnished,13121796,1368,676
2013,Super Area,Kolkata,Furnished,13121460,1312,656
2008,Super Area,Aurangabad,Semi-Furnished,13120755,1279,651
1992,Super Area,Rajkot,Unfurnished,13120739,1323,630
2018,Built Area,Coimbatore,Unfurnished,13120694,1321,648
2012,Built Area,Delhi,Furnished,13120552,1356,711
2009,Built Area,Patna,Furnished,13120454,1314,669
2008,Built Area,Bhopal,Furnished,13120269,1358,680
2004,Carpet Area,Nagpur,Furnished,13120110,1320,660
2002,Carpet Area,Kolkata,Semi-Furnished,13120095,1287,653
1992,Carpet Area,Coimbatore,Semi-Furnished,13120087,1373,676
2001,Super Area,Chennai,Furnished,13120055,1277,633
1997,Super Area,Delhi,Unfurnished,13120000,1403,696
1994,Carpet Area,Coimbatore,Semi-Furnished,13119918,1263,640
2004,Built Area,Mumbai,Furnished,13119914,1326,664
2017,Carpet Area,Ahmedabad,Unfurnished,13119878,1338,656
1995,Super Area,Aurangabad,Semi-Furnished,13119838,1303,668
2002,Plot Area,Chandigarh,Unfurnished,13119764,1348,663
2011,Carpet Area,Vijayawada,Semi-Furnished,13119702,1261,653
2016,Built Area,Ludhiana,Semi-Furnished,13119680,1280,634
1998,Super Area,Faridabad,Furnished,13119635,1392,683
2019,Carpet Area,Ranchi,Furnished,13119629,1333,659
2003,Super Area,Visakhapatnam,Furnished,13119559,1287,659
2007,Super Area,Noida,Unfurnished,13119385,1245,622
2002,Carpet Area,Kanpur,Unfurnished,13119349,1360,680
1991,Super Area,Mangalore,Furnished,13119184,1359,685
2000,Built Area,Vadodara,Unfurnished,13119142,1342,684
2014,Super Area,Lucknow,Furnished,13119007,1359,684
2008,Carpet Area,Vijayawada,Semi-Furnished,13118980,1303,643
1993,Super Area,Nashik,Semi-Furnished,13118902,1365,676
1993,Built Area,Bangalore,Furnished,13118902,1294,657
1994,Super Area,Kalyan-Dombivli,Unfurnished,13118748,1362,671
2016,Carpet Area,Faridabad,Semi-Furnished,13118721,1302,651
1993,Carpet Area,Kanpur,Furnished,13118417,1282,653
1993,Built Area,Chandigarh,Furnished,13118341,1260,636
2006,Built Area,Mysore,Unfurnished,13118323,1271,648
2018,Built Area,Chandigarh,Semi-Furnished,13118224,1411,701
1990,Carpet Area,Visakhapatnam,Unfurnished,13118062,1284,654
1995,Super Area,Mysore,Furnished,13117929,1322,667
1990,Built Area,Ranchi,Unfurnished,13117841,1346,661
2005,Built Area,Noida,Unfurnished,13117834,1324,667
2016,Plot Area,Delhi,Unfurnished,13117801,1322,674
2020,Plot Area,Noida,Semi-Furnished,13117655,1347,677
1999,Carpet Area,Mangalore,Semi-Furnished,13117637,1351,668
1995,Built Area,Vijayawada,Semi-Furnished,13117562,1324,672
2015,Carpet Area,Surat,Semi-Furnished,13117492,1320,651
1990,Built Area,Bangalore,Furnished,13117278,1336,672
1990,Carpet Area,Navi Mumbai,Furnished,13117090,1307,645
2002,Super Area,Indore,Furnished,13117012,1319,672
2004,Plot Area,Indore,Unfurnished,13116952,1383,683
2013,Carpet Area,Jodhpur,Semi-Furnished,13116700,1411,689
1999,Super Area,Surat,Semi-Furnished,13116592,1350,671
1991,Super Area,Indore,Unfurnished,13116321,1326,673
1993,Plot Area,Delhi,Furnished,13116310,1398,668
2004,Built Area,Meerut,Unfurnished,13116212,1337,671
2003,Plot Area,Visakhapatnam,Furnished,13116048,1280,660
2014,Carpet Area,Patna,Semi-Furnished,13116038,1244,636
1994,Plot Area,Surat,Semi-Furnished,13115897,1354,690
1994,Built Area,Kalyan-Dombivli,Furnished,13115858,1307,651
2012,Plot Area,Vadodara,Semi-Furnished,13115756,1310,647
2000,Built Area,Patna,Semi-Furnished,13115446,1328,662
1995,Plot Area,Ludhiana,Unfurnished,13115321,1377,676
2017,Carpet Area,Delhi,Semi-Furnished,13115251,1238,636
2012,Built Area,Ahmedabad,Semi-Furnished,13115166,1343,675
2014,Carpet Area,Vijayawada,Semi-Furnished,13115090,1278,632
2011,Plot Area,Mangalore,Furnished,13115089,1318,673
2006,Super Area,Visakhapatnam,Unfurnished,13114988,1300,649
2019,Plot Area,Ghaziabad,Furnished,13114950,1255,645
2017,Built Area,Mumbai,Semi-Furnished,13114710,1280,640
2021,Built Area,Ahmedabad,Furnished,13114643,1366,676
2016,Super Area,Varanasi,Semi-Furnished,13114528,1301,637
2006,Carpet Area,Vadodara,Semi-Furnished,13114371,1328,647
2006,Built Area,Surat,Furnished,13114303,1296,650
1995,Built Area,Amritsar,Furnished,13114293,1299,654
2007,Super Area,Nashik,Furnished,13114082,1366,682
1990,Built Area,Chandigarh,Furnished,13113637,1323,661
1991,Built Area,Ludhiana,Unfurnished,13113438,1307,649
2017,Super Area,Kanpur,Unfurnished,13113231,1373,684
2012,Plot Area,Mysore,Furnished,13113182,1354,661
1990,Super Area,Patna,Furnished,13113072,1330,670
2009,Built Area,Chandigarh,Furnished,13112841,1326,669
2014,Plot Area,Amritsar,Unfurnished,13112534,1321,674
2011,Plot Area,Delhi,Furnished,13112533,1349,685
1990,Plot Area,Vadodara,Unfurnished,13112363,1300,659
1996,Plot Area,Delhi,Furnished,13112222,1329,668
2004,Built Area,Amritsar,Semi-Furnished,13112147,1352,667
2019,Plot Area,Surat,Unfurnished,13112080,1239,641
2015,Super Area,Rajkot,Unfurnished,13111954,1348,673
2011,Built Area,Ahmedabad,Semi-Furnished,13111740,1293,639
2003,Built Area,Surat,Semi-Furnished,13111722,1385,687
1998,Carpet Area,Vijayawada,Semi-Furnished,13111715,1362,684
2014,Carpet Area,Amritsar,Semi-Furnished,13111694,1339,671
2020,Built Area,Visakhapatnam,Semi-Furnished,13111625,1326,659
2006,Carpet Area,Navi Mumbai,Unfurnished,13111601,1353,684
2021,Plot Area,Visakhapatnam,Semi-Furnished,13111486,1289,647
2002,Plot Area,Jaipur,Semi-Furnished,13111340,1333,662
1999,Carpet Area,Varanasi,Semi-Furnished,13111126,1302,651
2003,Plot Area,Jodhpur,Semi-Furnished,13110964,1389,681
2006,Carpet Area,Faridabad,Semi-Furnished,13110854,1350,675
2006,Built Area,Aurangabad,Semi-Furnished,13110831,1300,664
1995,Plot Area,Mangalore,Unfurnished,13110442,1269,644
1995,Built Area,Ghaziabad,Furnished,13110436,1361,678
1997,Carpet Area,Meerut,Furnished,13110387,1365,687
2008,Plot Area,Vijayawada,Unfurnished,13110382,1278,636
2010,Carpet Area,Gwalior,Furnished,13110290,1346,680
2006,Super Area,Coimbatore,Furnished,13110202,1314,673
2003,Carpet Area,Amritsar,Unfurnished,13110130,1363,673
1996,Built Area,Gwalior,Unfurnished,13109997,1331,663
1999,Built Area,Jaipur,Furnished,13109845,1251,646
2019,Carpet Area,Jodhpur,Semi-Furnished,13109500,1229,620
1999,Plot Area,Rajkot,Furnished,13109226,1311,658
2014,Built Area,Gwalior,Unfurnished,13109102,1318,680
1993,Plot Area,Chennai,Furnished,13108914,1390,692
2012,Built Area,Chandigarh,Semi-Furnished,13108806,1331,655
1993,Built Area,Meerut,Furnished,13108777,1304,663
2002,Carpet Area,Bhopal,Unfurnished,13108733,1300,662
2015,Plot Area,Navi Mumbai,Semi-Furnished,13108679,1281,659
1997,Carpet Area,Kanpur,Furnished,13108560,1250,634
2010,Super Area,Visakhapatnam,Semi-Furnished,13108470,1305,646
1999,Built Area,Vadodara,Furnished,13108398,1317,660
2016,Carpet Area,Patna,Unfurnished,13108363,1282,643
2020,Super Area,Agra,Semi-Furnished,13107796,1340,674
2021,Carpet Area,Chandigarh,Semi-Furnished,13107501,1396,694
2019,Carpet Area,Chandigarh,Furnished,13107348,1367,675
2010,Carpet Area,Vadodara,Semi-Furnished,13107196,1387,678
2010,Carpet Area,Aurangabad,Semi-Furnished,13107132,1378,680
1992,Super Area,Delhi,Semi-Furnished,13107050,1308,652
2001,Plot Area,Delhi,Furnished,13107003,1346,655
1996,Carpet Area,Pune,Furnished,13106993,1326,662
2000,Built Area,Visakhapatnam,Furnished,13106971,1315,676
2017,Super Area,Rajkot,Furnished,13106923,1260,647
1996,Built Area,Surat,Furnished,13106921,1288,663
2009,Super Area,Bangalore,Semi-Furnished,13106901,1308,670
2020,Built Area,Jodhpur,Unfurnished,13106805,1266,655
2020,Plot Area,Agra,Semi-Furnished,13106500,1271,649
2017,Carpet Area,Meerut,Unfurnished,13106388,1334,675
2021,Built Area,Ahmedabad,Semi-Furnished,13106184,1299,661
2005,Carpet Area,Mysore,Semi-Furnished,13106087,1299,665
2009,Plot Area,Hyderabad,Furnished,13106011,1287,651
2010,Carpet Area,Kanpur,Semi-Furnished,13105770,1278,631
1999,Super Area,Jaipur,Semi-Furnished,13105656,1344,684
2013,Super Area,Surat,Furnished,13105298,1308,643
2003,Super Area,Mysore,Furnished,13105257,1346,663
2015,Carpet Area,Vadodara,Unfurnished,13105250,1397,699
1998,Built Area,Hyderabad,Unfurnished,13105224,1336,665
2019,Carpet Area,Rajkot,Semi-Furnished,13105200,1315,650
1993,Super Area,Nashik,Unfurnished,13105121,1348,671
1994,Built Area,Agra,Furnished,13105014,1278,649
2018,Plot Area,Ludhiana,Furnished,13104700,1294,649
2004,Built Area,Pune,Unfurnished,13104690,1319,667
2016,Plot Area,Visakhapatnam,Semi-Furnished,13104456,1305,656
2001,Plot Area,Ghaziabad,Unfurnished,13104307,1324,661
1997,Plot Area,Kalyan-Dombivli,Furnished,13104294,1385,679
1999,Super Area,Mumbai,Unfurnished,13104148,1353,675
2002,Super Area,Chennai,Semi-Furnished,13104087,1332,656
2002,Carpet Area,Thane,Semi-Furnished,13104027,1270,640
2002,Super Area,Jaipur,Semi-Furnished,13103959,1360,706
1993,Super Area,Bangalore,Unfurnished,13103458,1396,691
2003,Plot Area,Aurangabad,Semi-Furnished,13103067,1347,658
2001,Plot Area,Ludhiana,Furnished,13102874,1302,656
1993,Carpet Area,Indore,Semi-Furnished,13102691,1316,658
1998,Built Area,Nagpur,Semi-Furnished,13102689,1304,649
2020,Carpet Area,Hyderabad,Unfurnished,13102496,1351,672
2015,Plot Area,Mangalore,Furnished,13102389,1246,663
2010,Plot Area,Ranchi,Semi-Furnished,13102358,1266,639
1999,Built Area,Visakhapatnam,Semi-Furnished,13101991,1306,653
1993,Built Area,Chandigarh,Semi-Furnished,13101924,1355,683
1994,Super Area,Ghaziabad,Furnished,13101708,1341,673
1992,Super Area,Mumbai,Unfurnished,13101678,1359,671
2004,Built Area,Nagpur,Unfurnished,13101612,1388,677
2017,Carpet Area,Mysore,Furnished,13101570,1377,680
1991,Built Area,Gwalior,Semi-Furnished,13101471,1259,635
2016,Super Area,Pune,Furnished,13101330,1294,647
2007,Super Area,Delhi,Unfurnished,13101187,1321,660
2007,Super Area,Ahmedabad,Furnished,13100901,1345,680
2014,Super Area,Mysore,Semi-Furnished,13100737,1349,659
2010,Carpet Area,Ranchi,Furnished,13100316,1309,647
2019,Plot Area,Ahmedabad,Furnished,13100268,1292,666
1998,Plot Area,Kalyan-Dombivli,Furnished,13100221,1339,675
2018,Plot Area,Faridabad,Unfurnished,13100196,1321,665
1994,Built Area,Nagpur,Furnished,13100157,1304,667
2005,Built Area,Ghaziabad,Furnished,13100062,1296,640
1998,Built Area,Aurangabad,Unfurnished,13099987,1295,639
2003,Carpet Area,Lucknow,Furnished,13099909,1376,672
2004,Built Area,Aurangabad,Unfurnished,13099892,1307,652
2018,Super Area,Ghaziabad,Furnished,13099869,1305,656
1997,Plot Area,Gwalior,Semi-Furnished,13099809,1289,660
2016,Built Area,Visakhapatnam,Semi-Furnished,13099736,1347,669
1995,Super Area,Mysore,Unfurnished,13099705,1292,670
2006,Plot Area,Indore,Furnished,13099660,1339,680
2009,Built Area,Indore,Furnished,13099487,1377,689
2013,Plot Area,Chennai,Unfurnished,13099384,1366,671
2016,Plot Area,Vijayawada,Unfurnished,13099279,1307,659
2012,Built Area,Gwalior,Semi-Furnished,13099115,1232,634
2007,Carpet Area,Mangalore,Unfurnished,13099093,1293,666
2009,Built Area,Jaipur,Semi-Furnished,13098691,1384,673
2006,Carpet Area,Chennai,Unfurnished,13098671,1295,638
1994,Super Area,Noida,Furnished,13098545,1339,657
1992,Built Area,Navi Mumbai,Semi-Furnished,13098388,1396,692
2021,Plot Area,Coimbatore,Unfurnished,13098385,1374,674
2010,Built Area,Faridabad,Unfurnished,13098247,1294,642
2020,Plot Area,Chennai,Semi-Furnished,13098156,1313,664
2019,Carpet Area,Meerut,Semi-Furnished,13097971,1260,654
1991,Built Area,Ludhiana,Semi-Furnished,13097942,1400,699
1995,Super Area,Kanpur,Semi-Furnished,13097927,1373,679
2016,Plot Area,Navi Mumbai,Semi-Furnished,13097856,1330,675
2017,Built Area,Meerut,Semi-Furnished,13097399,1269,641
1991,Plot Area,Mysore,Furnished,13097299,1299,646
2009,Super Area,Vadodara,Semi-Furnished,13097289,1314,657
2006,Carpet Area,Vadodara,Furnished,13097190,1327,678
2013,Plot Area,Ranchi,Semi-Furnished,13097088,1357,677
1998,Built Area,Bangalore,Unfurnished,13097012,1272,646
2009,Carpet Area,Ludhiana,Semi-Furnished,13096874,1333,678
2001,Super Area,Thane,Semi-Furnished,13096869,1358,687
2005,Carpet Area,Kolkata,Semi-Furnished,13096759,1342,678
1993,Plot Area,Jodhpur,Semi-Furnished,13096643,1358,673
2009,Plot Area,Chandigarh,Semi-Furnished,13096596,1362,681
2016,Plot Area,Nagpur,Semi-Furnished,13096555,1293,651
2019,Built Area,Vijayawada,Unfurnished,13096519,1309,647
2010,Super Area,Kolkata,Unfurnished,13096484,1278,645
2021,Carpet Area,Noida,Unfurnished,13096338,1294,643
2012,Carpet Area,Kanpur,Furnished,13096046,1310,651
2013,Plot Area,Aurangabad,Furnished,13095982,1324,673
2005,Plot Area,Faridabad,Furnished,13095949,1314,650
2004,Carpet Area,Mysore,Furnished,13095824,1323,674
1997,Built Area,Lucknow,Semi-Furnished,13095693,1286,647
2005,Plot Area,Rajkot,Furnished,13095682,1360,669
2019,Super Area,Vadodara,Semi-Furnished,13095514,1305,660
2016,Super Area,Mumbai,Semi-Furnished,13095331,1250,635
1997,Built Area,Hyderabad,Semi-Furnished,13095239,1316,669
2021,Plot Area,Rajkot,Unfurnished,13095151,1304,647
1993,Super Area,Nagpur,Semi-Furnished,13094948,1283,642
2011,Super Area,Chandigarh,Unfurnished,13094812,1347,677
2019,Plot Area,Amritsar,Semi-Furnished,13094623,1257,639
2003,Built Area,Chennai,Furnished,13094530,1245,640
1992,Super Area,Visakhapatnam,Unfurnished,13094356,1295,646
2001,Super Area,Kanpur,Semi-Furnished,13094156,1295,663
1991,Super Area,Jodhpur,Unfurnished,13093910,1309,655
2000,Carpet Area,Chandigarh,Unfurnished,13093895,1347,672
2010,Plot Area,Surat,Semi-Furnished,13093645,1317,664
1991,Carpet Area,Noida,Semi-Furnished,13093498,1290,656
2009,Plot Area,Patna,Unfurnished,13093243,1384,679
2009,Carpet Area,Jodhpur,Furnished,13092725,1380,694
2015,Built Area,Rajkot,Furnished,13092667,1318,644
1992,Built Area,Visakhapatnam,Furnished,13092594,1317,659
2005,Carpet Area,Nagpur,Unfurnished,13092207,1281,655
2002,Carpet Area,Vadodara,Unfurnished,13092151,1362,675
2008,Plot Area,Vadodara,Furnished,13092143,1309,657
1991,Plot Area,Faridabad,Semi-Furnished,13092132,1327,658
2018,Built Area,Noida,Furnished,13092104,1355,677
1997,Built Area,Agra,Furnished,13091611,1325,659
2011,Plot Area,Agra,Unfurnished,13091554,1341,663
2011,Carpet Area,Surat,Unfurnished,13091478,1308,639
2020,Built Area,Kalyan-Dombivli,Furnished,13091380,1301,662
2004,Super Area,Gwalior,Unfurnished,13091357,1266,633
2021,Carpet Area,Kalyan-Dombivli,Semi-Furnished,13091338,1366,685
1990,Plot Area,Mysore,Furnished,13091207,1314,636
1991,Super Area,Faridabad,Unfurnished,13091136,1320,632
1992,Plot Area,Navi Mumbai,Furnished,13091080,1358,675
1990,Built Area,Lucknow,Unfurnished,13091051,1307,654
2007,Carpet Area,Faridabad,Semi-Furnished,13090879,1282,647
2010,Carpet Area,Thane,Furnished,13090879,1308,663
2000,Carpet Area,Lucknow,Semi-Furnished,13090838,1271,644
2020,Super Area,Noida,Unfurnished,13090814,1298,655
2005,Plot Area,Lucknow,Furnished,13090770,1286,642
2006,Plot Area,Bangalore,Semi-Furnished,13090668,1353,673
1995,Super Area,Nagpur,Furnished,13090261,1350,674
2018,Super Area,Ahmedabad,Unfurnished,13090171,1329,661
2001,Carpet Area,Mangalore,Unfurnished,13090126,1331,666
1994,Built Area,Hyderabad,Unfurnished,13090087,1335,669
2008,Super Area,Ghaziabad,Furnished,13090073,1368,671
2005,Plot Area,Visakhapatnam,Semi-Furnished,13090069,1309,667
1992,Carpet Area,Gwalior,Semi-Furnished,13089684,1313,654
2001,Built Area,Ludhiana,Unfurnished,13089631,1291,656
2003,Super Area,Noida,Semi-Furnished,13089571,1367,665
2003,Super Area,Chandigarh,Furnished,13089479,1303,650
1997,Super Area,Pune,Furnished,13089475,1296,639
2020,Super Area,Mysore,Furnished,13089246,1279,639
2004,Plot Area,Bhopal,Furnished,13089029,1305,671
2021,Plot Area,Gwalior,Semi-Furnished,13088990,1359,681
2007,Plot Area,Bhopal,Unfurnished,13088835,1352,675
2021,Carpet Area,Nashik,Unfurnished,13088400,1293,653
2015,Plot Area,Agra,Semi-Furnished,13088365,1291,655
2008,Built Area,Rajkot,Semi-Furnished,13088339,1304,653
2009,Built Area,Bangalore,Furnished,13088095,1338,677
2013,Super Area,Ahmedabad,Unfurnished,13088072,1287,631
2015,Carpet Area,Lucknow,Furnished,13087983,1359,668
2001,Built Area,Mangalore,Unfurnished,13087772,1338,667
2007,Carpet Area,Thane,Unfurnished,13087758,1344,664
2005,Plot Area,Noida,Semi-Furnished,13087558,1340,668
2000,Carpet Area,Vijayawada,Furnished,13087524,1373,669
2017,Built Area,Ahmedabad,Semi-Furnished,13087352,1330,671
1999,Carpet Area,Nashik,Furnished,13087269,1277,658
1999,Plot Area,Chennai,Furnished,13087230,1298,642
1991,Super Area,Mysore,Semi-Furnished,13087128,1384,676
2003,Built Area,Nagpur,Unfurnished,13087121,1332,678
2001,Carpet Area,Ranchi,Unfurnished,13087039,1323,638
2010,Plot Area,Surat,Furnished,13086735,1320,667
1991,Plot Area,Faridabad,Furnished,13086549,1344,654
2019,Built Area,Ludhiana,Semi-Furnished,13086366,1330,669
2015,Carpet Area,Mumbai,Semi-Furnished,13086190,1314,659
1994,Plot Area,Bhopal,Semi-Furnished,13086182,1353,674
2016,Carpet Area,Kalyan-Dombivli,Unfurnished,13086144,1354,665
1997,Built Area,Mangalore,Unfurnished,13085923,1345,682
2012,Carpet Area,Kolkata,Unfurnished,13085863,1357,677
1998,Super Area,Kanpur,Semi-Furnished,13085858,1321,674
1993,Super Area,Patna,Furnished,13085722,1345,668
2009,Plot Area,Chandigarh,Furnished,13085645,1386,662
2018,Carpet Area,Varanasi,Unfurnished,13085622,1367,665
2013,Super Area,Gwalior,Semi-Furnished,13085502,1282,651
1994,Carpet Area,Ghaziabad,Semi-Furnished,13085445,1282,637
1992,Plot Area,Lucknow,Semi-Furnished,13085389,1351,671
2020,Built Area,Ahmedabad,Semi-Furnished,13085118,1251,638
1995,Plot Area,Nagpur,Unfurnished,13085042,1338,675
2009,Built Area,Pune,Semi-Furnished,13085025,1333,669
1995,Carpet Area,Surat,Semi-Furnished,13085018,1294,651
2019,Carpet Area,Agra,Furnished,13084920,1349,674
2011,Plot Area,Indore,Unfurnished,13084917,1250,636
1998,Plot Area,Kolkata,Semi-Furnished,13084913,1280,658
1992,Plot Area,Nashik,Furnished,13084892,1300,662
1995,Built Area,Kalyan-Dombivli,Furnished,13084813,1332,662
2016,Built Area,Hyderabad,Semi-Furnished,13084708,1353,680
2018,Built Area,Mumbai,Semi-Furnished,13084603,1301,644
2006,Super Area,Kolkata,Furnished,13084456,1311,662
2000,Plot Area,Chennai,Unfurnished,13084372,1285,646
2018,Super Area,Faridabad,Unfurnished,13084335,1333,667
2021,Super Area,Lucknow,Unfurnished,13084225,1336,655
2004,Super Area,Patna,Unfurnished,13083912,1337,660
1994,Built Area,Kalyan-Dombivli,Semi-Furnished,13083784,1340,678
1997,Super Area,Nagpur,Unfurnished,13083729,1316,667
2004,Plot Area,Nashik,Furnished,13083683,1352,666
2009,Built Area,Mumbai,Semi-Furnished,13083619,1282,664
1992,Built Area,Vadodara,Unfurnished,13083618,1381,702
1996,Plot Area,Rajkot,Semi-Furnished,13083502,1337,665
2001,Built Area,Lucknow,Furnished,13083326,1278,645
1998,Carpet Area,Nagpur,Semi-Furnished,13083307,1294,640
2005,Built Area,Aurangabad,Furnished,13083271,1339,674
2005,Carpet Area,Bhopal,Unfurnished,13083041,1310,671
1998,Carpet Area,Amritsar,Furnished,13082926,1279,654
1996,Built Area,Delhi,Unfurnished,13082841,1304,646
2005,Plot Area,Mysore,Furnished,13082654,1415,704
2014,Built Area,Vijayawada,Unfurnished,13082646,1301,656
1997,Carpet Area,Patna,Unfurnished,13082619,1314,652
2006,Carpet Area,Hyderabad,Furnished,13082398,1358,679
2001,Plot Area,Mumbai,Unfurnished,13082239,1407,693
2018,Plot Area,Navi Mumbai,Furnished,13082223,1283,663
2004,Carpet Area,Amritsar,Unfurnished,13082221,1341,673
1995,Carpet Area,Hyderabad,Semi-Furnished,13082208,1304,651
2014,Carpet Area,Noida,Furnished,13082132,1337,681
1992,Carpet Area,Kalyan-Dombivli,Semi-Furnished,13082056,1355,663
2003,Super Area,Amritsar,Semi-Furnished,13081929,1416,678
2004,Plot Area,Mangalore,Furnished,13081814,1366,685
2005,Super Area,Surat,Furnished,13081691,1312,655
2012,Carpet Area,Coimbatore,Furnished,13081495,1303,651
2012,Built Area,Meerut,Unfurnished,13081465,1328,659
2017,Super Area,Patna,Semi-Furnished,13081180,1313,667
2000,Super Area,Navi Mumbai,Semi-Furnished,13080950,1355,678
2012,Built Area,Mumbai,Furnished,13080919,1326,675
2007,Plot Area,Delhi,Furnished,13080851,1338,648
2021,Plot Area,Amritsar,Semi-Furnished,13080796,1379,683
2019,Built Area,Kalyan-Dombivli,Semi-Furnished,13080776,1294,646
2001,Super Area,Nagpur,Furnished,13080700,1289,651
2007,Carpet Area,Visakhapatnam,Furnished,13080485,1279,650
2003,Plot Area,Gwalior,Furnished,13080327,1344,680
2003,Carpet Area,Hyderabad,Furnished,13080306,1317,644
1999,Super Area,Ludhiana,Furnished,13080302,1307,658
2005,Built Area,Bhopal,Semi-Furnished,13080289,1303,651
1999,Super Area,Nagpur,Unfurnished,13080150,1360,675
2010,Super Area,Nagpur,Unfurnished,13080121,1323,671
1993,Super Area,Indore,Unfurnished,13080117,1340,649
2005,Super Area,Indore,Furnished,13080005,1362,652
2006,Built Area,Amritsar,Furnished,13079891,1332,660
1996,Carpet Area,Bangalore,Unfurnished,13079776,1310,647
2017,Super Area,Nagpur,Unfurnished,13079721,1319,659
1996,Super Area,Mysore,Furnished,13079718,1278,634
2011,Carpet Area,Agra,Semi-Furnished,13079618,1410,701
2008,Super Area,Gwalior,Furnished,13079582,1357,666
2010,Carpet Area,Thane,Semi-Furnished,13079572,1357,669
2009,Built Area,Mysore,Unfurnished,13079201,1408,707
1996,Super Area,Nagpur,Furnished,13079081,1368,684
2000,Carpet Area,Hyderabad,Semi-Furnished,13078989,1352,686
1995,Built Area,Hyderabad,Unfurnished,13078638,1324,664
2016,Plot Area,Vadodara,Semi-Furnished,13078623,1308,656
2003,Super Area,Meerut,Furnished,13078355,1319,643
1995,Built Area,Nagpur,Furnished,13078255,1311,648
1991,Plot Area,Noida,Furnished,13078242,1328,673
1999,Built Area,Faridabad,Furnished,13078219,1293,644
1999,Plot Area,Delhi,Furnished,13078118,1317,652
1991,Super Area,Indore,Semi-Furnished,13078092,1315,657
2018,Built Area,Ahmedabad,Semi-Furnished,13078032,1271,637
2006,Built Area,Pune,Furnished,13077965,1319,667
2016,Super Area,Kalyan-Dombivli,Unfurnished,13077929,1342,667
2009,Carpet Area,Ahmedabad,Furnished,13077924,1294,664
2011,Built Area,Gwalior,Furnished,13077852,1376,672
1996,Plot Area,Indore,Furnished,13077788,1329,666
2016,Plot Area,Ludhiana,Unfurnished,13077668,1291,651
2008,Plot Area,Coimbatore,Semi-Furnished,13077641,1302,671
1991,Super Area,Coimbatore,Furnished,13077412,1325,663
2014,Plot Area,Ludhiana,Unfurnished,13077204,1330,663
2014,Carpet Area,Ahmedabad,Furnished,13077128,1264,650
2012,Carpet Area,Vijayawada,Unfurnished,13077074,1358,676
1990,Built Area,Chennai,Furnished,13076915,1358,654
2019,Super Area,Vijayawada,Semi-Furnished,13076901,1275,642
2001,Built Area,Mangalore,Furnished,13076755,1300,651
2003,Built Area,Mysore,Furnished,13076750,1317,654
2012,Super Area,Mumbai,Semi-Furnished,13076735,1297,651
1997,Super Area,Kanpur,Semi-Furnished,13076658,1343,659
2000,Plot Area,Ahmedabad,Unfurnished,13076630,1309,667
2013,Super Area,Visakhapatnam,Semi-Furnished,13076596,1391,688
2010,Plot Area,Ludhiana,Semi-Furnished,13076466,1304,658
2020,Plot Area,Ghaziabad,Furnished,13075946,1317,651
2009,Super Area,Ludhiana,Semi-Furnished,13075834,1283,651
1998,Super Area,Meerut,Furnished,13075756,1400,684
1993,Carpet Area,Visakhapatnam,Unfurnished,13075692,1242,624
2015,Super Area,Indore,Unfurnished,13075527,1369,680
2010,Carpet Area,Kanpur,Furnished,13075405,1316,670
2002,Built Area,Faridabad,Furnished,13075403,1392,680
2017,Plot Area,Ghaziabad,Furnished,13075387,1327,668
2008,Carpet Area,Noida,Semi-Furnished,13075163,1312,676
2000,Carpet Area,Rajkot,Semi-Furnished,13075129,1346,676
1995,Super Area,Amritsar,Semi-Furnished,13074539,1395,706
2001,Built Area,Kalyan-Dombivli,Furnished,13074519,1348,677
2021,Super Area,Bhopal,Unfurnished,13074403,1282,651
1996,Super Area,Jaipur,Semi-Furnished,13074370,1346,669
1999,Plot Area,Bangalore,Semi-Furnished,13074335,1274,662
2007,Plot Area,Mangalore,Semi-Furnished,13074317,1329,668
2004,Plot Area,Faridabad,Unfurnished,13074138,1319,661
2013,Built Area,Visakhapatnam,Unfurnished,13074085,1294,658
2004,Super Area,Gwalior,Furnished,13074018,1339,685
2017,Plot Area,Ludhiana,Furnished,13073989,1287,652
2000,Built Area,Ranchi,Unfurnished,13073958,1341,668
2008,Plot Area,Mumbai,Semi-Furnished,13073727,1275,641
2008,Super Area,Lucknow,Unfurnished,13073610,1341,672
1995,Carpet Area,Mangalore,Unfurnished,13073603,1304,651
1992,Carpet Area,Mysore,Furnished,13073463,1331,661
2017,Carpet Area,Chandigarh,Furnished,13073259,1272,652
2009,Super Area,Mumbai,Furnished,13072942,1299,662
1990,Built Area,Nagpur,Furnished,13072929,1292,652
2002,Carpet Area,Lucknow,Unfurnished,13072822,1379,684
2003,Built Area,Hyderabad,Furnished,13072790,1372,688
2020,Plot Area,Meerut,Furnished,13072702,1341,681
2014,Plot Area,Gwalior,Furnished,13072665,1344,675
2015,Built Area,Varanasi,Semi-Furnished,13072620,1382,683
2000,Built Area,Thane,Furnished,13072593,1267,645
2018,Carpet Area,Meerut,Furnished,13072479,1333,672
2021,Plot Area,Mumbai,Unfurnished,13072465,1315,664
2005,Plot Area,Chandigarh,Unfurnished,13072327,1390,665
1992,Plot Area,Coimbatore,Furnished,13072302,1398,696
2007,Plot Area,Ranchi,Furnished,13071733,1334,665
2020,Super Area,Lucknow,Semi-Furnished,13071701,1290,652
1991,Super Area,Bhopal,Furnished,13071599,1294,657
2010,Super Area,Lucknow,Semi-Furnished,13071538,1336,660
1998,Built Area,Ahmedabad,Semi-Furnished,13071458,1277,641
1998,Built Area,Nagpur,Unfurnished,13071188,1383,675
1994,Super Area,Hyderabad,Unfurnished,13071027,1389,686
2011,Plot Area,Mumbai,Furnished,13070780,1353,672
1998,Carpet Area,Delhi,Unfurnished,13070718,1250,624
2015,Built Area,Hyderabad,Unfurnished,13070640,1308,662
2017,Plot Area,Rajkot,Furnished,13070622,1330,660
1994,Built Area,Bhopal,Furnished,13070577,1376,673
2005,Super Area,Mangalore,Unfurnished,13070573,1300,656
2011,Built Area,Vadodara,Unfurnished,13070508,1314,656
2015,Built Area,Coimbatore,Semi-Furnished,13070197,1256,636
1995,Built Area,Kalyan-Dombivli,Semi-Furnished,13070145,1336,658
2006,Super Area,Navi Mumbai,Furnished,13069643,1272,650
1995,Super Area,Faridabad,Semi-Furnished,13069302,1262,650
2010,Plot Area,Varanasi,Furnished,13068854,1301,652
2017,Built Area,Kanpur,Semi-Furnished,13068787,1339,669
2017,Super Area,Delhi,Unfurnished,13068515,1356,676
2020,Carpet Area,Chennai,Unfurnished,13068297,1308,645
1996,Carpet Area,Kanpur,Furnished,13068285,1257,647
1990,Built Area,Faridabad,Unfurnished,13068270,1299,653
2000,Carpet Area,Jodhpur,Semi-Furnished,13068240,1352,667
2014,Built Area,Visakhapatnam,Furnished,13068168,1398,684
1992,Built Area,Faridabad,Semi-Furnished,13068135,1310,661
2015,Super Area,Mangalore,Unfurnished,13068034,1329,664
2002,Carpet Area,Amritsar,Furnished,13067869,1289,654
2009,Plot Area,Bhopal,Semi-Furnished,13067616,1327,653
2004,Super Area,Jaipur,Unfurnished,13067600,1352,665
2017,Super Area,Aurangabad,Unfurnished,13067429,1269,632
2001,Plot Area,Kanpur,Semi-Furnished,13067418,1308,667
1994,Plot Area,Agra,Unfurnished,13067295,1314,665
1997,Super Area,Ahmedabad,Furnished,13067260,1309,645
2020,Carpet Area,Ghaziabad,Unfurnished,13067151,1319,646
1994,Super Area,Jodhpur,Unfurnished,13067107,1314,646
2000,Super Area,Nagpur,Furnished,13067083,1409,685
2020,Plot Area,Faridabad,Unfurnished,13066922,1387,690
1997,Super Area,Kanpur,Furnished,13066475,1390,688
2004,Built Area,Indore,Semi-Furnished,13066305,1333,684
2016,Super Area,Kolkata,Unfurnished,13066286,1391,689
1996,Carpet Area,Delhi,Furnished,13066032,1303,664
1994,Built Area,Indore,Furnished,13065915,1392,697
2009,Carpet Area,Agra,Unfurnished,13065767,1277,650
1998,Carpet Area,Noida,Semi-Furnished,13065752,1307,655
2006,Carpet Area,Gwalior,Furnished,13065741,1410,708
1995,Carpet Area,Mumbai,Unfurnished,13065738,1284,649
1994,Built Area,Agra,Unfurnished,13065650,1349,646
2015,Super Area,Gwalior,Furnished,13065497,1345,676
1997,Plot Area,Lucknow,Semi-Furnished,13065490,1337,656
2001,Super Area,Kalyan-Dombivli,Furnished,13065463,1317,645
2008,Plot Area,Bangalore,Semi-Furnished,13065180,1386,674
1999,Built Area,Meerut,Semi-Furnished,13065108,1393,684
2007,Built Area,Ghaziabad,Semi-Furnished,13064892,1366,671
2018,Super Area,Vijayawada,Unfurnished,13064842,1300,647
2000,Built Area,Rajkot,Unfurnished,13064715,1255,636
1993,Built Area,Navi Mumbai,Unfurnished,13064658,1283,657
2010,Carpet Area,Agra,Unfurnished,13064635,1296,645
2016,Built Area,Thane,Furnished,13064549,1375,684
2010,Plot Area,Aurangabad,Unfurnished,13064539,1391,679
1993,Built Area,Delhi,Furnished,13064501,1297,659
2006,Carpet Area,Nashik,Semi-Furnished,13064170,1315,656
1990,Super Area,Ludhiana,Semi-Furnished,13064051,1311,653
2019,Carpet Area,Thane,Semi-Furnished,13064034,1352,684
2003,Built Area,Delhi,Furnished,13063999,1333,651
2003,Super Area,Coimbatore,Furnished,13063840,1368,674
2002,Carpet Area,Navi Mumbai,Unfurnished,13063821,1315,657
2015,Plot Area,Nagpur,Furnished,13063486,1331,679
1992,Carpet Area,Mumbai,Unfurnished,13063416,1266,656
2020,Plot Area,Ranchi,Furnished,13063308,1293,654
2021,Carpet Area,Bangalore,Furnished,13063086,1319,663
1998,Super Area,Varanasi,Unfurnished,13062845,1392,689
2018,Super Area,Delhi,Semi-Furnished,13062681,1313,632
2016,Carpet Area,Thane,Furnished,13062665,1379,681
1995,Super Area,Bangalore,Unfurnished,13062410,1302,660
1990,Carpet Area,Vijayawada,Unfurnished,13062282,1384,674
2005,Plot Area,Pune,Semi-Furnished,13062244,1388,681
2015,Built Area,Vadodara,Unfurnished,13062180,1355,683
2011,Built Area,Delhi,Semi-Furnished,13062001,1337,670
2011,Super Area,Visakhapatnam,Semi-Furnished,13061975,1295,654
1996,Built Area,Jaipur,Semi-Furnished,13061840,1304,651
1994,Super Area,Surat,Furnished,13061812,1362,682
2021,Super Area,Amritsar,Semi-Furnished,13061734,1341,661
2021,Built Area,Thane,Furnished,13061715,1272,639
2016,Carpet Area,Ghaziabad,Furnished,13061507,1305,650
1995,Super Area,Indore,Semi-Furnished,13061455,1255,632
2001,Super Area,Agra,Unfurnished,13061104,1263,650
2017,Built Area,Mangalore,Semi-Furnished,13061072,1261,630
1995,Carpet Area,Lucknow,Semi-Furnished,13060805,1346,670
2019,Built Area,Thane,Unfurnished,13060677,1301,664
2011,Super Area,Varanasi,Furnished,13060624,1312,657
2015,Built Area,Lucknow,Furnished,13060542,1334,665
2014,Plot Area,Amritsar,Semi-Furnished,13060514,1378,665
2010,Super Area,Faridabad,Semi-Furnished,13060406,1343,665
2003,Super Area,Nashik,Furnished,13060233,1280,647
1997,Carpet Area,Nashik,Semi-Furnished,13060186,1348,674
2000,Carpet Area,Jodhpur,Unfurnished,13059952,1357,673
2015,Super Area,Mysore,Furnished,13059846,1288,657
2010,Built Area,Jodhpur,Furnished,13059712,1322,663
2017,Super Area,Faridabad,Semi-Furnished,13059703,1357,677
2019,Plot Area,Nagpur,Unfurnished,13059617,1341,677
2019,Plot Area,Ranchi,Semi-Furnished,13059602,1393,686
2017,Built Area,Aurangabad,Semi-Furnished,13059202,1398,675
2021,Super Area,Bhopal,Furnished,13059192,1282,661
2003,Carpet Area,Coimbatore,Furnished,13058851,1283,665
2021,Plot Area,Jaipur,Furnished,13058643,1402,675
1996,Carpet Area,Varanasi,Semi-Furnished,13058471,1364,669
1990,Plot Area,Lucknow,Unfurnished,13058367,1312,662
2006,Plot Area,Amritsar,Unfurnished,13058246,1300,648
2020,Built Area,Varanasi,Furnished,13058226,1275,661
2001,Plot Area,Visakhapatnam,Furnished,13058107,1311,658
2015,Super Area,Amritsar,Unfurnished,13058079,1272,641
1997,Built Area,Patna,Semi-Furnished,13057998,1336,658
2013,Carpet Area,Kalyan-Dombivli,Unfurnished,13057991,1311,659
2011,Built Area,Amritsar,Unfurnished,13057789,1324,664
2001,Built Area,Kolkata,Furnished,13057766,1364,679
2018,Carpet Area,Varanasi,Semi-Furnished,13057692,1399,689
2008,Super Area,Vijayawada,Furnished,13057651,1366,679
2007,Plot Area,Kolkata,Furnished,13057514,1262,628
1994,Built Area,Mysore,Furnished,13057512,1268,642
1999,Built Area,Pune,Furnished,13057466,1276,647
2008,Super Area,Noida,Semi-Furnished,13057094,1355,670
2020,Plot Area,Mysore,Unfurnished,13056826,1335,648
2004,Super Area,Hyderabad,Furnished,13056811,1337,674
1994,Super Area,Delhi,Semi-Furnished,13056784,1345,680
1999,Carpet Area,Kanpur,Semi-Furnished,13056691,1308,650
1999,Built Area,Patna,Furnished,13056503,1349,671
2000,Super Area,Rajkot,Unfurnished,13056338,1225,622
2010,Super Area,Chennai,Unfurnished,13056127,1325,658
2005,Plot Area,Kolkata,Furnished,13056035,1373,672
2006,Plot Area,Gwalior,Semi-Furnished,13055909,1403,694
1991,Plot Area,Vadodara,Unfurnished,13055909,1351,675
2017,Plot Area,Coimbatore,Furnished,13055739,1282,650
1990,Built Area,Ghaziabad,Furnished,13055738,1351,676
2002,Plot Area,Meerut,Unfurnished,13055672,1381,684
2013,Carpet Area,Agra,Unfurnished,13055384,1367,688
1991,Super Area,Navi Mumbai,Furnished,13055312,1350,675
1994,Super Area,Jaipur,Unfurnished,13055279,1298,651
2019,Carpet Area,Gwalior,Furnished,13055213,1335,666
2011,Built Area,Nashik,Unfurnished,13055132,1338,668
1998,Plot Area,Chandigarh,Furnished,13054988,1268,649
1991,Built Area,Varanasi,Furnished,13054962,1389,684
1998,Carpet Area,Chandigarh,Semi-Furnished,13054847,1270,636
1992,Plot Area,Amritsar,Furnished,13054729,1319,672
1997,Carpet Area,Mangalore,Furnished,13054642,1302,657
1995,Plot Area,Jaipur,Furnished,13054591,1372,663
2001,Carpet Area,Patna,Furnished,13054510,1325,665
2003,Carpet Area,Hyderabad,Unfurnished,13054508,1298,639
2015,Carpet Area,Nagpur,Unfurnished,13054348,1356,678
2020,Carpet Area,Ahmedabad,Unfurnished,13054348,1376,679
1998,Plot Area,Navi Mumbai,Semi-Furnished,13054132,1326,671
2008,Built Area,Faridabad,Furnished,13054017,1303,660
1994,Carpet Area,Hyderabad,Semi-Furnished,13053895,1375,680
2011,Super Area,Kanpur,Furnished,13053835,1362,699
2018,Super Area,Visakhapatnam,Unfurnished,13053677,1333,660
2003,Plot Area,Agra,Semi-Furnished,13053210,1346,676
1997,Plot Area,Vadodara,Unfurnished,13053153,1359,671
2002,Carpet Area,Indore,Furnished,13053110,1287,648
1997,Plot Area,Agra,Unfurnished,13052946,1353,661
2016,Plot Area,Kolkata,Unfurnished,13052861,1413,702
2002,Carpet Area,Ghaziabad,Unfurnished,13052718,1347,669
2014,Carpet Area,Chandigarh,Unfurnished,13052618,1300,660
2014,Super Area,Kalyan-Dombivli,Furnished,13052571,1303,646
2012,Super Area,Visakhapatnam,Unfurnished,13052252,1389,681
2019,Carpet Area,Mysore,Semi-Furnished,13051981,1294,643
2014,Plot Area,Delhi,Furnished,13051620,1392,681
2000,Carpet Area,Nagpur,Furnished,13051599,1354,689
1995,Plot Area,Aurangabad,Unfurnished,13051505,1334,663
2005,Carpet Area,Mumbai,Unfurnished,13051378,1351,680
2009,Super Area,Surat,Unfurnished,13051335,1379,693
1991,Carpet Area,Kolkata,Unfurnished,13051278,1380,700
1991,Carpet Area,Jaipur,Unfurnished,13051218,1302,652
2011,Plot Area,Surat,Furnished,13051214,1394,678
2007,Plot Area,Vadodara,Semi-Furnished,13051118,1318,632
2011,Plot Area,Mumbai,Semi-Furnished,13050912,1289,649
1996,Carpet Area,Noida,Semi-Furnished,13050661,1316,657
1991,Carpet Area,Ahmedabad,Furnished,13050418,1361,656
2007,Built Area,Kanpur,Unfurnished,13050389,1348,655
1996,Built Area,Agra,Unfurnished,13050160,1322,661
2013,Plot Area,Nashik,Furnished,13050098,1341,685
2021,Carpet Area,Thane,Unfurnished,13049679,1349,676
2002,Plot Area,Agra,Semi-Furnished,13049642,1354,685
2016,Plot Area,Jaipur,Furnished,13049517,1292,648
2019,Carpet Area,Kolkata,Unfurnished,13049412,1294,649
2004,Carpet Area,Mangalore,Unfurnished,13049035,1259,650
1997,Carpet Area,Agra,Furnished,13049032,1305,658
1998,Built Area,Coimbatore,Unfurnished,13048927,1345,677
1997,Super Area,Bangalore,Semi-Furnished,13048920,1325,665
2020,Built Area,Kanpur,Furnished,13048898,1326,662
2011,Carpet Area,Mumbai,Furnished,13048779,1304,642
2014,Plot Area,Chandigarh,Furnished,13048689,1317,652
2003,Super Area,Varanasi,Unfurnished,13048661,1314,654
2013,Carpet Area,Indore,Furnished,13048659,1304,670
2006,Super Area,Bangalore,Semi-Furnished,13048657,1331,659
1992,Plot Area,Kalyan-Dombivli,Furnished,13048584,1340,680
1991,Super Area,Visakhapatnam,Unfurnished,13048524,1307,661
2009,Plot Area,Varanasi,Semi-Furnished,13048502,1277,636
2017,Built Area,Delhi,Furnished,13048412,1362,676
2021,Plot Area,Chandigarh,Furnished,13048312,1406,687
2000,Carpet Area,Thane,Semi-Furnished,13048194,1348,672
2016,Super Area,Delhi,Furnished,13048115,1372,694
2004,Built Area,Mysore,Semi-Furnished,13048068,1355,669
1996,Built Area,Mumbai,Semi-Furnished,13047803,1285,653
1995,Built Area,Amritsar,Semi-Furnished,13047799,1239,641
1995,Plot Area,Chandigarh,Semi-Furnished,13047790,1357,662
1993,Built Area,Ranchi,Unfurnished,13047675,1311,659
2003,Super Area,Lucknow,Unfurnished,13047552,1282,639
2012,Plot Area,Ghaziabad,Semi-Furnished,13047256,1374,674
1996,Carpet Area,Rajkot,Furnished,13047040,1392,678
2004,Carpet Area,Thane,Unfurnished,13046961,1291,652
1991,Built Area,Mumbai,Furnished,13046864,1393,688
2004,Built Area,Varanasi,Unfurnished,13046741,1246,637
2000,Super Area,Nashik,Furnished,13046336,1303,633
2008,Carpet Area,Gwalior,Furnished,13046181,1318,661
2019,Carpet Area,Bangalore,Semi-Furnished,13046129,1361,686
1992,Super Area,Nashik,Semi-Furnished,13046069,1353,670
1990,Plot Area,Varanasi,Unfurnished,13045931,1317,666
2017,Super Area,Gwalior,Semi-Furnished,13045928,1287,646
1992,Super Area,Surat,Semi-Furnished,13045693,1275,643
1992,Plot Area,Meerut,Semi-Furnished,13045439,1336,672
2015,Plot Area,Mumbai,Semi-Furnished,13045328,1373,671
2019,Super Area,Mysore,Furnished,13045276,1277,648
2000,Super Area,Agra,Furnished,13045136,1326,675
2005,Built Area,Faridabad,Furnished,13045044,1353,684
2004,Carpet Area,Indore,Unfurnished,13044871,1288,655
2003,Built Area,Noida,Semi-Furnished,13044473,1355,688
2016,Carpet Area,Patna,Semi-Furnished,13044430,1403,673
2001,Built Area,Hyderabad,Unfurnished,13044193,1323,659
1992,Super Area,Coimbatore,Semi-Furnished,13044140,1310,642
1991,Super Area,Agra,Semi-Furnished,13044039,1383,695
2012,Carpet Area,Pune,Semi-Furnished,13043946,1245,630
1995,Plot Area,Pune,Unfurnished,13043941,1327,665
2016,Carpet Area,Thane,Semi-Furnished,13043687,1305,675
2018,Super Area,Nagpur,Furnished,13043496,1301,649
2018,Built Area,Vijayawada,Unfurnished,13043233,1231,624
1995,Carpet Area,Amritsar,Unfurnished,13043184,1292,634
1991,Plot Area,Pune,Unfurnished,13043078,1365,676
2021,Carpet Area,Bangalore,Unfurnished,13043024,1386,688
1996,Plot Area,Gwalior,Semi-Furnished,13042976,1351,666
2019,Built Area,Lucknow,Furnished,13042969,1347,666
2004,Plot Area,Aurangabad,Unfurnished,13042795,1342,656
2004,Carpet Area,Agra,Furnished,13042522,1273,644
2015,Carpet Area,Delhi,Unfurnished,13042247,1344,667
1990,Built Area,Kanpur,Furnished,13042235,1327,657
2005,Built Area,Mysore,Furnished,13042074,1404,687
2003,Plot Area,Ludhiana,Semi-Furnished,13041558,1360,680
2017,Built Area,Hyderabad,Furnished,13041487,1295,662
2011,Super Area,Chennai,Furnished,13041387,1239,631
2011,Super Area,Kalyan-Dombivli,Furnished,13041343,1304,657
2007,Built Area,Patna,Unfurnished,13041158,1297,659
2004,Carpet Area,Chandigarh,Furnished,13041077,1348,670
2007,Carpet Area,Jaipur,Unfurnished,13041058,1304,669
2018,Carpet Area,Ludhiana,Semi-Furnished,13041022,1308,649
2019,Super Area,Meerut,Furnished,13040954,1301,649
2002,Super Area,Navi Mumbai,Semi-Furnished,13040604,1401,695
1996,Carpet Area,Noida,Unfurnished,13040343,1331,661
2001,Super Area,Bhopal,Unfurnished,13040333,1287,658
2001,Carpet Area,Kanpur,Furnished,13040332,1344,677
1999,Super Area,Aurangabad,Furnished,13040215,1352,670
2009,Super Area,Pune,Semi-Furnished,13040043,1342,680
2002,Super Area,Mysore,Furnished,13039991,1351,657
2018,Plot Area,Coimbatore,Furnished,13039960,1261,653
2017,Plot Area,Ghaziabad,Unfurnished,13039706,1278,641
2014,Built Area,Ghaziabad,Semi-Furnished,13039651,1289,649
2014,Built Area,Delhi,Furnished,13039339,1274,648
2010,Super Area,Ludhiana,Semi-Furnished,13039338,1254,643
1998,Super Area,Ludhiana,Unfurnished,13039270,1338,658
1998,Built Area,Ahmedabad,Unfurnished,13039108,1317,660
2013,Carpet Area,Vadodara,Semi-Furnished,13039085,1292,653
1997,Super Area,Agra,Furnished,13038833,1322,661
2016,Built Area,Vijayawada,Furnished,13038815,1247,628
2013,Built Area,Mysore,Semi-Furnished,13038792,1373,682
2001,Carpet Area,Visakhapatnam,Furnished,13038736,1304,657
2010,Plot Area,Jodhpur,Unfurnished,13038723,1284,649
2016,Carpet Area,Aurangabad,Unfurnished,13038364,1298,655
2007,Super Area,Meerut,Semi-Furnished,13037858,1323,670
1994,Built Area,Ahmedabad,Semi-Furnished,13037820,1314,648
2015,Plot Area,Bhopal,Unfurnished,13037695,1343,664
1997,Built Area,Aurangabad,Furnished,13037480,1395,697
1991,Built Area,Gwalior,Furnished,13037366,1328,668
1996,Super Area,Mangalore,Semi-Furnished,13037130,1343,681
1999,Super Area,Kolkata,Unfurnished,13037023,1355,683
2000,Super Area,Vadodara,Furnished,13036731,1354,670
2007,Carpet Area,Bangalore,Unfurnished,13036669,1345,675
1998,Built Area,Vadodara,Furnished,13036323,1304,640
1991,Plot Area,Aurangabad,Furnished,13036315,1304,667
2010,Built Area,Vadodara,Unfurnished,13036309,1321,675
2011,Carpet Area,Faridabad,Semi-Furnished,13036144,1312,648
2000,Built Area,Rajkot,Semi-Furnished,13035965,1307,662
2012,Plot Area,Vijayawada,Unfurnished,13035677,1357,665
2009,Plot Area,Hyderabad,Semi-Furnished,13035426,1307,647
2014,Plot Area,Bangalore,Furnished,13035031,1306,651
1999,Carpet Area,Navi Mumbai,Furnished,13035008,1331,650
2016,Plot Area,Hyderabad,Semi-Furnished,13034955,1365,671
1998,Built Area,Ranchi,Unfurnished,13034852,1323,661
2021,Built Area,Vijayawada,Furnished,13034687,1255,636
1998,Carpet Area,Mumbai,Unfurnished,13034493,1309,655
2007,Built Area,Indore,Unfurnished,13034336,1362,690
2019,Built Area,Delhi,Furnished,13034246,1293,654
1997,Plot Area,Meerut,Unfurnished,13034179,1328,665
2004,Carpet Area,Aurangabad,Unfurnished,13034152,1284,653
2018,Carpet Area,Ahmedabad,Furnished,13034127,1334,659
1990,Super Area,Noida,Furnished,13033866,1305,656
2021,Super Area,Aurangabad,Furnished,13033808,1342,662
2017,Super Area,Pune,Semi-Furnished,13033746,1308,637
2003,Carpet Area,Ahmedabad,Semi-Furnished,13033657,1364,681
2001,Plot Area,Ranchi,Furnished,13033401,1335,660
1996,Super Area,Jodhpur,Semi-Furnished,13033381,1356,667
1996,Carpet Area,Bhopal,Furnished,13033229,1291,644
1999,Plot Area,Mumbai,Furnished,13033216,1358,671
2013,Plot Area,Chandigarh,Unfurnished,13033015,1275,643
2016,Plot Area,Kanpur,Semi-Furnished,13032828,1289,663
2006,Built Area,Ghaziabad,Unfurnished,13032738,1284,628
2020,Built Area,Pune,Furnished,13032730,1305,665
1997,Carpet Area,Mumbai,Semi-Furnished,13032486,1378,661
2004,Super Area,Thane,Furnished,13032337,1282,650
1992,Built Area,Ranchi,Semi-Furnished,13032165,1237,644
2012,Carpet Area,Vadodara,Unfurnished,13032134,1297,652
2002,Built Area,Thane,Semi-Furnished,13031945,1315,653
2013,Built Area,Mysore,Furnished,13031707,1314,651
1990,Carpet Area,Vadodara,Unfurnished,13031687,1361,670
2017,Built Area,Mumbai,Furnished,13031639,1318,647
1995,Plot Area,Surat,Unfurnished,13031567,1342,662
1993,Built Area,Ranchi,Furnished,13031441,1281,648
2013,Super Area,Ludhiana,Unfurnished,13031302,1352,659
1991,Super Area,Ranchi,Semi-Furnished,13031100,1308,652
1999,Carpet Area,Patna,Semi-Furnished,13030993,1386,677
2006,Super Area,Hyderabad,Unfurnished,13030774,1266,626
1991,Built Area,Chandigarh,Furnished,13030479,1277,629
1994,Carpet Area,Faridabad,Unfurnished,13030206,1253,637
1998,Carpet Area,Varanasi,Furnished,13030134,1284,668
2010,Carpet Area,Ghaziabad,Semi-Furnished,13030086,1279,643
2008,Super Area,Patna,Semi-Furnished,13029987,1263,637
1999,Plot Area,Ranchi,Semi-Furnished,13029908,1241,628
2015,Carpet Area,Meerut,Semi-Furnished,13029760,1311,650
2007,Carpet Area,Mumbai,Furnished,13029719,1323,647
2020,Carpet Area,Navi Mumbai,Furnished,13029678,1281,645
1998,Built Area,Varanasi,Unfurnished,13029574,1304,649
2013,Plot Area,Pune,Semi-Furnished,13029483,1304,670
1996,Carpet Area,Amritsar,Unfurnished,13029446,1360,677
1995,Carpet Area,Vijayawada,Furnished,13029413,1282,648
2018,Plot Area,Coimbatore,Semi-Furnished,13029407,1372,688
1993,Carpet Area,Bhopal,Furnished,13029352,1332,674
1998,Carpet Area,Kolkata,Semi-Furnished,13029271,1318,660
1991,Plot Area,Navi Mumbai,Semi-Furnished,13029125,1296,661
2020,Built Area,Aurangabad,Furnished,13029115,1312,664
2015,Carpet Area,Chennai,Furnished,13028930,1277,655
2014,Super Area,Agra,Unfurnished,13028873,1325,662
2013,Carpet Area,Ludhiana,Unfurnished,13028778,1330,668
2013,Plot Area,Ludhiana,Furnished,13028489,1304,646
2011,Carpet Area,Lucknow,Semi-Furnished,13028387,1284,649
2015,Built Area,Nagpur,Furnished,13028327,1325,668
2004,Plot Area,Patna,Furnished,13028242,1351,672
2017,Plot Area,Amritsar,Semi-Furnished,13028237,1315,661
2018,Super Area,Bangalore,Unfurnished,13028067,1319,655
2017,Plot Area,Meerut,Furnished,13027915,1342,650
2017,Carpet Area,Ranchi,Semi-Furnished,13027914,1367,679
2015,Super Area,Varanasi,Furnished,13027881,1264,657
2011,Super Area,Kalyan-Dombivli,Unfurnished,13027816,1273,653
1994,Carpet Area,Mumbai,Furnished,13027728,1318,660
1991,Super Area,Kalyan-Dombivli,Semi-Furnished,13027622,1329,666
2009,Carpet Area,Patna,Semi-Furnished,13027442,1322,667
2005,Built Area,Vadodara,Furnished,13027369,1304,656
2010,Built Area,Ghaziabad,Furnished,13027080,1278,653
2016,Plot Area,Delhi,Furnished,13027016,1320,662
2011,Super Area,Kolkata,Furnished,13026652,1329,653
2011,Built Area,Hyderabad,Unfurnished,13026449,1341,667
2011,Carpet Area,Navi Mumbai,Unfurnished,13026407,1260,645
2021,Super Area,Lucknow,Semi-Furnished,13026272,1378,690
2001,Super Area,Faridabad,Furnished,13026110,1349,673
1993,Super Area,Kalyan-Dombivli,Furnished,13025852,1366,664
2005,Carpet Area,Mangalore,Furnished,13025764,1291,654
2006,Built Area,Nagpur,Unfurnished,13025701,1378,670
1995,Plot Area,Noida,Furnished,13025677,1330,660
2014,Plot Area,Meerut,Semi-Furnished,13025564,1359,678
2009,Carpet Area,Mumbai,Semi-Furnished,13025346,1302,655
2019,Plot Area,Visakhapatnam,Furnished,13025339,1394,685
2008,Super Area,Amritsar,Unfurnished,13025291,1281,657
2010,Built Area,Visakhapatnam,Semi-Furnished,13025210,1299,647
2012,Super Area,Nagpur,Semi-Furnished,13025033,1334,659
1991,Carpet Area,Indore,Furnished,13024759,1257,642
2015,Super Area,Lucknow,Furnished,13024570,1272,652
2017,Super Area,Kolkata,Furnished,13024538,1310,679
2011,Plot Area,Mangalore,Semi-Furnished,13024524,1313,660
2008,Super Area,Jaipur,Unfurnished,13024513,1353,661
2016,Super Area,Jodhpur,Furnished,13024137,1286,654
2018,Super Area,Thane,Furnished,13024008,1314,652
2014,Super Area,Amritsar,Semi-Furnished,13023887,1296,671
2000,Built Area,Amritsar,Semi-Furnished,13023863,1318,665
2010,Carpet Area,Navi Mumbai,Furnished,13023637,1269,639
2018,Plot Area,Hyderabad,Furnished,13023321,1302,651
1994,Carpet Area,Mangalore,Semi-Furnished,13023058,1267,633
2005,Built Area,Ahmedabad,Semi-Furnished,13022795,1312,665
2018,Built Area,Delhi,Semi-Furnished,13022742,1325,651
2008,Super Area,Delhi,Unfurnished,13022450,1288,648
2021,Super Area,Noida,Unfurnished,13022435,1327,672
2018,Carpet Area,Mysore,Unfurnished,13022303,1254,641
2006,Super Area,Agra,Furnished,13022174,1354,668
2013,Carpet Area,Ghaziabad,Furnished,13022166,1330,681
1999,Carpet Area,Navi Mumbai,Unfurnished,13022147,1315,659
2015,Built Area,Ludhiana,Furnished,13022077,1337,662
1994,Carpet Area,Delhi,Furnished,13021844,1355,683
1990,Carpet Area,Indore,Furnished,13021827,1263,643
2021,Super Area,Noida,Furnished,13021649,1299,659
2003,Built Area,Mysore,Semi-Furnished,13021497,1374,670
2002,Plot Area,Surat,Unfurnished,13021456,1348,680
2016,Plot Area,Visakhapatnam,Furnished,13021431,1379,688
2008,Built Area,Chennai,Unfurnished,13021084,1320,644
1999,Carpet Area,Jodhpur,Furnished,13020940,1317,652
1997,Super Area,Kalyan-Dombivli,Semi-Furnished,13020907,1301,651
1995,Carpet Area,Ranchi,Semi-Furnished,13020672,1380,697
1992,Carpet Area,Surat,Unfurnished,13020530,1356,657
2020,Built Area,Lucknow,Semi-Furnished,13020360,1325,657
1992,Super Area,Meerut,Furnished,13020345,1271,649
1996,Super Area,Vadodara,Furnished,13020316,1316,661
1990,Super Area,Ghaziabad,Unfurnished,13020295,1342,662
1991,Plot Area,Lucknow,Furnished,13020192,1339,668
2009,Built Area,Aurangabad,Semi-Furnished,13020172,1317,649
2018,Plot Area,Vijayawada,Semi-Furnished,13020114,1374,694
1994,Super Area,Kolkata,Unfurnished,13020106,1308,658
2007,Carpet Area,Mangalore,Furnished,13020040,1252,627
2004,Plot Area,Ahmedabad,Unfurnished,13019809,1308,668
2013,Plot Area,Bangalore,Furnished,13019680,1275,636
1993,Plot Area,Vadodara,Semi-Furnished,13019663,1353,663
2003,Plot Area,Jaipur,Semi-Furnished,13019302,1284,642
2002,Super Area,Meerut,Furnished,13019117,1361,667
1999,Plot Area,Ranchi,Furnished,13019102,1311,642
2011,Super Area,Aurangabad,Furnished,13018692,1279,646
2011,Super Area,Mangalore,Unfurnished,13018643,1327,674
1991,Super Area,Nashik,Furnished,13018622,1344,667
1990,Plot Area,Coimbatore,Semi-Furnished,13018617,1304,655
2007,Super Area,Rajkot,Unfurnished,13018451,1322,660
2013,Carpet Area,Kolkata,Furnished,13018375,1379,678
1991,Carpet Area,Vijayawada,Unfurnished,13018348,1290,646
2002,Carpet Area,Bangalore,Semi-Furnished,13018192,1329,674
1993,Carpet Area,Surat,Semi-Furnished,13018153,1334,665
2020,Plot Area,Agra,Furnished,13018073,1329,666
2002,Plot Area,Lucknow,Unfurnished,13017955,1347,667
1999,Carpet Area,Jodhpur,Unfurnished,13017829,1370,673
2021,Carpet Area,Indore,Semi-Furnished,13017735,1312,663
1991,Carpet Area,Rajkot,Unfurnished,13017701,1317,653
2019,Plot Area,Delhi,Semi-Furnished,13017682,1280,655
1995,Carpet Area,Jaipur,Furnished,13017526,1313,658
2015,Carpet Area,Vadodara,Furnished,13017523,1277,650
2010,Super Area,Chennai,Semi-Furnished,13017442,1325,683
1996,Plot Area,Mumbai,Semi-Furnished,13017312,1228,610
2018,Plot Area,Visakhapatnam,Unfurnished,13017034,1294,639
1995,Super Area,Vadodara,Semi-Furnished,13016955,1336,670
2008,Plot Area,Amritsar,Furnished,13016843,1347,673
2015,Carpet Area,Bhopal,Semi-Furnished,13016714,1310,661
2010,Plot Area,Meerut,Unfurnished,13016589,1328,664
1991,Carpet Area,Bangalore,Furnished,13016586,1354,676
1996,Super Area,Agra,Furnished,13016540,1263,653
2007,Carpet Area,Chandigarh,Unfurnished,13016223,1436,694
2017,Plot Area,Aurangabad,Unfurnished,13016073,1269,643
2004,Carpet Area,Vadodara,Unfurnished,13016037,1306,664
2020,Carpet Area,Visakhapatnam,Unfurnished,13016013,1325,664
2007,Carpet Area,Ahmedabad,Unfurnished,13015879,1330,692
2014,Plot Area,Mysore,Furnished,13015830,1320,649
1995,Built Area,Noida,Furnished,13015817,1250,635
1997,Carpet Area,Pune,Unfurnished,13015768,1388,687
2010,Plot Area,Navi Mumbai,Unfurnished,13015754,1334,655
2014,Carpet Area,Mysore,Semi-Furnished,13015750,1287,665
2020,Plot Area,Thane,Unfurnished,13015639,1282,640
2018,Super Area,Patna,Semi-Furnished,13015628,1320,647
2013,Super Area,Indore,Furnished,13015598,1242,635
1994,Built Area,Chandigarh,Unfurnished,13015534,1348,684
2016,Carpet Area,Nashik,Unfurnished,13015513,1368,661
2015,Plot Area,Surat,Semi-Furnished,13015506,1368,674
2015,Plot Area,Mangalore,Semi-Furnished,13015323,1321,665
2005,Plot Area,Nashik,Furnished,13015245,1329,672
1995,Plot Area,Delhi,Semi-Furnished,13015223,1355,682
2002,Plot Area,Ghaziabad,Semi-Furnished,13014816,1324,681
1993,Plot Area,Pune,Semi-Furnished,13014563,1318,661
2010,Carpet Area,Mangalore,Furnished,13014397,1342,684
2018,Plot Area,Lucknow,Furnished,13014209,1357,674
2001,Plot Area,Hyderabad,Unfurnished,13013900,1340,653
1994,Built Area,Lucknow,Semi-Furnished,13013895,1302,641
1999,Super Area,Delhi,Furnished,13013878,1250,653
2008,Plot Area,Navi Mumbai,Semi-Furnished,13013823,1300,656
2013,Built Area,Bangalore,Furnished,13013817,1335,661
2019,Built Area,Bangalore,Unfurnished,13013509,1317,673
2000,Built Area,Kolkata,Semi-Furnished,13013308,1269,645
2004,Built Area,Ghaziabad,Unfurnished,13013291,1284,659
2002,Super Area,Delhi,Furnished,13013271,1317,654
2005,Built Area,Jodhpur,Furnished,13013260,1361,675
1998,Plot Area,Aurangabad,Unfurnished,13013138,1347,660
2007,Carpet Area,Kalyan-Dombivli,Semi-Furnished,13013002,1282,645
1991,Super Area,Nashik,Semi-Furnished,13012883,1313,648
1990,Plot Area,Rajkot,Unfurnished,13012695,1322,665
1999,Carpet Area,Surat,Semi-Furnished,13012634,1377,681
2012,Carpet Area,Hyderabad,Semi-Furnished,13012400,1291,657
1999,Plot Area,Kanpur,Unfurnished,13012399,1369,683
1992,Super Area,Coimbatore,Unfurnished,13012245,1336,674
2006,Built Area,Amritsar,Semi-Furnished,13012229,1345,658
2016,Super Area,Patna,Unfurnished,13012063,1297,670
1997,Built Area,Ranchi,Unfurnished,13011993,1312,667
2008,Built Area,Varanasi,Unfurnished,13011920,1333,661
2004,Super Area,Navi Mumbai,Furnished,13011912,1424,684
1996,Super Area,Aurangabad,Furnished,13011735,1246,629
2008,Built Area,Kolkata,Furnished,13011667,1388,685
2020,Super Area,Mangalore,Furnished,13011627,1315,648
1996,Built Area,Lucknow,Furnished,13011523,1276,644
1999,Built Area,Nagpur,Furnished,13011482,1302,656
2019,Plot Area,Jodhpur,Furnished,13011419,1332,648
2020,Carpet Area,Coimbatore,Furnished,13011406,1384,690
2009,Super Area,Jaipur,Unfurnished,13011303,1327,667
2011,Super Area,Navi Mumbai,Unfurnished,13011266,1311,652
2002,Built Area,Aurangabad,Furnished,13011256,1285,646
2006,Super Area,Meerut,Furnished,13011141,1332,665
2002,Carpet Area,Jaipur,Unfurnished,13011049,1343,672
1993,Built Area,Pune,Semi-Furnished,13010953,1344,668
2021,Super Area,Indore,Semi-Furnished,13010845,1318,681
2010,Built Area,Amritsar,Semi-Furnished,13010785,1306,650
1994,Carpet Area,Delhi,Semi-Furnished,13010736,1369,678
2021,Super Area,Hyderabad,Unfurnished,13010687,1329,668
1994,Built Area,Nashik,Semi-Furnished,13010515,1383,677
1999,Plot Area,Jodhpur,Unfurnished,13010469,1247,639
2014,Plot Area,Amritsar,Furnished,13010079,1282,629
2003,Super Area,Noida,Furnished,13009958,1296,667
2007,Plot Area,Jaipur,Furnished,13009916,1362,687
2000,Built Area,Bhopal,Unfurnished,13009847,1311,670
1996,Built Area,Mumbai,Furnished,13009753,1361,677
1990,Super Area,Nashik,Semi-Furnished,13009734,1291,642
2013,Built Area,Gwalior,Furnished,13009687,1299,650
1994,Built Area,Meerut,Semi-Furnished,13009677,1302,663
2010,Plot Area,Indore,Semi-Furnished,13009579,1361,679
1996,Plot Area,Kanpur,Unfurnished,13009517,1260,650
2012,Carpet Area,Mysore,Unfurnished,13009387,1328,658
1993,Built Area,Noida,Furnished,13009363,1317,666
1993,Super Area,Vijayawada,Unfurnished,13009317,1227,632
2020,Carpet Area,Surat,Furnished,13009317,1326,678
2003,Carpet Area,Thane,Furnished,13009272,1422,685
2010,Plot Area,Jaipur,Furnished,13009190,1342,669
2008,Super Area,Ahmedabad,Semi-Furnished,13009186,1289,654
2015,Plot Area,Ahmedabad,Semi-Furnished,13009149,1335,668
1999,Carpet Area,Nashik,Unfurnished,13008841,1317,654
1998,Plot Area,Ludhiana,Semi-Furnished,13008814,1343,663
2007,Built Area,Delhi,Furnished,13008392,1366,677
1997,Super Area,Ranchi,Unfurnished,13008326,1399,686
2003,Built Area,Jaipur,Unfurnished,13008324,1253,643
2004,Carpet Area,Ahmedabad,Unfurnished,13008228,1307,654
2016,Built Area,Kanpur,Furnished,13008153,1300,646
1999,Plot Area,Indore,Unfurnished,13008104,1321,664
1992,Plot Area,Jaipur,Semi-Furnished,13008082,1321,651
2000,Plot Area,Ludhiana,Semi-Furnished,13008080,1348,667
1995,Carpet Area,Chennai,Furnished,13008030,1423,708
2003,Carpet Area,Chennai,Semi-Furnished,13007956,1384,683
2006,Carpet Area,Nashik,Furnished,13007883,1329,660
2003,Super Area,Faridabad,Furnished,13007827,1361,699
2004,Plot Area,Faridabad,Semi-Furnished,13007797,1337,672
1994,Plot Area,Navi Mumbai,Furnished,13007676,1310,660
2007,Plot Area,Patna,Semi-Furnished,13007610,1309,653
2013,Super Area,Mysore,Semi-Furnished,13007579,1354,681
1997,Built Area,Jodhpur,Furnished,13007332,1306,674
1990,Carpet Area,Lucknow,Unfurnished,13006990,1360,670
2007,Plot Area,Meerut,Unfurnished,13006915,1352,661
2006,Carpet Area,Agra,Unfurnished,13006864,1270,640
2021,Plot Area,Indore,Furnished,13006809,1275,642
2015,Carpet Area,Chandigarh,Furnished,13006773,1328,671
1992,Super Area,Indore,Semi-Furnished,13006735,1352,665
2021,Plot Area,Mangalore,Furnished,13006691,1306,660
2003,Plot Area,Rajkot,Semi-Furnished,13006529,1270,649
2019,Plot Area,Thane,Semi-Furnished,13006447,1301,658
2020,Super Area,Kanpur,Furnished,13006411,1363,673
2013,Built Area,Amritsar,Unfurnished,13006311,1311,659
2002,Super Area,Nagpur,Unfurnished,13006070,1337,655
2012,Built Area,Jodhpur,Unfurnished,13005951,1234,633
2000,Built Area,Hyderabad,Furnished,13005911,1321,662
2005,Carpet Area,Vijayawada,Furnished,13005572,1340,664
1992,Carpet Area,Amritsar,Unfurnished,13005551,1313,659
2005,Carpet Area,Kalyan-Dombivli,Unfurnished,13005420,1293,658
2005,Carpet Area,Kanpur,Unfurnished,13005271,1302,642
2006,Carpet Area,Lucknow,Furnished,13005129,1366,666
1994,Super Area,Nashik,Unfurnished,13005035,1315,659
1996,Carpet Area,Meerut,Unfurnished,13004952,1245,624
2016,Built Area,Indore,Furnished,13004671,1321,666
2005,Built Area,Amritsar,Unfurnished,13004617,1346,668
1993,Super Area,Gwalior,Semi-Furnished,13004507,1278,636
2007,Carpet Area,Ahmedabad,Semi-Furnished,13004222,1285,653
2019,Carpet Area,Chennai,Semi-Furnished,13004050,1343,676
2020,Carpet Area,Ghaziabad,Semi-Furnished,13003780,1349,673
2016,Carpet Area,Lucknow,Semi-Furnished,13003739,1323,681
2013,Built Area,Nagpur,Furnished,13003714,1243,625
2013,Super Area,Pune,Semi-Furnished,13003449,1272,662
2011,Carpet Area,Faridabad,Unfurnished,13003377,1329,672
1999,Plot Area,Bangalore,Furnished,13003360,1335,671
2004,Carpet Area,Noida,Furnished,13003015,1392,675
2013,Built Area,Gwalior,Unfurnished,13002975,1390,697
2003,Super Area,Agra,Semi-Furnished,13002928,1377,684
1992,Plot Area,Gwalior,Furnished,13002451,1293,647
2009,Carpet Area,Noida,Unfurnished,13002356,1303,643
2013,Built Area,Mangalore,Unfurnished,13002330,1315,655
1992,Plot Area,Indore,Furnished,13002325,1273,657
2012,Plot Area,Noida,Unfurnished,13001735,1301,642
2014,Plot Area,Noida,Semi-Furnished,13001605,1349,678
2005,Built Area,Kalyan-Dombivli,Furnished,13001523,1358,670
1998,Built Area,Patna,Unfurnished,13001312,1341,657
2010,Built Area,Aurangabad,Semi-Furnished,13001293,1248,641
1993,Built Area,Delhi,Unfurnished,13001287,1311,647
1994,Plot Area,Ranchi,Unfurnished,13001228,1319,658
2020,Built Area,Ranchi,Furnished,13001138,1290,648
2016,Carpet Area,Mangalore,Semi-Furnished,13001137,1328,676
2012,Built Area,Mumbai,Semi-Furnished,13000828,1322,655
2005,Plot Area,Bangalore,Furnished,13000813,1328,654
1994,Built Area,Mangalore,Furnished,13000713,1372,687
2008,Plot Area,Surat,Semi-Furnished,13000610,1289,652
1992,Super Area,Faridabad,Unfurnished,13000583,1285,654
1992,Super Area,Indore,Unfurnished,13000426,1352,669
2005,Super Area,Coimbatore,Furnished,13000390,1345,669
2013,Super Area,Meerut,Semi-Furnished,13000309,1283,646
2007,Super Area,Coimbatore,Furnished,13000173,1330,670
2000,Super Area,Ludhiana,Furnished,13000071,1339,663
2005,Built Area,Ranchi,Unfurnished,13000060,1300,641
2011,Built Area,Ludhiana,Unfurnished,12999958,1377,669
1991,Built Area,Kolkata,Unfurnished,12999664,1256,633
1997,Carpet Area,Rajkot,Semi-Furnished,12999654,1336,665
2000,Plot Area,Pune,Semi-Furnished,12999538,1374,681
2020,Super Area,Ludhiana,Unfurnished,12999037,1327,670
1990,Carpet Area,Amritsar,Semi-Furnished,12999004,1377,674
2011,Plot Area,Ranchi,Unfurnished,12998907,1231,634
1994,Plot Area,Thane,Furnished,12998576,1285,642
2010,Carpet Area,Navi Mumbai,Semi-Furnished,12998562,1287,649
2002,Plot Area,Kolkata,Furnished,12998499,1361,666
2013,Built Area,Patna,Furnished,12998487,1366,664
2013,Super Area,Hyderabad,Semi-Furnished,12998253,1297,661
1997,Super Area,Aurangabad,Unfurnished,12998153,1347,662
2001,Super Area,Lucknow,Unfurnished,12998053,1359,685
2000,Super Area,Navi Mumbai,Unfurnished,12997908,1287,653
2012,Carpet Area,Ghaziabad,Semi-Furnished,12997789,1358,667
2014,Built Area,Kalyan-Dombivli,Semi-Furnished,12997697,1382,674
2020,Plot Area,Noida,Unfurnished,12997649,1328,685
2012,Super Area,Amritsar,Unfurnished,12997583,1298,647
1994,Plot Area,Rajkot,Furnished,12997564,1296,649
1993,Super Area,Surat,Furnished,12997524,1304,657
2019,Built Area,Noida,Unfurnished,12997394,1370,656
2015,Carpet Area,Pune,Unfurnished,12997256,1278,643
1996,Built Area,Meerut,Furnished,12997200,1229,620
2017,Plot Area,Ranchi,Unfurnished,12997185,1266,639
2016,Carpet Area,Kanpur,Unfurnished,12997129,1364,679
1996,Carpet Area,Hyderabad,Semi-Furnished,12997045,1313,663
2020,Carpet Area,Delhi,Furnished,12996985,1348,670
2005,Built Area,Noida,Semi-Furnished,12996694,1362,693
1991,Carpet Area,Bangalore,Semi-Furnished,12996271,1312,660
2012,Carpet Area,Chennai,Furnished,12996192,1306,643
2020,Super Area,Varanasi,Furnished,12996180,1297,650
1995,Carpet Area,Nashik,Unfurnished,12996158,1348,659
2012,Plot Area,Ranchi,Semi-Furnished,12995933,1302,643
1994,Carpet Area,Rajkot,Semi-Furnished,12995847,1410,689
2009,Super Area,Mangalore,Semi-Furnished,12995530,1309,650
2003,Super Area,Jaipur,Semi-Furnished,12995405,1267,634
2016,Super Area,Ludhiana,Unfurnished,12995388,1346,679
2008,Plot Area,Ahmedabad,Semi-Furnished,12995248,1384,694
2008,Carpet Area,Noida,Furnished,12995095,1302,656
1993,Super Area,Surat,Semi-Furnished,12995002,1312,661
2000,Built Area,Visakhapatnam,Semi-Furnished,12994955,1294,645
1997,Built Area,Surat,Unfurnished,12994933,1296,659
2006,Plot Area,Ludhiana,Furnished,12994778,1387,670
2013,Carpet Area,Patna,Unfurnished,12994563,1228,617
2016,Super Area,Nagpur,Unfurnished,12994149,1296,659
2020,Plot Area,Amritsar,Unfurnished,12994091,1310,654
1992,Plot Area,Lucknow,Unfurnished,12994065,1283,648
2012,Plot Area,Bangalore,Unfurnished,12993851,1289,650
1992,Built Area,Ranchi,Furnished,12993774,1355,661
1996,Built Area,Vijayawada,Furnished,12993457,1342,669
1994,Plot Area,Kalyan-Dombivli,Furnished,12993140,1166,608
1998,Carpet Area,Nagpur,Furnished,12993118,1289,660
2018,Built Area,Vijayawada,Semi-Furnished,12993090,1353,682
1991,Super Area,Bangalore,Furnished,12992981,1389,694
1993,Super Area,Ranchi,Unfurnished,12992825,1318,670
1994,Carpet Area,Lucknow,Semi-Furnished,12992769,1332,655
1997,Plot Area,Gwalior,Furnished,12992755,1316,668
1995,Carpet Area,Thane,Unfurnished,12992664,1332,666
2019,Super Area,Delhi,Semi-Furnished,12992626,1384,678
2017,Carpet Area,Vijayawada,Unfurnished,12992556,1372,667
2004,Built Area,Noida,Semi-Furnished,12992540,1368,683
1992,Carpet Area,Mangalore,Furnished,12992498,1319,656
1999,Built Area,Mumbai,Furnished,12992298,1322,666
2019,Plot Area,Mangalore,Semi-Furnished,12992241,1319,659
2000,Super Area,Gwalior,Unfurnished,12992083,1326,661
2000,Built Area,Hyderabad,Unfurnished,12992008,1358,681
2021,Built Area,Vadodara,Semi-Furnished,12991964,1332,663
1991,Built Area,Ranchi,Semi-Furnished,12991830,1237,642
1993,Super Area,Kolkata,Furnished,12991746,1312,665
1995,Super Area,Mangalore,Furnished,12991685,1409,693
2004,Super Area,Coimbatore,Furnished,12991646,1314,670
2000,Super Area,Mysore,Semi-Furnished,12991557,1324,664
2020,Built Area,Ahmedabad,Furnished,12991543,1293,640
2012,Carpet Area,Varanasi,Semi-Furnished,12991452,1334,646
2008,Super Area,Coimbatore,Unfurnished,12991426,1401,681
2021,Built Area,Noida,Semi-Furnished,12990951,1305,656
1997,Super Area,Indore,Unfurnished,12990566,1357,652
1997,Carpet Area,Coimbatore,Semi-Furnished,12990473,1371,683
2009,Built Area,Lucknow,Semi-Furnished,12990445,1307,645
2013,Carpet Area,Mysore,Furnished,12990273,1320,664
1996,Built Area,Pune,Furnished,12990014,1291,653
2017,Super Area,Ahmedabad,Semi-Furnished,12989900,1341,678
2011,Plot Area,Ahmedabad,Unfurnished,12989893,1296,647
2000,Carpet Area,Thane,Unfurnished,12989863,1348,671
2006,Super Area,Jaipur,Semi-Furnished,12989842,1305,658
2007,Built Area,Ahmedabad,Semi-Furnished,12989649,1248,629
2015,Super Area,Delhi,Furnished,12989450,1311,645
2000,Carpet Area,Noida,Unfurnished,12989360,1332,665
2002,Carpet Area,Nashik,Semi-Furnished,12989340,1355,669
1993,Carpet Area,Meerut,Unfurnished,12989300,1250,641
2009,Built Area,Thane,Semi-Furnished,12989119,1289,646
1999,Carpet Area,Surat,Furnished,12989013,1319,658
1991,Plot Area,Ghaziabad,Unfurnished,12989004,1355,677
1994,Built Area,Coimbatore,Semi-Furnished,12988642,1348,677
1999,Plot Area,Vadodara,Semi-Furnished,12988630,1244,637
1991,Carpet Area,Meerut,Furnished,12988612,1316,655
1994,Built Area,Mysore,Semi-Furnished,12988569,1287,628
1992,Super Area,Kalyan-Dombivli,Semi-Furnished,12988499,1247,616
1995,Super Area,Rajkot,Semi-Furnished,12988325,1308,637
2002,Built Area,Ghaziabad,Semi-Furnished,12988119,1357,667
2017,Super Area,Ranchi,Unfurnished,12987929,1344,685
1999,Plot Area,Navi Mumbai,Semi-Furnished,12987913,1280,636
2011,Carpet Area,Aurangabad,Furnished,12987751,1380,671
2011,Built Area,Nagpur,Unfurnished,12987529,1310,656
1995,Carpet Area,Kolkata,Furnished,12987488,1286,639
1998,Super Area,Patna,Semi-Furnished,12987393,1314,657
2004,Built Area,Ranchi,Semi-Furnished,12987179,1267,634
1995,Super Area,Kolkata,Semi-Furnished,12987046,1385,677
2001,Carpet Area,Hyderabad,Unfurnished,12986978,1333,665
1990,Plot Area,Mangalore,Semi-Furnished,12986964,1358,684
2006,Built Area,Indore,Furnished,12986831,1329,650
2011,Super Area,Agra,Unfurnished,12986816,1251,647
1990,Built Area,Kanpur,Unfurnished,12986679,1324,658
2003,Super Area,Ghaziabad,Unfurnished,12986362,1369,677
2017,Plot Area,Jodhpur,Semi-Furnished,12986305,1350,669
2012,Built Area,Aurangabad,Semi-Furnished,12986298,1373,674
2005,Built Area,Kolkata,Semi-Furnished,12986213,1328,659
2006,Built Area,Jaipur,Semi-Furnished,12986150,1351,676
2006,Built Area,Pune,Unfurnished,12986148,1399,686
2005,Plot Area,Indore,Unfurnished,12985942,1317,656
2018,Super Area,Ghaziabad,Semi-Furnished,12985619,1305,652
2008,Plot Area,Agra,Semi-Furnished,12985543,1272,634
2004,Built Area,Delhi,Furnished,12985467,1327,652
2000,Super Area,Jodhpur,Furnished,12985397,1271,646
1998,Plot Area,Vadodara,Semi-Furnished,12985009,1291,660
2015,Carpet Area,Jodhpur,Furnished,12984796,1308,657
2014,Carpet Area,Jodhpur,Furnished,12984750,1319,643
2004,Super Area,Bangalore,Semi-Furnished,12984649,1288,638
2006,Plot Area,Faridabad,Semi-Furnished,12984588,1325,667
2002,Plot Area,Bangalore,Semi-Furnished,12984486,1284,647
1995,Super Area,Pune,Semi-Furnished,12984455,1292,658
2012,Plot Area,Bangalore,Semi-Furnished,12983629,1320,655
1998,Super Area,Kolkata,Unfurnished,12983608,1247,626
1993,Carpet Area,Jaipur,Semi-Furnished,12983483,1357,677
2020,Built Area,Kalyan-Dombivli,Semi-Furnished,12983439,1309,653
2000,Carpet Area,Vijayawada,Semi-Furnished,12983294,1381,687
1993,Super Area,Noida,Furnished,12983167,1288,639
2018,Carpet Area,Amritsar,Unfurnished,12983093,1322,664
1991,Super Area,Ranchi,Furnished,12982838,1375,689
1990,Super Area,Ahmedabad,Semi-Furnished,12982818,1349,663
2018,Carpet Area,Aurangabad,Furnished,12982678,1337,656
1998,Carpet Area,Kanpur,Furnished,12982459,1315,653
1995,Plot Area,Vijayawada,Unfurnished,12982315,1282,659
2009,Carpet Area,Patna,Unfurnished,12982197,1327,659
1993,Super Area,Nashik,Furnished,12982163,1283,655
1991,Built Area,Hyderabad,Semi-Furnished,12982071,1346,675
1995,Super Area,Agra,Furnished,12981948,1248,648
2009,Built Area,Jaipur,Furnished,12981913,1292,643
2013,Plot Area,Chandigarh,Semi-Furnished,12981909,1275,651
2014,Carpet Area,Nagpur,Furnished,12981777,1320,653
1993,Plot Area,Meerut,Unfurnished,12981689,1276,647
2015,Super Area,Jodhpur,Semi-Furnished,12981615,1341,669
2002,Plot Area,Delhi,Furnished,12981585,1321,680
2004,Plot Area,Nagpur,Semi-Furnished,12981546,1295,657
2001,Carpet Area,Delhi,Unfurnished,12981434,1234,613
2013,Built Area,Vadodara,Semi-Furnished,12981403,1298,659
2009,Super Area,Ahmedabad,Furnished,12981111,1321,666
1993,Carpet Area,Vijayawada,Furnished,12980760,1318,654
2012,Built Area,Jaipur,Unfurnished,12980634,1270,641
2016,Built Area,Visakhapatnam,Furnished,12980418,1310,638
1996,Plot Area,Patna,Unfurnished,12980361,1301,654
2012,Super Area,Ranchi,Furnished,12980319,1399,673
2014,Built Area,Nashik,Unfurnished,12980251,1294,656
1999,Super Area,Visakhapatnam,Furnished,12980160,1262,644
2014,Built Area,Kanpur,Semi-Furnished,12980149,1357,678
2008,Carpet Area,Ghaziabad,Unfurnished,12980013,1349,673
2021,Plot Area,Jodhpur,Furnished,12979953,1270,647
2002,Plot Area,Lucknow,Semi-Furnished,12979748,1289,646
2019,Super Area,Kalyan-Dombivli,Furnished,12979686,1283,639
2007,Plot Area,Surat,Semi-Furnished,12979594,1298,655
2020,Built Area,Chennai,Semi-Furnished,12979507,1261,643
1990,Built Area,Ahmedabad,Semi-Furnished,12979455,1330,669
2020,Carpet Area,Nagpur,Unfurnished,12979428,1341,665
1996,Carpet Area,Navi Mumbai,Furnished,12979289,1381,681
1991,Built Area,Chandigarh,Unfurnished,12979238,1378,691
1992,Plot Area,Coimbatore,Unfurnished,12979204,1241,627
1994,Built Area,Ludhiana,Furnished,12979184,1347,663
2000,Carpet Area,Delhi,Unfurnished,12979064,1223,631
1990,Carpet Area,Bangalore,Semi-Furnished,12978927,1285,649
2004,Super Area,Rajkot,Unfurnished,12978856,1315,649
2014,Carpet Area,Bangalore,Unfurnished,12978706,1441,707
1999,Super Area,Faridabad,Furnished,12978395,1328,658
1990,Built Area,Bhopal,Semi-Furnished,12978344,1302,662
1993,Built Area,Surat,Furnished,12978159,1307,651
1995,Plot Area,Kolkata,Unfurnished,12978141,1368,683
1992,Plot Area,Patna,Semi-Furnished,12978077,1343,665
2004,Super Area,Nashik,Unfurnished,12977907,1283,644
1996,Plot Area,Amritsar,Unfurnished,12977377,1308,652
2011,Super Area,Ranchi,Unfurnished,12977375,1341,656
2020,Plot Area,Patna,Furnished,12977251,1362,682
1990,Carpet Area,Navi Mumbai,Unfurnished,12977224,1313,657
2003,Built Area,Faridabad,Furnished,12977200,1304,652
1991,Plot Area,Bangalore,Furnished,12977118,1301,641
2021,Carpet Area,Mangalore,Semi-Furnished,12977055,1292,659
2016,Carpet Area,Navi Mumbai,Furnished,12976820,1313,648
1991,Built Area,Aurangabad,Semi-Furnished,12976733,1315,659
2019,Plot Area,Vijayawada,Unfurnished,12976730,1314,642
2004,Plot Area,Mumbai,Furnished,12976617,1299,662
1994,Built Area,Bangalore,Semi-Furnished,12976429,1301,633
1992,Plot Area,Aurangabad,Furnished,12976133,1319,669
1993,Carpet Area,Kolkata,Furnished,12976029,1327,659
1997,Carpet Area,Mumbai,Furnished,12975999,1270,628
1990,Carpet Area,Gwalior,Furnished,12975967,1260,637
2014,Built Area,Ahmedabad,Semi-Furnished,12975856,1365,670
1995,Built Area,Ghaziabad,Semi-Furnished,12975790,1336,672
2020,Super Area,Bangalore,Semi-Furnished,12975593,1318,660
1992,Built Area,Kolkata,Unfurnished,12975444,1281,642
2003,Plot Area,Kolkata,Unfurnished,12975415,1341,660
2009,Super Area,Ranchi,Semi-Furnished,12975383,1295,664
2021,Built Area,Ghaziabad,Unfurnished,12975353,1277,630
1994,Built Area,Delhi,Semi-Furnished,12975327,1360,663
2017,Super Area,Amritsar,Furnished,12975251,1327,660
2002,Plot Area,Gwalior,Semi-Furnished,12975206,1319,656
2003,Super Area,Vadodara,Semi-Furnished,12975105,1291,653
2003,Plot Area,Gwalior,Unfurnished,12974652,1296,676
2015,Built Area,Delhi,Semi-Furnished,12974623,1336,670
1991,Super Area,Kanpur,Semi-Furnished,12974622,1404,682
2020,Plot Area,Amritsar,Semi-Furnished,12974391,1313,648
2011,Super Area,Nashik,Unfurnished,12974360,1336,658
2007,Plot Area,Mangalore,Furnished,12974297,1273,642
2010,Super Area,Vijayawada,Semi-Furnished,12974201,1284,649
2019,Built Area,Indore,Unfurnished,12973836,1279,650
2001,Super Area,Visakhapatnam,Unfurnished,12973739,1404,688
2013,Built Area,Bangalore,Unfurnished,12973727,1293,649
2012,Carpet Area,Meerut,Unfurnished,12973665,1345,675
2006,Built Area,Thane,Semi-Furnished,12973621,1291,661
2016,Plot Area,Meerut,Furnished,12973475,1344,667
1994,Super Area,Amritsar,Semi-Furnished,12973348,1350,682
2010,Built Area,Kalyan-Dombivli,Unfurnished,12973345,1328,661
1998,Built Area,Pune,Unfurnished,12973290,1273,638
2018,Plot Area,Meerut,Furnished,12973095,1346,675
2003,Plot Area,Surat,Furnished,12973020,1323,667
2003,Super Area,Delhi,Furnished,12972836,1323,666
2016,Carpet Area,Mysore,Furnished,12972768,1379,661
2009,Super Area,Kolkata,Furnished,12972655,1277,632
1991,Super Area,Rajkot,Unfurnished,12972637,1338,664
2005,Built Area,Meerut,Unfurnished,12972618,1335,667
2004,Built Area,Surat,Unfurnished,12972495,1353,665
2019,Super Area,Kolkata,Furnished,12972412,1275,642
2017,Built Area,Pune,Unfurnished,12972327,1304,663
2021,Super Area,Kanpur,Semi-Furnished,12972324,1342,677
2005,Built Area,Rajkot,Furnished,12972278,1371,669
2003,Plot Area,Chandigarh,Furnished,12972272,1322,657
2011,Carpet Area,Mysore,Furnished,12972256,1295,639
2015,Carpet Area,Vijayawada,Semi-Furnished,12972255,1322,667
2012,Super Area,Surat,Unfurnished,12972024,1325,646
1995,Carpet Area,Mumbai,Semi-Furnished,12971919,1261,626
1997,Plot Area,Jaipur,Semi-Furnished,12971832,1366,685
2005,Plot Area,Jaipur,Furnished,12971718,1318,668
1992,Plot Area,Jodhpur,Semi-Furnished,12971706,1340,671
2016,Plot Area,Thane,Furnished,12971483,1339,666
2004,Built Area,Mumbai,Semi-Furnished,12971411,1289,651
2014,Built Area,Mangalore,Furnished,12971259,1306,673
1998,Built Area,Patna,Furnished,12970854,1334,673
1991,Super Area,Meerut,Semi-Furnished,12970421,1441,705
2006,Super Area,Vadodara,Unfurnished,12970346,1330,670
1999,Carpet Area,Ahmedabad,Furnished,12970277,1374,677
2013,Super Area,Thane,Semi-Furnished,12970248,1236,632
1993,Plot Area,Gwalior,Semi-Furnished,12970049,1280,642
2002,Super Area,Chandigarh,Furnished,12970016,1295,659
2015,Carpet Area,Meerut,Unfurnished,12969907,1303,653
1997,Super Area,Faridabad,Semi-Furnished,12969882,1373,677
2009,Carpet Area,Mysore,Unfurnished,12969855,1357,688
1998,Carpet Area,Rajkot,Unfurnished,12969810,1320,670
1996,Carpet Area,Faridabad,Unfurnished,12969620,1295,651
2017,Plot Area,Ahmedabad,Furnished,12969465,1326,667
2009,Carpet Area,Mysore,Furnished,12969280,1439,700
2020,Built Area,Bhopal,Furnished,12969234,1397,682
1995,Plot Area,Vijayawada,Semi-Furnished,12969076,1360,667
2019,Built Area,Noida,Semi-Furnished,12969029,1303,671
2009,Super Area,Ranchi,Unfurnished,12968861,1342,662
1998,Built Area,Vadodara,Unfurnished,12968440,1360,679
2001,Carpet Area,Ghaziabad,Unfurnished,12968210,1288,648
2009,Built Area,Jodhpur,Unfurnished,12968185,1362,683
2018,Plot Area,Ghaziabad,Semi-Furnished,12968168,1305,654
1992,Super Area,Amritsar,Unfurnished,12968164,1348,683
2014,Plot Area,Ranchi,Furnished,12968127,1300,643
2020,Carpet Area,Delhi,Semi-Furnished,12968066,1288,650
2011,Carpet Area,Chandigarh,Furnished,12967938,1387,679
2006,Plot Area,Varanasi,Unfurnished,12967803,1252,628
2011,Built Area,Mysore,Unfurnished,12967800,1218,623
2018,Super Area,Hyderabad,Furnished,12967644,1280,647
2019,Plot Area,Patna,Unfurnished,12967581,1252,621
2015,Plot Area,Patna,Semi-Furnished,12967566,1230,629
2013,Plot Area,Amritsar,Unfurnished,12967524,1293,632
2012,Built Area,Patna,Unfurnished,12967462,1306,658
1992,Carpet Area,Coimbatore,Unfurnished,12967405,1284,655
1994,Built Area,Jaipur,Unfurnished,12967302,1336,672
2017,Super Area,Delhi,Semi-Furnished,12967263,1323,652
2006,Built Area,Vadodara,Unfurnished,12966601,1231,610
1995,Carpet Area,Coimbatore,Semi-Furnished,12966380,1280,651
2005,Plot Area,Ghaziabad,Unfurnished,12966176,1308,650
2017,Super Area,Kanpur,Furnished,12966148,1250,643
2005,Built Area,Gwalior,Semi-Furnished,12966132,1260,644
2009,Carpet Area,Ahmedabad,Unfurnished,12966068,1331,648
1998,Plot Area,Mangalore,Unfurnished,12965938,1321,672
2002,Plot Area,Mysore,Semi-Furnished,12965830,1301,654
2019,Super Area,Surat,Unfurnished,12965783,1368,674
2014,Built Area,Aurangabad,Furnished,12965731,1304,646
1992,Plot Area,Chandigarh,Unfurnished,12965415,1249,630
2016,Super Area,Mangalore,Semi-Furnished,12965140,1350,670
2003,Built Area,Varanasi,Semi-Furnished,12965009,1308,654
2018,Super Area,Varanasi,Unfurnished,12964998,1302,663
2001,Carpet Area,Hyderabad,Semi-Furnished,12964934,1270,646
2021,Plot Area,Kolkata,Semi-Furnished,12964841,1346,669
1992,Built Area,Mumbai,Semi-Furnished,12964616,1378,681
1998,Built Area,Chennai,Furnished,12964435,1325,653
1990,Super Area,Agra,Semi-Furnished,12964386,1360,671
2016,Plot Area,Chennai,Furnished,12964303,1387,680
2006,Plot Area,Navi Mumbai,Unfurnished,12964025,1360,667
2002,Super Area,Gwalior,Unfurnished,12963817,1296,661
1997,Plot Area,Pune,Semi-Furnished,12963816,1397,688
2016,Plot Area,Ghaziabad,Unfurnished,12963741,1319,673
2001,Super Area,Ranchi,Unfurnished,12963724,1321,666
2000,Plot Area,Indore,Unfurnished,12963531,1315,674
2011,Built Area,Meerut,Semi-Furnished,12963394,1358,675
2005,Built Area,Indore,Furnished,12963288,1308,650
1992,Built Area,Rajkot,Semi-Furnished,12963221,1389,710
2004,Super Area,Pune,Semi-Furnished,12963173,1304,665
2020,Carpet Area,Patna,Unfurnished,12962995,1346,668
2008,Super Area,Visakhapatnam,Semi-Furnished,12962720,1282,649
2018,Plot Area,Jodhpur,Semi-Furnished,12962696,1413,697
2008,Built Area,Chennai,Furnished,12962647,1323,662
2005,Plot Area,Kanpur,Unfurnished,12962610,1354,677
1999,Super Area,Pune,Unfurnished,12962604,1301,650
1993,Plot Area,Surat,Furnished,12962586,1320,664
2004,Plot Area,Indore,Semi-Furnished,12962477,1291,658
1999,Built Area,Bangalore,Unfurnished,12962425,1341,672
2006,Built Area,Patna,Semi-Furnished,12962195,1344,665
2011,Plot Area,Noida,Unfurnished,12962088,1337,661
2018,Plot Area,Surat,Furnished,12962083,1381,678
2011,Carpet Area,Indore,Furnished,12962076,1292,656
1995,Built Area,Mysore,Semi-Furnished,12962039,1351,672
2009,Carpet Area,Ranchi,Semi-Furnished,12962019,1320,664
2011,Plot Area,Kolkata,Unfurnished,12961648,1301,653
2016,Carpet Area,Visakhapatnam,Furnished,12961551,1377,674
1992,Super Area,Chennai,Semi-Furnished,12961336,1314,673
2007,Plot Area,Chennai,Furnished,12961336,1290,648
2005,Carpet Area,Surat,Unfurnished,12961301,1361,683
2016,Built Area,Jodhpur,Unfurnished,12961282,1310,662
1991,Carpet Area,Surat,Semi-Furnished,12961227,1318,641
1993,Carpet Area,Indore,Furnished,12961170,1300,642
1999,Built Area,Surat,Semi-Furnished,12961110,1360,683
2008,Plot Area,Nagpur,Semi-Furnished,12960691,1190,626
2019,Built Area,Bangalore,Furnished,12960498,1280,635
1996,Super Area,Hyderabad,Furnished,12960392,1302,669
2006,Plot Area,Vadodara,Unfurnished,12960238,1308,651
1993,Super Area,Aurangabad,Furnished,12960168,1344,674
1998,Plot Area,Ahmedabad,Unfurnished,12959975,1354,662
2005,Super Area,Amritsar,Unfurnished,12959826,1287,646
1995,Built Area,Pune,Furnished,12959554,1319,669
2005,Built Area,Ludhiana,Unfurnished,12959447,1303,650
1992,Super Area,Bhopal,Semi-Furnished,12959437,1386,685
2010,Plot Area,Jaipur,Unfurnished,12959208,1293,654
2011,Super Area,Coimbatore,Unfurnished,12959163,1277,642
2020,Carpet Area,Kalyan-Dombivli,Unfurnished,12959156,1381,686
1992,Plot Area,Pune,Furnished,12959098,1335,667
1998,Plot Area,Coimbatore,Unfurnished,12959013,1305,660
1993,Super Area,Patna,Unfurnished,12958703,1338,659
2007,Built Area,Varanasi,Unfurnished,12958342,1421,704
2003,Built Area,Bangalore,Semi-Furnished,12958273,1295,654
2021,Plot Area,Ghaziabad,Unfurnished,12958234,1330,669
1997,Carpet Area,Kolkata,Semi-Furnished,12958059,1259,642
2021,Super Area,Chandigarh,Semi-Furnished,12957840,1300,654
2003,Built Area,Ludhiana,Furnished,12957815,1281,632
1999,Plot Area,Amritsar,Semi-Furnished,12957700,1318,652
2000,Super Area,Meerut,Unfurnished,12957614,1292,647
1999,Carpet Area,Mysore,Semi-Furnished,12957500,1275,657
2018,Built Area,Kanpur,Furnished,12957412,1284,635
1996,Plot Area,Chandigarh,Semi-Furnished,12957278,1224,624
2001,Plot Area,Ghaziabad,Semi-Furnished,12957264,1383,673
1993,Super Area,Ghaziabad,Semi-Furnished,12957190,1279,656
1998,Plot Area,Mumbai,Unfurnished,12956869,1335,667
2012,Carpet Area,Gwalior,Unfurnished,12956695,1308,645
2020,Plot Area,Agra,Unfurnished,12956695,1277,630
2003,Built Area,Ahmedabad,Semi-Furnished,12956657,1396,686
2011,Built Area,Thane,Furnished,12956603,1301,645
1994,Built Area,Nashik,Furnished,12956398,1316,650
2007,Built Area,Navi Mumbai,Furnished,12956397,1272,644
2016,Carpet Area,Varanasi,Furnished,12956394,1309,637
1996,Plot Area,Agra,Semi-Furnished,12956301,1345,666
1997,Plot Area,Mysore,Unfurnished,12956086,1395,676
2018,Plot Area,Surat,Semi-Furnished,12955931,1294,658
2014,Carpet Area,Nashik,Unfurnished,12955913,1331,647
2021,Plot Area,Nagpur,Semi-Furnished,12955706,1323,660
2010,Super Area,Surat,Semi-Furnished,12955635,1293,651
2000,Super Area,Jaipur,Semi-Furnished,12955587,1330,651
2019,Super Area,Navi Mumbai,Furnished,12955359,1274,650
1997,Built Area,Vadodara,Unfurnished,12955282,1361,678
2004,Carpet Area,Lucknow,Furnished,12955034,1295,662
1997,Carpet Area,Ghaziabad,Semi-Furnished,12954846,1281,639
2019,Carpet Area,Bhopal,Furnished,12954731,1365,670
2005,Super Area,Navi Mumbai,Furnished,12954666,1316,658
2021,Carpet Area,Kolkata,Unfurnished,12954649,1298,642
1997,Built Area,Kanpur,Unfurnished,12954356,1324,672
2005,Super Area,Mumbai,Semi-Furnished,12954144,1267,647
1992,Super Area,Hyderabad,Semi-Furnished,12954110,1316,674
2011,Built Area,Thane,Semi-Furnished,12954062,1285,647
1994,Built Area,Patna,Semi-Furnished,12953329,1311,661
1995,Plot Area,Ludhiana,Furnished,12953045,1246,628
2007,Super Area,Kanpur,Furnished,12952858,1346,671
1990,Carpet Area,Nashik,Furnished,12952696,1285,633
2002,Carpet Area,Faridabad,Furnished,12952687,1294,661
1996,Plot Area,Vadodara,Semi-Furnished,12952487,1292,643
1990,Super Area,Kolkata,Unfurnished,12952369,1355,687
2014,Carpet Area,Navi Mumbai,Furnished,12952048,1381,689
1993,Carpet Area,Ghaziabad,Semi-Furnished,12952033,1258,642
2006,Super Area,Mumbai,Unfurnished,12951854,1306,653
2008,Carpet Area,Bangalore,Unfurnished,12951789,1236,640
2021,Super Area,Lucknow,Furnished,12951647,1320,647
1993,Plot Area,Ludhiana,Unfurnished,12951507,1337,663
2019,Plot Area,Mumbai,Semi-Furnished,12951445,1313,653
1993,Super Area,Navi Mumbai,Unfurnished,12951397,1368,668
2006,Carpet Area,Kolkata,Furnished,12951276,1282,648
1993,Carpet Area,Varanasi,Semi-Furnished,12951200,1283,655
1997,Carpet Area,Ghaziabad,Furnished,12951080,1360,668
1992,Super Area,Surat,Unfurnished,12951075,1285,647
2015,Built Area,Navi Mumbai,Unfurnished,12951054,1300,658
2020,Super Area,Delhi,Unfurnished,12950947,1350,688
2016,Carpet Area,Mumbai,Semi-Furnished,12950692,1324,660
1998,Super Area,Kalyan-Dombivli,Unfurnished,12950531,1279,634
1997,Super Area,Varanasi,Furnished,12950498,1297,656
1995,Plot Area,Varanasi,Semi-Furnished,12950495,1345,664
1996,Carpet Area,Jodhpur,Semi-Furnished,12950428,1358,684
2006,Plot Area,Bhopal,Unfurnished,12950418,1320,657
1994,Super Area,Ludhiana,Furnished,12950353,1313,651
2009,Super Area,Jodhpur,Semi-Furnished,12950261,1306,652
2008,Plot Area,Agra,Unfurnished,12950098,1274,637
2021,Carpet Area,Coimbatore,Furnished,12949878,1301,657
1997,Super Area,Jodhpur,Furnished,12949781,1270,636
1992,Carpet Area,Lucknow,Semi-Furnished,12949593,1344,665
2018,Carpet Area,Ludhiana,Unfurnished,12949583,1367,685
1993,Plot Area,Thane,Unfurnished,12949511,1285,651
1993,Plot Area,Chennai,Unfurnished,12949391,1307,643
2020,Carpet Area,Patna,Furnished,12949350,1366,668
2017,Built Area,Noida,Semi-Furnished,12949243,1342,671
2012,Super Area,Nashik,Furnished,12949115,1370,682
2004,Super Area,Rajkot,Semi-Furnished,12949018,1330,660
1998,Carpet Area,Bangalore,Unfurnished,12948604,1262,649
2000,Plot Area,Pune,Unfurnished,12948587,1334,674
2019,Super Area,Varanasi,Furnished,12948541,1319,662
1994,Super Area,Kolkata,Semi-Furnished,12948106,1351,665
2000,Super Area,Hyderabad,Furnished,12948076,1331,651
1996,Built Area,Kanpur,Unfurnished,12947886,1334,663
1996,Carpet Area,Bangalore,Furnished,12947815,1318,655
2008,Built Area,Jodhpur,Furnished,12947755,1311,653
2007,Carpet Area,Lucknow,Furnished,12947258,1269,631
1991,Plot Area,Hyderabad,Furnished,12947223,1289,653
1995,Plot Area,Amritsar,Semi-Furnished,12947215,1219,621
2000,Carpet Area,Mumbai,Unfurnished,12947138,1387,676
1999,Carpet Area,Coimbatore,Furnished,12946653,1316,663
2012,Built Area,Ranchi,Semi-Furnished,12946650,1319,658
2003,Plot Area,Kolkata,Semi-Furnished,12946543,1305,657
2018,Plot Area,Aurangabad,Semi-Furnished,12946412,1338,677
2012,Super Area,Jodhpur,Furnished,12946299,1370,681
2013,Plot Area,Ghaziabad,Unfurnished,12946292,1291,646
1998,Carpet Area,Noida,Furnished,12946284,1335,656
1997,Plot Area,Chennai,Semi-Furnished,12946244,1286,654
2013,Built Area,Ahmedabad,Furnished,12946177,1312,655
2021,Carpet Area,Jaipur,Furnished,12946091,1331,662
2010,Plot Area,Faridabad,Unfurnished,12946057,1314,646
2001,Carpet Area,Ludhiana,Semi-Furnished,12945957,1346,671
1999,Carpet Area,Nagpur,Furnished,12945793,1349,667
2020,Built Area,Faridabad,Unfurnished,12945701,1281,647
2003,Carpet Area,Bangalore,Unfurnished,12945649,1297,655
2002,Plot Area,Amritsar,Furnished,12945551,1275,643
2015,Super Area,Visakhapatnam,Semi-Furnished,12945525,1331,663
2000,Carpet Area,Nagpur,Semi-Furnished,12945386,1364,669
1998,Built Area,Gwalior,Unfurnished,12945367,1260,627
2009,Super Area,Lucknow,Furnished,12944816,1323,663
1991,Built Area,Visakhapatnam,Semi-Furnished,12944805,1379,684
2021,Built Area,Bangalore,Furnished,12944762,1373,663
1999,Built Area,Kalyan-Dombivli,Furnished,12944705,1302,646
2000,Super Area,Visakhapatnam,Furnished,12944614,1293,649
2007,Built Area,Surat,Unfurnished,12944590,1328,658
2014,Carpet Area,Bhopal,Furnished,12944333,1306,673
2011,Super Area,Meerut,Semi-Furnished,12944331,1322,653
2015,Built Area,Aurangabad,Furnished,12944257,1317,658
2013,Built Area,Visakhapatnam,Furnished,12944039,1281,655
2017,Built Area,Kolkata,Unfurnished,12943869,1326,654
2001,Built Area,Gwalior,Unfurnished,12943846,1366,675
1997,Built Area,Lucknow,Furnished,12943830,1328,650
1997,Built Area,Bhopal,Semi-Furnished,12943636,1340,668
2006,Carpet Area,Chandigarh,Unfurnished,12943607,1307,648
1999,Carpet Area,Pune,Semi-Furnished,12943323,1324,651
1992,Carpet Area,Bhopal,Semi-Furnished,12943295,1336,663
2016,Built Area,Lucknow,Semi-Furnished,12943260,1285,648
1992,Super Area,Vijayawada,Unfurnished,12943227,1298,652
1995,Super Area,Vijayawada,Semi-Furnished,12943225,1323,665
1991,Built Area,Faridabad,Unfurnished,12943173,1267,636
1990,Built Area,Hyderabad,Semi-Furnished,12943148,1266,651
1994,Plot Area,Visakhapatnam,Furnished,12943115,1370,667
1992,Carpet Area,Mangalore,Unfurnished,12942744,1289,642
2002,Built Area,Visakhapatnam,Semi-Furnished,12942723,1333,653
1996,Carpet Area,Patna,Furnished,12942643,1285,659
2007,Plot Area,Noida,Unfurnished,12942564,1331,670
1999,Carpet Area,Varanasi,Furnished,12942381,1334,666
2021,Carpet Area,Bhopal,Semi-Furnished,12942195,1301,652
2005,Super Area,Coimbatore,Semi-Furnished,12942178,1347,660
1999,Built Area,Bhopal,Semi-Furnished,12942147,1267,647
2021,Plot Area,Kanpur,Furnished,12942092,1312,657
1991,Built Area,Varanasi,Unfurnished,12942031,1331,665
1996,Plot Area,Hyderabad,Furnished,12941916,1302,650
1991,Super Area,Ghaziabad,Semi-Furnished,12941887,1269,645
2009,Built Area,Mangalore,Unfurnished,12941771,1298,653
2007,Super Area,Agra,Unfurnished,12941672,1296,647
1990,Super Area,Varanasi,Unfurnished,12941556,1329,684
1998,Carpet Area,Mysore,Unfurnished,12941555,1368,672
2014,Carpet Area,Varanasi,Semi-Furnished,12941497,1386,683
1992,Plot Area,Surat,Unfurnished,12941321,1296,648
1995,Plot Area,Kanpur,Furnished,12941193,1321,649
2005,Carpet Area,Vijayawada,Unfurnished,12941166,1292,641
2010,Plot Area,Vadodara,Semi-Furnished,12941118,1304,658
2001,Carpet Area,Vijayawada,Unfurnished,12941071,1283,645
2019,Super Area,Navi Mumbai,Unfurnished,12941027,1315,666
1994,Built Area,Surat,Furnished,12941002,1287,648
2011,Super Area,Gwalior,Furnished,12940983,1254,627
2018,Carpet Area,Lucknow,Furnished,12940867,1302,647
1994,Built Area,Navi Mumbai,Furnished,12940707,1384,684
2011,Plot Area,Hyderabad,Unfurnished,12940685,1327,661
2005,Super Area,Kalyan-Dombivli,Semi-Furnished,12940300,1263,634
1999,Built Area,Ludhiana,Furnished,12940176,1268,642
1993,Carpet Area,Navi Mumbai,Semi-Furnished,12940061,1359,672
1999,Plot Area,Kanpur,Furnished,12939817,1319,654
2002,Super Area,Thane,Furnished,12939648,1284,643
2008,Built Area,Kalyan-Dombivli,Furnished,12939539,1319,664
2015,Super Area,Chennai,Unfurnished,12939503,1287,641
2011,Built Area,Kolkata,Furnished,12939171,1350,674
1991,Carpet Area,Chandigarh,Furnished,12939133,1299,666
1990,Built Area,Jaipur,Semi-Furnished,12939027,1297,650
2016,Built Area,Nagpur,Semi-Furnished,12939011,1327,660
1997,Built Area,Bangalore,Unfurnished,12938983,1279,644
1994,Carpet Area,Nagpur,Furnished,12938931,1307,652
2012,Built Area,Surat,Semi-Furnished,12938802,1252,620
2015,Super Area,Vijayawada,Unfurnished,12938584,1283,667
1991,Super Area,Varanasi,Semi-Furnished,12938252,1256,637
2001,Plot Area,Kanpur,Unfurnished,12938054,1301,669
1998,Plot Area,Kolkata,Unfurnished,12937974,1333,685
2006,Plot Area,Mumbai,Furnished,12937654,1235,627
2000,Built Area,Jaipur,Furnished,12937630,1331,665
2021,Carpet Area,Hyderabad,Furnished,12937313,1315,651
1992,Plot Area,Surat,Semi-Furnished,12937276,1271,658
1998,Built Area,Ranchi,Semi-Furnished,12937271,1368,679
2001,Plot Area,Chennai,Semi-Furnished,12937264,1275,645
1999,Plot Area,Mysore,Furnished,12936729,1281,657
2011,Plot Area,Visakhapatnam,Furnished,12936562,1377,678
2000,Carpet Area,Agra,Furnished,12936528,1235,645
1997,Built Area,Varanasi,Unfurnished,12936491,1345,653
2006,Plot Area,Jaipur,Semi-Furnished,12936473,1343,661
2016,Built Area,Faridabad,Furnished,12936226,1288,666
2016,Built Area,Noida,Furnished,12936096,1354,671
2013,Super Area,Varanasi,Furnished,12935985,1337,666
2020,Super Area,Vijayawada,Semi-Furnished,12935860,1303,656
2005,Built Area,Chandigarh,Unfurnished,12935825,1351,681
2013,Plot Area,Patna,Furnished,12935587,1362,670
2020,Super Area,Jaipur,Unfurnished,12935548,1379,675
2020,Carpet Area,Surat,Semi-Furnished,12935456,1345,663
2010,Built Area,Bangalore,Semi-Furnished,12935430,1284,657
2017,Plot Area,Kolkata,Semi-Furnished,12935333,1339,676
2017,Super Area,Vijayawada,Unfurnished,12935311,1323,655
2014,Super Area,Agra,Semi-Furnished,12935200,1310,649
1990,Super Area,Mumbai,Furnished,12935159,1334,675
1992,Plot Area,Nagpur,Unfurnished,12935051,1324,668
2013,Carpet Area,Hyderabad,Unfurnished,12935024,1312,649
2002,Plot Area,Visakhapatnam,Semi-Furnished,12935016,1392,677
1998,Plot Area,Faridabad,Unfurnished,12934873,1376,680
1994,Super Area,Mangalore,Unfurnished,12934795,1342,665
2007,Built Area,Gwalior,Furnished,12934478,1342,650
2020,Plot Area,Indore,Unfurnished,12934430,1327,662
1992,Built Area,Meerut,Semi-Furnished,12933911,1285,663
1994,Plot Area,Lucknow,Furnished,12933852,1355,672
2008,Carpet Area,Hyderabad,Semi-Furnished,12933656,1293,642
2016,Super Area,Jaipur,Semi-Furnished,12933517,1290,639
1990,Super Area,Chandigarh,Unfurnished,12933502,1303,661
1992,Built Area,Meerut,Unfurnished,12933269,1325,667
2021,Built Area,Amritsar,Furnished,12932954,1260,651
2007,Built Area,Ranchi,Furnished,12932899,1289,659
2000,Super Area,Aurangabad,Furnished,12932884,1335,662
1999,Plot Area,Surat,Unfurnished,12932687,1320,657
1991,Plot Area,Varanasi,Furnished,12932664,1292,639
2003,Carpet Area,Kalyan-Dombivli,Semi-Furnished,12932648,1329,648
2007,Carpet Area,Nashik,Unfurnished,12932589,1295,661
2013,Plot Area,Navi Mumbai,Furnished,12932293,1326,676
2020,Carpet Area,Pune,Semi-Furnished,12932103,1285,654
2005,Built Area,Agra,Unfurnished,12931997,1337,661
2017,Plot Area,Jaipur,Unfurnished,12931978,1369,688
2009,Super Area,Pune,Furnished,12931860,1251,631
2020,Super Area,Nashik,Unfurnished,12931786,1266,644
2007,Plot Area,Mysore,Unfurnished,12931754,1323,654
2014,Built Area,Varanasi,Unfurnished,12931646,1298,646
1992,Super Area,Rajkot,Furnished,12931599,1300,638
2016,Plot Area,Bhopal,Unfurnished,12931587,1323,658
2011,Carpet Area,Jaipur,Furnished,12931506,1332,665
1996,Built Area,Chennai,Furnished,12931400,1322,656
2015,Plot Area,Lucknow,Semi-Furnished,12931381,1265,639
1996,Super Area,Nashik,Semi-Furnished,12931302,1290,664
2009,Plot Area,Nagpur,Semi-Furnished,12931237,1248,631
2018,Built Area,Nagpur,Unfurnished,12931021,1275,645
1999,Plot Area,Vadodara,Unfurnished,12930925,1264,647
1990,Super Area,Varanasi,Semi-Furnished,12930772,1364,670
2005,Carpet Area,Kalyan-Dombivli,Furnished,12930546,1329,666
2018,Carpet Area,Jodhpur,Unfurnished,12930289,1301,656
2020,Built Area,Kolkata,Unfurnished,12930192,1288,650
2010,Built Area,Mangalore,Unfurnished,12930145,1319,663
2013,Super Area,Hyderabad,Furnished,12930133,1264,643
2007,Plot Area,Bangalore,Semi-Furnished,12929965,1304,636
1998,Super Area,Bangalore,Semi-Furnished,12929867,1332,688
2002,Plot Area,Indore,Furnished,12929755,1322,668
2009,Plot Area,Pune,Semi-Furnished,12929641,1266,649
2009,Carpet Area,Bangalore,Semi-Furnished,12929636,1280,637
1990,Built Area,Vadodara,Furnished,12929632,1317,650
2007,Plot Area,Navi Mumbai,Furnished,12929631,1265,627
1993,Plot Area,Patna,Semi-Furnished,12929415,1223,612
1990,Carpet Area,Vadodara,Semi-Furnished,12929332,1278,653
2010,Built Area,Jaipur,Semi-Furnished,12929279,1267,637
1998,Carpet Area,Meerut,Semi-Furnished,12929228,1354,658
1990,Super Area,Nashik,Furnished,12929176,1382,686
2017,Built Area,Nashik,Unfurnished,12928810,1281,653
1993,Carpet Area,Bhopal,Semi-Furnished,12928627,1294,647
2016,Built Area,Amritsar,Unfurnished,12927928,1331,662
2008,Plot Area,Navi Mumbai,Furnished,12927726,1295,654
2006,Carpet Area,Indore,Unfurnished,12927512,1331,667
2004,Plot Area,Aurangabad,Semi-Furnished,12927469,1301,669
1998,Carpet Area,Varanasi,Semi-Furnished,12927359,1331,669
2004,Carpet Area,Agra,Semi-Furnished,12927305,1381,688
2009,Super Area,Coimbatore,Furnished,12927294,1343,670
2011,Built Area,Noida,Unfurnished,12927249,1343,660
2014,Built Area,Chandigarh,Unfurnished,12927244,1286,644
2003,Super Area,Ranchi,Furnished,12927175,1377,657
2008,Plot Area,Rajkot,Semi-Furnished,12927157,1377,689
1992,Plot Area,Mysore,Semi-Furnished,12927120,1283,652
1992,Super Area,Chennai,Furnished,12927050,1303,662
1999,Super Area,Navi Mumbai,Furnished,12926517,1405,693
1995,Plot Area,Lucknow,Unfurnished,12926457,1337,685
1998,Plot Area,Varanasi,Unfurnished,12926433,1388,691
2012,Super Area,Ghaziabad,Furnished,12926430,1333,655
1994,Carpet Area,Ahmedabad,Unfurnished,12926396,1350,655
2005,Carpet Area,Nashik,Furnished,12926279,1318,654
2021,Plot Area,Bangalore,Furnished,12926271,1402,692
2019,Super Area,Mumbai,Furnished,12926253,1311,661
2021,Plot Area,Gwalior,Furnished,12926194,1290,653
1992,Carpet Area,Nashik,Semi-Furnished,12926123,1286,646
1995,Carpet Area,Surat,Unfurnished,12926012,1306,667
1995,Carpet Area,Faridabad,Unfurnished,12925918,1333,673
2006,Plot Area,Nagpur,Unfurnished,12925827,1296,664
2016,Built Area,Meerut,Unfurnished,12925551,1318,646
2000,Carpet Area,Aurangabad,Semi-Furnished,12925542,1314,669
2009,Plot Area,Mangalore,Unfurnished,12925483,1280,657
2007,Carpet Area,Aurangabad,Semi-Furnished,12925389,1277,627
2013,Super Area,Vadodara,Unfurnished,12925299,1254,642
2007,Super Area,Ludhiana,Furnished,12925258,1351,666
2015,Super Area,Nashik,Unfurnished,12925134,1356,672
1991,Super Area,Lucknow,Semi-Furnished,12924758,1309,656
2006,Built Area,Delhi,Furnished,12924701,1319,668
1993,Carpet Area,Chandigarh,Semi-Furnished,12924694,1311,651
2016,Super Area,Visakhapatnam,Furnished,12924456,1357,661
2005,Built Area,Bhopal,Unfurnished,12924453,1288,646
2012,Built Area,Faridabad,Unfurnished,12924421,1223,620
2008,Carpet Area,Agra,Semi-Furnished,12924298,1323,658
2018,Plot Area,Pune,Furnished,12924035,1270,645
1994,Super Area,Navi Mumbai,Unfurnished,12923985,1277,634
1998,Built Area,Faridabad,Unfurnished,12923962,1223,628
2019,Super Area,Ghaziabad,Unfurnished,12923732,1266,627
2013,Plot Area,Vadodara,Furnished,12923602,1384,688
2019,Carpet Area,Surat,Unfurnished,12923591,1325,656
2004,Super Area,Indore,Furnished,12923575,1282,650
1995,Plot Area,Mysore,Furnished,12923440,1317,659
1995,Built Area,Ranchi,Furnished,12923273,1339,665
2004,Super Area,Rajkot,Furnished,12922923,1304,652
1996,Built Area,Kolkata,Semi-Furnished,12922544,1357,672
2010,Carpet Area,Vadodara,Unfurnished,12922406,1275,642
1991,Carpet Area,Amritsar,Semi-Furnished,12922253,1269,638
2002,Super Area,Jodhpur,Unfurnished,12922032,1332,660
1996,Super Area,Ghaziabad,Furnished,12921940,1298,656
2017,Built Area,Faridabad,Furnished,12921918,1346,662
2008,Super Area,Agra,Furnished,12921748,1276,641
2005,Plot Area,Lucknow,Unfurnished,12921634,1293,639
2011,Carpet Area,Lucknow,Unfurnished,12921431,1271,639
2017,Built Area,Mysore,Furnished,12921310,1313,655
2020,Plot Area,Lucknow,Unfurnished,12921207,1328,653
2015,Super Area,Surat,Semi-Furnished,12921178,1316,662
2007,Carpet Area,Varanasi,Furnished,12920980,1281,650
2000,Plot Area,Varanasi,Furnished,12920822,1313,657
1996,Built Area,Faridabad,Unfurnished,12920798,1390,679
1996,Plot Area,Thane,Furnished,12920759,1347,682
2010,Super Area,Surat,Unfurnished,12920567,1322,643
1996,Plot Area,Hyderabad,Semi-Furnished,12920533,1360,663
1995,Super Area,Pune,Unfurnished,12920313,1305,646
2014,Plot Area,Vadodara,Unfurnished,12920218,1365,669
2006,Carpet Area,Rajkot,Unfurnished,12920214,1321,669
1998,Super Area,Noida,Furnished,12920185,1315,648
2019,Super Area,Kalyan-Dombivli,Unfurnished,12920171,1320,654
1994,Carpet Area,Nashik,Semi-Furnished,12920044,1349,666
1998,Super Area,Ranchi,Furnished,12919864,1216,618
2012,Super Area,Mangalore,Semi-Furnished,12919767,1332,658
2004,Super Area,Coimbatore,Semi-Furnished,12919752,1300,665
2010,Super Area,Nashik,Unfurnished,12919511,1293,639
1997,Super Area,Ludhiana,Unfurnished,12919474,1271,644
1996,Carpet Area,Chennai,Semi-Furnished,12919030,1283,641
2015,Built Area,Kanpur,Unfurnished,12918991,1206,625
2001,Plot Area,Varanasi,Unfurnished,12918881,1329,659
2018,Super Area,Jodhpur,Furnished,12918733,1355,698
2021,Carpet Area,Ahmedabad,Furnished,12918646,1382,680
2019,Carpet Area,Coimbatore,Semi-Furnished,12918441,1281,653
1999,Plot Area,Hyderabad,Unfurnished,12918293,1317,649
2011,Plot Area,Varanasi,Unfurnished,12918136,1292,665
2010,Carpet Area,Patna,Unfurnished,12918029,1336,661
2007,Super Area,Thane,Furnished,12917851,1366,672
1993,Carpet Area,Patna,Semi-Furnished,12917799,1281,652
2009,Super Area,Kolkata,Semi-Furnished,12917621,1371,679
2011,Built Area,Aurangabad,Unfurnished,12917570,1273,637
1990,Super Area,Agra,Furnished,12917529,1377,684
1999,Built Area,Kolkata,Semi-Furnished,12917522,1379,687
2004,Built Area,Ahmedabad,Unfurnished,12917472,1319,655
1995,Super Area,Patna,Semi-Furnished,12917325,1341,668
2010,Carpet Area,Meerut,Unfurnished,12917287,1311,657
2015,Plot Area,Thane,Semi-Furnished,12917191,1370,675
2001,Built Area,Jodhpur,Semi-Furnished,12917105,1327,671
2002,Carpet Area,Indore,Semi-Furnished,12917027,1295,646
2011,Super Area,Ghaziabad,Furnished,12917022,1341,650
1996,Carpet Area,Kolkata,Semi-Furnished,12916938,1302,657
1999,Plot Area,Pune,Semi-Furnished,12916792,1235,623
1991,Plot Area,Indore,Semi-Furnished,12916570,1303,649
2004,Plot Area,Mumbai,Unfurnished,12916518,1298,651
1991,Plot Area,Meerut,Semi-Furnished,12916459,1286,635
2013,Super Area,Kolkata,Semi-Furnished,12916448,1336,660
2016,Plot Area,Vijayawada,Furnished,12916399,1241,629
1999,Plot Area,Mumbai,Unfurnished,12916388,1312,661
2001,Plot Area,Coimbatore,Furnished,12916348,1307,654
2005,Super Area,Ludhiana,Semi-Furnished,12916138,1297,640
2004,Plot Area,Gwalior,Furnished,12916083,1253,632
2021,Built Area,Faridabad,Unfurnished,12916044,1322,668
1998,Plot Area,Ranchi,Furnished,12916020,1327,661
1990,Built Area,Bangalore,Semi-Furnished,12915875,1366,679
2000,Carpet Area,Navi Mumbai,Unfurnished,12915782,1286,651
1997,Carpet Area,Meerut,Semi-Furnished,12915562,1274,647
1992,Carpet Area,Chennai,Unfurnished,12915492,1292,656
2020,Carpet Area,Jodhpur,Unfurnished,12915470,1273,635
2008,Plot Area,Kanpur,Furnished,12915443,1242,629
2007,Plot Area,Chennai,Semi-Furnished,12915340,1351,671
2013,Plot Area,Kolkata,Unfurnished,12915320,1371,682
1999,Plot Area,Kalyan-Dombivli,Semi-Furnished,12915206,1324,641
2020,Super Area,Gwalior,Semi-Furnished,12915171,1335,660
2019,Built Area,Mangalore,Semi-Furnished,12914998,1341,648
2005,Built Area,Mangalore,Unfurnished,12914984,1320,676
1994,Built Area,Amritsar,Furnished,12914855,1326,673
1991,Built Area,Mangalore,Semi-Furnished,12914828,1275,632
1999,Super Area,Pune,Semi-Furnished,12914741,1318,649
1994,Super Area,Faridabad,Furnished,12914711,1249,642
2009,Plot Area,Ludhiana,Semi-Furnished,12914625,1359,654
2014,Super Area,Patna,Furnished,12914528,1325,668
2021,Plot Area,Patna,Semi-Furnished,12914387,1285,655
2016,Super Area,Mumbai,Furnished,12914345,1286,659
2014,Plot Area,Visakhapatnam,Furnished,12914319,1317,664
2007,Plot Area,Gwalior,Furnished,12914191,1295,650
1994,Plot Area,Ghaziabad,Furnished,12914135,1420,685
2020,Built Area,Surat,Unfurnished,12914082,1334,662
1997,Super Area,Noida,Unfurnished,12913886,1347,674
2004,Super Area,Vijayawada,Semi-Furnished,12913637,1334,676
2013,Built Area,Thane,Furnished,12913633,1396,678
2017,Carpet Area,Hyderabad,Semi-Furnished,12913471,1335,670
1991,Carpet Area,Jodhpur,Unfurnished,12913318,1312,654
2004,Carpet Area,Mumbai,Semi-Furnished,12913124,1343,662
1995,Built Area,Rajkot,Furnished,12913035,1376,675
2018,Built Area,Delhi,Furnished,12912865,1336,670
1992,Plot Area,Noida,Unfurnished,12912711,1234,632
2015,Built Area,Chennai,Semi-Furnished,12912579,1338,663
2002,Plot Area,Noida,Semi-Furnished,12912497,1377,674
2008,Super Area,Chennai,Unfurnished,12912425,1393,681
2000,Super Area,Gwalior,Furnished,12912317,1346,674
2002,Built Area,Mysore,Unfurnished,12912242,1328,667
2012,Built Area,Kalyan-Dombivli,Semi-Furnished,12912055,1316,655
1999,Carpet Area,Ghaziabad,Unfurnished,12911883,1328,668
1998,Super Area,Ghaziabad,Furnished,12911874,1368,680
2008,Carpet Area,Amritsar,Unfurnished,12911753,1339,648
2012,Super Area,Kolkata,Semi-Furnished,12911681,1302,654
2002,Plot Area,Noida,Unfurnished,12911488,1260,637
1997,Super Area,Rajkot,Semi-Furnished,12911418,1290,641
1990,Carpet Area,Gwalior,Semi-Furnished,12911299,1342,658
2013,Plot Area,Mysore,Semi-Furnished,12911219,1372,683
2014,Carpet Area,Indore,Unfurnished,12911090,1267,627
2000,Built Area,Ghaziabad,Furnished,12910865,1309,660
1995,Carpet Area,Ahmedabad,Furnished,12910639,1331,666
1996,Carpet Area,Lucknow,Semi-Furnished,12910499,1224,614
2021,Built Area,Noida,Furnished,12910067,1318,651
2012,Plot Area,Kanpur,Furnished,12909988,1399,690
2001,Built Area,Faridabad,Unfurnished,12909946,1256,637
2008,Built Area,Mumbai,Unfurnished,12909898,1279,641
2014,Built Area,Noida,Semi-Furnished,12909740,1301,649
2015,Built Area,Patna,Unfurnished,12909689,1328,676
2020,Carpet Area,Mumbai,Furnished,12909664,1348,674
1999,Carpet Area,Indore,Furnished,12909569,1399,690
2009,Built Area,Lucknow,Unfurnished,12909508,1324,673
2021,Carpet Area,Nashik,Furnished,12909187,1294,644
2018,Super Area,Mysore,Unfurnished,12908824,1283,667
2003,Built Area,Meerut,Semi-Furnished,12908755,1313,652
1993,Plot Area,Surat,Semi-Furnished,12908737,1300,664
2015,Super Area,Agra,Furnished,12908570,1327,652
2018,Plot Area,Bhopal,Unfurnished,12908413,1375,676
2009,Plot Area,Ahmedabad,Unfurnished,12908392,1301,661
1998,Plot Area,Bhopal,Semi-Furnished,12908354,1269,617
1998,Super Area,Nagpur,Semi-Furnished,12908330,1314,651
2009,Plot Area,Bangalore,Furnished,12908293,1281,654
2020,Built Area,Nashik,Semi-Furnished,12908235,1309,668
2000,Carpet Area,Pune,Furnished,12908066,1335,671
2007,Plot Area,Thane,Furnished,12907937,1286,658
1991,Carpet Area,Vijayawada,Semi-Furnished,12907561,1334,663
2007,Super Area,Nagpur,Furnished,12907514,1410,683
2014,Plot Area,Chennai,Furnished,12906975,1311,658
2021,Carpet Area,Aurangabad,Unfurnished,12906580,1330,680
1994,Carpet Area,Indore,Unfurnished,12906566,1295,643
2002,Built Area,Indore,Furnished,12906483,1289,633
2011,Carpet Area,Kanpur,Furnished,12906080,1278,643
2013,Plot Area,Hyderabad,Furnished,12905972,1292,645
1995,Built Area,Vadodara,Semi-Furnished,12905900,1295,640
1990,Super Area,Thane,Unfurnished,12905615,1364,683
2002,Built Area,Gwalior,Furnished,12905573,1274,653
2009,Plot Area,Ludhiana,Unfurnished,12905445,1327,675
2011,Carpet Area,Vadodara,Semi-Furnished,12905309,1364,682
2021,Plot Area,Thane,Semi-Furnished,12905247,1256,645
2011,Carpet Area,Bhopal,Semi-Furnished,12904928,1309,655
2010,Carpet Area,Kolkata,Semi-Furnished,12904917,1274,647
2002,Super Area,Mangalore,Semi-Furnished,12904681,1284,652
2001,Carpet Area,Varanasi,Semi-Furnished,12904548,1306,667
2006,Super Area,Bhopal,Semi-Furnished,12904246,1213,626
2011,Super Area,Amritsar,Semi-Furnished,12904182,1283,645
1997,Built Area,Aurangabad,Unfurnished,12904179,1297,658
1995,Plot Area,Surat,Semi-Furnished,12903970,1305,656
1991,Super Area,Rajkot,Semi-Furnished,12903953,1336,666
2005,Carpet Area,Faridabad,Furnished,12903913,1288,634
2007,Carpet Area,Nagpur,Semi-Furnished,12903855,1321,655
2012,Super Area,Vijayawada,Furnished,12903825,1263,648
1999,Super Area,Mysore,Furnished,12903633,1312,648
2017,Carpet Area,Surat,Furnished,12903618,1378,693
2009,Super Area,Bangalore,Furnished,12903484,1312,664
2007,Super Area,Delhi,Semi-Furnished,12903474,1283,648
2003,Built Area,Varanasi,Unfurnished,12903441,1340,657
1996,Plot Area,Lucknow,Furnished,12903342,1316,669
2002,Super Area,Surat,Unfurnished,12903142,1354,672
2005,Plot Area,Surat,Furnished,12903139,1363,678
1998,Carpet Area,Mysore,Furnished,12902959,1312,674
1990,Plot Area,Ahmedabad,Furnished,12902936,1312,655
2012,Built Area,Rajkot,Unfurnished,12902872,1352,657
2010,Plot Area,Kanpur,Furnished,12902810,1389,689
2009,Carpet Area,Delhi,Furnished,12902717,1314,657
2016,Super Area,Gwalior,Unfurnished,12902426,1327,654
2008,Carpet Area,Thane,Semi-Furnished,12902343,1356,668
1993,Carpet Area,Kalyan-Dombivli,Furnished,12902099,1287,641
1994,Built Area,Delhi,Unfurnished,12902009,1399,672
2003,Built Area,Vijayawada,Semi-Furnished,12901888,1320,667
2017,Built Area,Vadodara,Unfurnished,12901671,1292,635
1991,Plot Area,Lucknow,Semi-Furnished,12901553,1372,689
2017,Built Area,Varanasi,Furnished,12901434,1295,647
2019,Plot Area,Pune,Unfurnished,12901361,1314,650
2021,Carpet Area,Nagpur,Furnished,12901355,1281,657
2015,Built Area,Noida,Unfurnished,12901231,1368,684
1995,Super Area,Navi Mumbai,Unfurnished,12901216,1222,619
2009,Carpet Area,Agra,Furnished,12901190,1272,648
2009,Super Area,Thane,Unfurnished,12901033,1272,646
1990,Carpet Area,Ahmedabad,Semi-Furnished,12900993,1290,653
2007,Super Area,Gwalior,Semi-Furnished,12900907,1322,678
2008,Super Area,Delhi,Furnished,12900848,1388,695
1995,Plot Area,Vadodara,Semi-Furnished,12900716,1284,669
2008,Plot Area,Faridabad,Semi-Furnished,12900557,1261,642
1998,Carpet Area,Rajkot,Semi-Furnished,12900516,1269,628
2006,Built Area,Aurangabad,Unfurnished,12900192,1241,622
1991,Carpet Area,Patna,Semi-Furnished,12900168,1327,651
1993,Carpet Area,Varanasi,Unfurnished,12900105,1264,641
2001,Plot Area,Ludhiana,Unfurnished,12900012,1293,654
2006,Plot Area,Ludhiana,Unfurnished,12899889,1326,667
2021,Super Area,Bangalore,Furnished,12899878,1301,646
1997,Plot Area,Chennai,Furnished,12899819,1312,667
2021,Super Area,Coimbatore,Unfurnished,12899561,1340,650
2016,Carpet Area,Jaipur,Unfurnished,12899542,1318,664
2013,Super Area,Noida,Semi-Furnished,12899536,1304,652
2019,Plot Area,Mangalore,Unfurnished,12899519,1311,653
1991,Built Area,Thane,Semi-Furnished,12899425,1340,653
1992,Carpet Area,Nagpur,Semi-Furnished,12899296,1345,665
2015,Carpet Area,Mysore,Unfurnished,12899017,1297,638
2021,Plot Area,Vijayawada,Unfurnished,12898842,1280,653
1993,Plot Area,Navi Mumbai,Unfurnished,12898796,1367,674
2010,Built Area,Thane,Unfurnished,12898779,1356,651
1994,Plot Area,Meerut,Furnished,12898687,1232,629
2005,Plot Area,Thane,Unfurnished,12898652,1313,642
2018,Carpet Area,Hyderabad,Unfurnished,12898608,1268,659
2013,Built Area,Bhopal,Unfurnished,12898460,1319,648
1992,Carpet Area,Bhopal,Furnished,12898005,1302,643
2013,Plot Area,Noida,Semi-Furnished,12897793,1326,649
1990,Carpet Area,Hyderabad,Furnished,12897726,1316,643
2005,Built Area,Aurangabad,Unfurnished,12897451,1300,669
2007,Super Area,Pune,Furnished,12897442,1326,667
2013,Plot Area,Ghaziabad,Furnished,12897269,1345,673
1999,Carpet Area,Rajkot,Furnished,12897236,1318,667
2012,Plot Area,Navi Mumbai,Furnished,12897136,1339,654
2001,Plot Area,Varanasi,Furnished,12896537,1377,681
2011,Carpet Area,Ludhiana,Semi-Furnished,12896404,1343,680
1999,Carpet Area,Kolkata,Unfurnished,12896391,1260,638
1996,Built Area,Ranchi,Semi-Furnished,12896390,1230,624
1995,Plot Area,Pune,Furnished,12896383,1363,687
1995,Plot Area,Chennai,Furnished,12896354,1325,672
2013,Plot Area,Hyderabad,Unfurnished,12896312,1402,693
1990,Built Area,Kanpur,Semi-Furnished,12896105,1359,678
2007,Built Area,Pune,Unfurnished,12895902,1250,634
2001,Plot Area,Patna,Unfurnished,12895816,1340,657
1992,Built Area,Chennai,Unfurnished,12895792,1371,662
2000,Plot Area,Gwalior,Semi-Furnished,12895725,1286,653
2006,Built Area,Chandigarh,Semi-Furnished,12895703,1330,680
1991,Plot Area,Aurangabad,Unfurnished,12895689,1270,653
1994,Carpet Area,Jodhpur,Unfurnished,12895248,1385,681
2019,Built Area,Vadodara,Furnished,12895132,1265,643
2014,Super Area,Varanasi,Furnished,12895081,1392,675
2014,Plot Area,Chandigarh,Semi-Furnished,12895023,1294,668
2002,Built Area,Kanpur,Unfurnished,12895000,1284,643
2012,Super Area,Kalyan-Dombivli,Semi-Furnished,12894967,1308,645
2000,Built Area,Ghaziabad,Semi-Furnished,12894956,1344,660
1991,Carpet Area,Kanpur,Unfurnished,12894929,1332,652
2011,Carpet Area,Pune,Semi-Furnished,12894570,1317,656
2000,Carpet Area,Ahmedabad,Unfurnished,12894515,1299,653
2015,Plot Area,Chandigarh,Unfurnished,12894425,1318,662
2002,Built Area,Ranchi,Unfurnished,12894127,1347,659
2008,Plot Area,Mumbai,Furnished,12893815,1360,685
2009,Carpet Area,Vijayawada,Furnished,12893763,1356,664
1990,Carpet Area,Mangalore,Furnished,12893448,1275,634
1994,Super Area,Kanpur,Furnished,12893398,1289,642
1991,Built Area,Aurangabad,Unfurnished,12893385,1308,674
2001,Built Area,Vijayawada,Semi-Furnished,12893075,1372,687
2018,Plot Area,Chennai,Furnished,12893008,1300,633
2019,Plot Area,Kanpur,Semi-Furnished,12892920,1308,659
2009,Super Area,Amritsar,Semi-Furnished,12892917,1335,674
2006,Built Area,Ludhiana,Unfurnished,12892904,1272,646
2012,Plot Area,Mangalore,Unfurnished,12892630,1288,648
2010,Built Area,Visakhapatnam,Furnished,12892535,1317,657
1991,Carpet Area,Chennai,Furnished,12892406,1261,634
2018,Super Area,Pune,Semi-Furnished,12892062,1371,680
1992,Built Area,Amritsar,Unfurnished,12892038,1345,666
2015,Super Area,Nagpur,Semi-Furnished,12892033,1300,647
2014,Carpet Area,Jaipur,Semi-Furnished,12892020,1265,639
2010,Super Area,Nagpur,Semi-Furnished,12891726,1237,640
1996,Built Area,Ghaziabad,Semi-Furnished,12891641,1296,629
1990,Super Area,Thane,Furnished,12891444,1346,671
2007,Super Area,Nashik,Semi-Furnished,12891402,1325,669
2009,Built Area,Varanasi,Furnished,12891182,1401,678
2008,Carpet Area,Kanpur,Furnished,12891156,1369,664
2011,Built Area,Ahmedabad,Furnished,12890964,1360,660
2006,Super Area,Nashik,Semi-Furnished,12890874,1400,692
2021,Plot Area,Navi Mumbai,Unfurnished,12890765,1359,666
1996,Super Area,Agra,Semi-Furnished,12890672,1314,650
1994,Built Area,Jaipur,Semi-Furnished,12890538,1254,627
2013,Super Area,Jodhpur,Unfurnished,12890029,1332,661
2008,Plot Area,Amritsar,Semi-Furnished,12890010,1300,655
2006,Super Area,Coimbatore,Semi-Furnished,12890008,1366,679
2020,Super Area,Indore,Semi-Furnished,12889895,1266,645
1995,Super Area,Varanasi,Semi-Furnished,12889883,1345,665
2004,Plot Area,Visakhapatnam,Furnished,12889879,1290,652
1997,Built Area,Vijayawada,Semi-Furnished,12889689,1298,665
2006,Super Area,Noida,Unfurnished,12889668,1292,633
1998,Carpet Area,Hyderabad,Furnished,12889663,1333,666
2009,Plot Area,Ghaziabad,Semi-Furnished,12889603,1358,667
1992,Super Area,Navi Mumbai,Unfurnished,12889542,1292,653
2002,Carpet Area,Pune,Unfurnished,12889324,1314,666
2015,Plot Area,Aurangabad,Semi-Furnished,12889264,1293,652
2021,Built Area,Jodhpur,Furnished,12889172,1246,641
1998,Plot Area,Jaipur,Semi-Furnished,12888573,1343,665
1993,Super Area,Jodhpur,Unfurnished,12888339,1293,651
2010,Carpet Area,Noida,Furnished,12888194,1303,658
2021,Plot Area,Meerut,Furnished,12888157,1378,677
2011,Super Area,Bhopal,Semi-Furnished,12887895,1351,670
2002,Carpet Area,Navi Mumbai,Semi-Furnished,12887835,1273,643
2021,Carpet Area,Chennai,Unfurnished,12887822,1281,650
2006,Carpet Area,Noida,Furnished,12887743,1306,657
2020,Super Area,Chennai,Unfurnished,12887722,1250,647
1990,Plot Area,Coimbatore,Unfurnished,12887699,1290,648
2005,Super Area,Ranchi,Furnished,12887651,1337,667
2005,Carpet Area,Ghaziabad,Semi-Furnished,12887644,1322,662
2001,Built Area,Navi Mumbai,Unfurnished,12887562,1309,633
2011,Carpet Area,Amritsar,Unfurnished,12887272,1220,630
2013,Carpet Area,Ghaziabad,Semi-Furnished,12887084,1302,656
2015,Super Area,Kalyan-Dombivli,Unfurnished,12887063,1273,630
2006,Carpet Area,Mangalore,Furnished,12887034,1312,645
2014,Super Area,Faridabad,Semi-Furnished,12886990,1334,658
2012,Super Area,Agra,Unfurnished,12886986,1325,673
1993,Super Area,Rajkot,Unfurnished,12886772,1236,631
2010,Plot Area,Ahmedabad,Furnished,12886748,1301,643
1995,Super Area,Thane,Semi-Furnished,12886723,1369,679
2019,Built Area,Ghaziabad,Furnished,12886662,1272,627
2016,Super Area,Mangalore,Furnished,12886518,1419,686
1996,Super Area,Meerut,Unfurnished,12886496,1243,625
2021,Carpet Area,Chennai,Furnished,12886379,1267,628
1994,Built Area,Ghaziabad,Furnished,12886088,1332,648
2021,Built Area,Mangalore,Semi-Furnished,12886080,1294,647
1996,Built Area,Navi Mumbai,Semi-Furnished,12885590,1318,652
2001,Built Area,Agra,Furnished,12885483,1294,652
1993,Super Area,Hyderabad,Furnished,12885413,1317,668
1995,Super Area,Ghaziabad,Furnished,12885229,1412,702
2002,Plot Area,Aurangabad,Furnished,12885224,1332,646
2017,Built Area,Jodhpur,Semi-Furnished,12885198,1334,668
2010,Super Area,Pune,Semi-Furnished,12884899,1328,662
2000,Super Area,Patna,Semi-Furnished,12884760,1342,687
2017,Super Area,Jaipur,Furnished,12884685,1303,656
1993,Super Area,Chandigarh,Furnished,12884389,1268,636
2009,Plot Area,Amritsar,Furnished,12884123,1249,631
1990,Super Area,Jaipur,Furnished,12883990,1226,630
2001,Plot Area,Surat,Furnished,12883918,1265,646
1993,Plot Area,Kolkata,Semi-Furnished,12883838,1326,673
2007,Carpet Area,Bhopal,Furnished,12883696,1290,651
2014,Plot Area,Vadodara,Furnished,12883590,1255,640
1991,Built Area,Delhi,Unfurnished,12883546,1322,670
2014,Carpet Area,Noida,Unfurnished,12883386,1347,663
2004,Plot Area,Jaipur,Unfurnished,12883211,1378,700
2001,Carpet Area,Chandigarh,Unfurnished,12883057,1329,663
1996,Super Area,Ranchi,Semi-Furnished,12882976,1317,666
1999,Carpet Area,Chandigarh,Semi-Furnished,12882956,1322,663
2006,Plot Area,Amritsar,Semi-Furnished,12882950,1315,653
2021,Built Area,Visakhapatnam,Unfurnished,12882883,1271,656
2002,Carpet Area,Gwalior,Semi-Furnished,12882789,1272,648
2016,Plot Area,Varanasi,Furnished,12882763,1298,650
2011,Carpet Area,Ahmedabad,Semi-Furnished,12882675,1307,640
1998,Built Area,Bhopal,Furnished,12882645,1306,660
2016,Carpet Area,Vijayawada,Semi-Furnished,12882611,1287,633
1996,Carpet Area,Nashik,Semi-Furnished,12882605,1333,675
2000,Super Area,Vadodara,Semi-Furnished,12882567,1292,657
2021,Carpet Area,Faridabad,Furnished,12882420,1298,651
2010,Plot Area,Patna,Unfurnished,12882334,1281,645
2010,Plot Area,Delhi,Furnished,12882295,1278,644
2004,Super Area,Amritsar,Furnished,12882239,1274,642
2018,Plot Area,Amritsar,Unfurnished,12882094,1288,656
2012,Built Area,Thane,Unfurnished,12882026,1323,654
2001,Built Area,Jaipur,Unfurnished,12881868,1364,678
2012,Built Area,Surat,Furnished,12881788,1364,664
2007,Built Area,Ranchi,Semi-Furnished,12881763,1303,661
1997,Super Area,Coimbatore,Semi-Furnished,12881758,1314,663
2009,Plot Area,Faridabad,Unfurnished,12881680,1377,684
2011,Super Area,Mysore,Furnished,12881666,1361,674
2009,Carpet Area,Kolkata,Semi-Furnished,12881633,1398,675
2004,Super Area,Bangalore,Unfurnished,12881421,1341,669
2006,Built Area,Delhi,Unfurnished,12881404,1343,668
1993,Carpet Area,Gwalior,Furnished,12881365,1264,647
2016,Built Area,Nagpur,Furnished,12881331,1330,663
1993,Plot Area,Pune,Furnished,12881086,1330,660
2010,Super Area,Mysore,Semi-Furnished,12881057,1241,619
2019,Carpet Area,Pune,Semi-Furnished,12881049,1274,645
2016,Built Area,Surat,Furnished,12880873,1383,680
1998,Super Area,Ahmedabad,Semi-Furnished,12880804,1284,651
2019,Super Area,Chennai,Semi-Furnished,12880661,1344,665
2007,Built Area,Chennai,Semi-Furnished,12880582,1327,673
2010,Carpet Area,Jaipur,Furnished,12880566,1309,648
1992,Plot Area,Noida,Furnished,12880511,1322,627
2021,Super Area,Ghaziabad,Unfurnished,12880483,1229,630
1999,Carpet Area,Lucknow,Semi-Furnished,12880482,1336,673
2009,Plot Area,Faridabad,Furnished,12880325,1306,659
2004,Plot Area,Ludhiana,Semi-Furnished,12880304,1267,639
2010,Built Area,Kalyan-Dombivli,Semi-Furnished,12880280,1365,683
1992,Built Area,Kalyan-Dombivli,Unfurnished,12880108,1338,671
2005,Plot Area,Coimbatore,Unfurnished,12880104,1394,703
2005,Built Area,Meerut,Semi-Furnished,12880095,1281,657
1997,Plot Area,Faridabad,Furnished,12880081,1314,658
1997,Built Area,Agra,Semi-Furnished,12880067,1270,653
2012,Built Area,Patna,Furnished,12879898,1299,651
2003,Built Area,Navi Mumbai,Furnished,12879827,1309,649
2007,Built Area,Bangalore,Furnished,12879696,1316,668
2001,Plot Area,Meerut,Semi-Furnished,12879640,1313,667
2015,Super Area,Navi Mumbai,Semi-Furnished,12879524,1329,662
2015,Super Area,Visakhapatnam,Furnished,12879486,1280,645
2005,Carpet Area,Coimbatore,Furnished,12879485,1248,642
2004,Carpet Area,Coimbatore,Furnished,12879344,1203,625
1995,Super Area,Kolkata,Unfurnished,12879146,1284,655
2001,Super Area,Aurangabad,Unfurnished,12879100,1258,627
1995,Built Area,Delhi,Unfurnished,12878973,1300,654
1990,Plot Area,Rajkot,Furnished,12878917,1323,667
1990,Super Area,Surat,Semi-Furnished,12878852,1368,677
2014,Super Area,Aurangabad,Unfurnished,12878847,1346,668
2007,Plot Area,Kolkata,Unfurnished,12878468,1289,652
2020,Plot Area,Mumbai,Semi-Furnished,12878427,1308,655
2003,Plot Area,Vadodara,Unfurnished,12878401,1279,628
2001,Super Area,Rajkot,Unfurnished,12878285,1332,648
2018,Plot Area,Indore,Furnished,12878173,1327,644
1995,Carpet Area,Hyderabad,Unfurnished,12877994,1365,687
1998,Built Area,Rajkot,Unfurnished,12877942,1276,654
1991,Super Area,Ahmedabad,Furnished,12877937,1346,664
2000,Built Area,Kalyan-Dombivli,Semi-Furnished,12877652,1348,662
2020,Plot Area,Kalyan-Dombivli,Semi-Furnished,12877594,1309,646
2001,Plot Area,Mangalore,Unfurnished,12877367,1286,651
2003,Super Area,Jodhpur,Semi-Furnished,12877280,1363,674
2009,Built Area,Vijayawada,Furnished,12877228,1346,682
1993,Super Area,Ludhiana,Unfurnished,12877073,1321,660
2009,Super Area,Kalyan-Dombivli,Semi-Furnished,12876732,1391,681
2007,Super Area,Coimbatore,Unfurnished,12876719,1284,657
2013,Carpet Area,Thane,Semi-Furnished,12876546,1414,696
2020,Plot Area,Coimbatore,Unfurnished,12876499,1346,672
2007,Built Area,Mysore,Unfurnished,12876380,1341,675
2016,Super Area,Surat,Unfurnished,12876330,1342,655
2000,Plot Area,Ghaziabad,Unfurnished,12876329,1233,617
2004,Built Area,Navi Mumbai,Furnished,12876282,1206,622
1990,Built Area,Patna,Semi-Furnished,12876274,1298,644
2010,Carpet Area,Lucknow,Furnished,12876068,1286,665
2008,Super Area,Faridabad,Furnished,12875964,1293,648
1999,Plot Area,Noida,Furnished,12875761,1295,664
2002,Carpet Area,Bhopal,Furnished,12875749,1219,609
2013,Plot Area,Vijayawada,Furnished,12875733,1399,673
1998,Super Area,Mysore,Furnished,12875604,1358,684
2007,Carpet Area,Meerut,Unfurnished,12875496,1342,674
1991,Built Area,Gwalior,Unfurnished,12875384,1288,649
2004,Plot Area,Kanpur,Furnished,12874947,1311,668
2000,Plot Area,Lucknow,Semi-Furnished,12874786,1299,644
2009,Super Area,Meerut,Semi-Furnished,12874638,1301,651
2003,Plot Area,Vadodara,Semi-Furnished,12874615,1327,662
1992,Plot Area,Visakhapatnam,Furnished,12874572,1408,690
2010,Super Area,Navi Mumbai,Unfurnished,12874571,1295,658
2003,Super Area,Amritsar,Furnished,12874318,1363,685
2009,Built Area,Coimbatore,Furnished,12874274,1277,642
2007,Built Area,Chandigarh,Unfurnished,12874251,1315,665
2000,Super Area,Thane,Semi-Furnished,12874149,1325,659
2017,Plot Area,Aurangabad,Furnished,12874123,1299,649
2021,Super Area,Delhi,Unfurnished,12874101,1240,631
1998,Plot Area,Thane,Unfurnished,12873712,1276,638
1997,Carpet Area,Vadodara,Semi-Furnished,12873466,1299,653
2003,Built Area,Coimbatore,Unfurnished,12873356,1303,636
2016,Built Area,Thane,Unfurnished,12873337,1323,647
2011,Plot Area,Ludhiana,Semi-Furnished,12873169,1269,644
2005,Super Area,Agra,Semi-Furnished,12873159,1311,656
2002,Plot Area,Rajkot,Semi-Furnished,12873083,1322,668
2013,Super Area,Nashik,Furnished,12873060,1361,683
2000,Carpet Area,Mangalore,Unfurnished,12872893,1325,663
2018,Super Area,Lucknow,Furnished,12872840,1228,638
2019,Built Area,Ludhiana,Unfurnished,12872772,1343,665
2011,Built Area,Meerut,Furnished,12872414,1300,644
1992,Super Area,Gwalior,Unfurnished,12872387,1361,674
2008,Carpet Area,Meerut,Semi-Furnished,12872362,1335,669
2019,Plot Area,Gwalior,Semi-Furnished,12872310,1300,648
1997,Built Area,Amritsar,Furnished,12872104,1276,646
1997,Built Area,Ranchi,Furnished,12872101,1254,626
2016,Plot Area,Jodhpur,Furnished,12872024,1223,642
1997,Built Area,Pune,Furnished,12871695,1343,665
2002,Carpet Area,Jaipur,Furnished,12871536,1292,646
2011,Super Area,Thane,Unfurnished,12871441,1359,679
1998,Built Area,Ahmedabad,Furnished,12871277,1324,658
2004,Super Area,Mumbai,Semi-Furnished,12870954,1402,694
2006,Super Area,Patna,Semi-Furnished,12870933,1279,647
1999,Carpet Area,Thane,Unfurnished,12870910,1375,668
2013,Super Area,Bhopal,Unfurnished,12870832,1369,684
2019,Built Area,Noida,Furnished,12870816,1255,629
1990,Built Area,Noida,Furnished,12870767,1306,659
1997,Built Area,Pune,Unfurnished,12870704,1353,694
2011,Super Area,Nashik,Furnished,12870664,1316,655
1993,Built Area,Ludhiana,Furnished,12870622,1297,656
1999,Plot Area,Lucknow,Unfurnished,12870614,1270,645
2015,Plot Area,Bangalore,Furnished,12870475,1264,648
2006,Carpet Area,Bangalore,Furnished,12870474,1310,666
1991,Super Area,Thane,Semi-Furnished,12870425,1240,629
2018,Built Area,Thane,Unfurnished,12870335,1298,659
2017,Built Area,Amritsar,Unfurnished,12870264,1304,652
2018,Built Area,Varanasi,Unfurnished,12870188,1329,662
1994,Built Area,Rajkot,Unfurnished,12870002,1248,608
1995,Carpet Area,Vadodara,Semi-Furnished,12869954,1283,641
2020,Built Area,Kolkata,Furnished,12869905,1285,639
1994,Plot Area,Delhi,Semi-Furnished,12869900,1271,638
2013,Super Area,Nashik,Unfurnished,12869663,1283,640
2006,Built Area,Navi Mumbai,Furnished,12869659,1327,659
1997,Plot Area,Rajkot,Semi-Furnished,12869648,1351,670
2008,Carpet Area,Agra,Furnished,12869596,1297,663
1992,Plot Area,Ghaziabad,Furnished,12869590,1346,648
1995,Built Area,Kanpur,Semi-Furnished,12869459,1296,639
2007,Super Area,Mumbai,Furnished,12869421,1390,694
2003,Carpet Area,Jodhpur,Unfurnished,12869197,1301,671
2019,Built Area,Jodhpur,Furnished,12869184,1336,657
2017,Plot Area,Meerut,Semi-Furnished,12869094,1245,645
2017,Carpet Area,Kolkata,Unfurnished,12868406,1286,645
2015,Built Area,Agra,Furnished,12868237,1381,685
1995,Built Area,Ahmedabad,Semi-Furnished,12868092,1387,671
1991,Built Area,Kalyan-Dombivli,Unfurnished,12868037,1325,661
2010,Carpet Area,Ludhiana,Unfurnished,12867938,1249,629
1990,Super Area,Visakhapatnam,Unfurnished,12867919,1323,651
2009,Built Area,Thane,Unfurnished,12867667,1370,685
2018,Carpet Area,Kalyan-Dombivli,Semi-Furnished,12867128,1298,639
2017,Carpet Area,Nashik,Semi-Furnished,12867088,1346,663
1999,Plot Area,Visakhapatnam,Unfurnished,12867088,1288,649
2011,Plot Area,Kolkata,Furnished,12867018,1304,636
2008,Plot Area,Gwalior,Semi-Furnished,12866798,1257,620
2020,Super Area,Patna,Semi-Furnished,12866777,1252,635
1996,Plot Area,Kalyan-Dombivli,Furnished,12866583,1275,640
2014,Built Area,Jaipur,Unfurnished,12866544,1365,669
2003,Super Area,Aurangabad,Semi-Furnished,12866342,1283,639
1993,Super Area,Delhi,Furnished,12866055,1319,652
1993,Carpet Area,Aurangabad,Unfurnished,12865896,1276,651
2013,Super Area,Ghaziabad,Unfurnished,12865847,1306,663
1993,Super Area,Pune,Unfurnished,12865615,1347,672
2004,Carpet Area,Bangalore,Semi-Furnished,12865610,1291,639
2010,Carpet Area,Bangalore,Semi-Furnished,12865566,1262,630
1993,Built Area,Agra,Semi-Furnished,12865545,1320,660
1997,Carpet Area,Lucknow,Semi-Furnished,12865470,1306,674
2010,Built Area,Chandigarh,Furnished,12865195,1297,648
2008,Super Area,Navi Mumbai,Furnished,12865107,1325,646
2004,Built Area,Vijayawada,Semi-Furnished,12864411,1297,662
2018,Super Area,Gwalior,Unfurnished,12864338,1330,659
2017,Super Area,Lucknow,Unfurnished,12864259,1317,654
1996,Super Area,Amritsar,Furnished,12864249,1327,645
2013,Carpet Area,Bhopal,Furnished,12863979,1267,642
1997,Super Area,Amritsar,Furnished,12863867,1321,660
2011,Carpet Area,Ahmedabad,Unfurnished,12863843,1303,655
2010,Built Area,Varanasi,Unfurnished,12863532,1288,636
1996,Super Area,Navi Mumbai,Furnished,12863508,1321,660
2018,Super Area,Bangalore,Furnished,12863459,1304,655
1993,Built Area,Visakhapatnam,Unfurnished,12863399,1355,676
2007,Super Area,Faridabad,Furnished,12863347,1295,639
2013,Built Area,Chennai,Unfurnished,12863329,1295,661
2018,Carpet Area,Noida,Semi-Furnished,12863299,1315,653
2019,Carpet Area,Patna,Semi-Furnished,12863264,1309,663
2013,Plot Area,Pune,Furnished,12863140,1331,662
2014,Carpet Area,Thane,Semi-Furnished,12863088,1369,680
2010,Built Area,Kolkata,Furnished,12863080,1329,676
1991,Super Area,Chennai,Furnished,12863074,1250,633
2013,Carpet Area,Agra,Furnished,12863044,1316,644
1999,Carpet Area,Nagpur,Semi-Furnished,12863014,1293,642
1999,Carpet Area,Varanasi,Unfurnished,12862948,1338,649
2003,Super Area,Patna,Semi-Furnished,12862878,1315,651
2019,Built Area,Coimbatore,Semi-Furnished,12862828,1302,657
2001,Carpet Area,Jodhpur,Semi-Furnished,12862809,1328,665
2016,Super Area,Amritsar,Furnished,12862752,1255,638
2014,Built Area,Thane,Furnished,12862699,1258,631
2017,Carpet Area,Agra,Unfurnished,12862550,1276,652
2010,Super Area,Indore,Semi-Furnished,12862491,1290,643
2017,Super Area,Vadodara,Unfurnished,12862113,1320,666
2009,Built Area,Mysore,Semi-Furnished,12862008,1328,665
2008,Super Area,Ghaziabad,Semi-Furnished,12861951,1315,647
2013,Super Area,Delhi,Semi-Furnished,12861797,1249,622
1990,Plot Area,Pune,Furnished,12861646,1319,663
2018,Plot Area,Rajkot,Furnished,12861631,1326,669
2021,Super Area,Mumbai,Furnished,12861470,1370,671
2021,Super Area,Faridabad,Semi-Furnished,12861313,1258,642
1996,Super Area,Amritsar,Semi-Furnished,12860997,1278,638
2012,Carpet Area,Jodhpur,Semi-Furnished,12860792,1344,658
1994,Plot Area,Jodhpur,Semi-Furnished,12860534,1291,646
1992,Built Area,Nashik,Semi-Furnished,12860450,1354,659
2007,Super Area,Mangalore,Furnished,12860401,1316,663
1992,Built Area,Ghaziabad,Semi-Furnished,12860384,1304,649
2002,Plot Area,Ahmedabad,Semi-Furnished,12860278,1261,639
2012,Plot Area,Patna,Unfurnished,12859443,1234,615
2020,Carpet Area,Visakhapatnam,Semi-Furnished,12859322,1415,693
2000,Plot Area,Vadodara,Unfurnished,12859304,1301,654
2012,Carpet Area,Pune,Furnished,12858829,1327,656
2009,Super Area,Ludhiana,Furnished,12858817,1270,656
2013,Carpet Area,Meerut,Semi-Furnished,12858628,1307,650
2021,Built Area,Vijayawada,Unfurnished,12858580,1343,654
2016,Built Area,Mysore,Furnished,12858490,1234,623
2001,Built Area,Delhi,Unfurnished,12858403,1290,661
2014,Built Area,Noida,Unfurnished,12858186,1331,664
2021,Plot Area,Surat,Semi-Furnished,12858116,1275,637
2001,Carpet Area,Aurangabad,Unfurnished,12858043,1306,653
1994,Carpet Area,Amritsar,Furnished,12857969,1336,660
1991,Built Area,Bhopal,Unfurnished,12857955,1300,670
1999,Plot Area,Meerut,Furnished,12857939,1396,681
1993,Carpet Area,Delhi,Furnished,12857889,1374,675
1999,Built Area,Bhopal,Unfurnished,12857839,1217,631
2008,Super Area,Ranchi,Semi-Furnished,12857726,1281,641
2004,Built Area,Lucknow,Semi-Furnished,12857686,1329,664
1994,Built Area,Hyderabad,Furnished,12857678,1375,680
2020,Super Area,Gwalior,Furnished,12857564,1366,681
2007,Carpet Area,Aurangabad,Unfurnished,12857457,1335,655
1995,Built Area,Mumbai,Semi-Furnished,12857380,1291,641
2005,Carpet Area,Bangalore,Semi-Furnished,12857344,1308,649
2008,Carpet Area,Ghaziabad,Furnished,12856878,1265,649
2016,Super Area,Faridabad,Semi-Furnished,12856853,1339,649
2020,Carpet Area,Nashik,Furnished,12856736,1353,658
2015,Carpet Area,Pune,Furnished,12856573,1361,678
1990,Plot Area,Meerut,Semi-Furnished,12856404,1376,671
1990,Super Area,Mysore,Semi-Furnished,12856283,1272,638
2011,Built Area,Bhopal,Furnished,12856250,1321,655
2008,Carpet Area,Coimbatore,Furnished,12856176,1250,634
1998,Plot Area,Indore,Furnished,12856173,1379,676
2013,Super Area,Gwalior,Unfurnished,12856152,1303,660
1990,Super Area,Ranchi,Semi-Furnished,12856023,1301,655
2016,Plot Area,Jaipur,Semi-Furnished,12856006,1303,659
2017,Carpet Area,Aurangabad,Furnished,12855949,1229,629
1992,Built Area,Jaipur,Unfurnished,12855853,1290,646
2012,Plot Area,Bhopal,Furnished,12855815,1273,657
2008,Built Area,Visakhapatnam,Furnished,12855729,1266,630
1992,Plot Area,Mangalore,Unfurnished,12855705,1297,635
2017,Carpet Area,Meerut,Semi-Furnished,12855651,1293,646
2014,Plot Area,Kanpur,Semi-Furnished,12855651,1252,638
2000,Plot Area,Agra,Furnished,12855550,1286,650
2018,Plot Area,Noida,Unfurnished,12855526,1273,637
2013,Plot Area,Agra,Unfurnished,12855471,1343,691
1992,Carpet Area,Pune,Unfurnished,12855039,1243,626
1996,Plot Area,Mysore,Unfurnished,12854914,1333,664
2016,Built Area,Vadodara,Furnished,12854834,1280,639
2002,Super Area,Gwalior,Furnished,12854712,1352,670
1997,Super Area,Visakhapatnam,Unfurnished,12854704,1227,627
2000,Carpet Area,Ludhiana,Furnished,12854460,1359,681
1995,Built Area,Vijayawada,Furnished,12854421,1274,641
1998,Super Area,Pune,Semi-Furnished,12854220,1291,655
2013,Built Area,Kalyan-Dombivli,Unfurnished,12854220,1275,648
2009,Plot Area,Kanpur,Furnished,12854218,1277,637
2010,Carpet Area,Vadodara,Furnished,12854144,1342,658
2016,Super Area,Mysore,Unfurnished,12853943,1292,655
2019,Built Area,Meerut,Semi-Furnished,12853866,1243,645
2008,Built Area,Ludhiana,Semi-Furnished,12853801,1291,656
2017,Built Area,Gwalior,Semi-Furnished,12853771,1302,651
2018,Built Area,Mangalore,Furnished,12853469,1251,637
1991,Carpet Area,Hyderabad,Semi-Furnished,12853428,1366,669
2003,Plot Area,Agra,Unfurnished,12853392,1310,661
2006,Built Area,Nagpur,Semi-Furnished,12853377,1331,661
2000,Plot Area,Hyderabad,Semi-Furnished,12853327,1355,670
2018,Built Area,Visakhapatnam,Unfurnished,12853271,1304,656
2006,Super Area,Ranchi,Furnished,12853254,1330,654
2013,Super Area,Lucknow,Unfurnished,12853086,1319,672
2000,Built Area,Meerut,Unfurnished,12852999,1282,654
2004,Super Area,Patna,Furnished,12852881,1331,655
1990,Built Area,Kalyan-Dombivli,Semi-Furnished,12852826,1346,659
2008,Super Area,Jodhpur,Unfurnished,12852824,1326,670
2009,Plot Area,Pune,Furnished,12852257,1285,647
2018,Built Area,Nagpur,Semi-Furnished,12852247,1281,645
1994,Carpet Area,Vijayawada,Unfurnished,12852221,1282,643
2019,Carpet Area,Ranchi,Semi-Furnished,12852165,1337,674
1990,Super Area,Visakhapatnam,Furnished,12852162,1314,675
2004,Built Area,Lucknow,Unfurnished,12852055,1338,670
2000,Carpet Area,Noida,Furnished,12852018,1360,689
1992,Carpet Area,Faridabad,Furnished,12851825,1343,658
2003,Super Area,Patna,Unfurnished,12851646,1252,627
2016,Carpet Area,Amritsar,Semi-Furnished,12851592,1315,651
2000,Carpet Area,Ghaziabad,Furnished,12851507,1330,650
1995,Built Area,Delhi,Semi-Furnished,12851187,1338,665
2005,Super Area,Ahmedabad,Unfurnished,12851138,1357,671
1992,Carpet Area,Chennai,Semi-Furnished,12851099,1263,627
2006,Plot Area,Vijayawada,Furnished,12851016,1308,661
2008,Super Area,Agra,Unfurnished,12850931,1364,662
2006,Built Area,Kalyan-Dombivli,Unfurnished,12850914,1324,662
2016,Built Area,Aurangabad,Unfurnished,12850821,1292,650
1997,Super Area,Patna,Semi-Furnished,12850661,1461,706
2011,Plot Area,Navi Mumbai,Unfurnished,12850559,1301,651
1991,Super Area,Amritsar,Unfurnished,12850412,1335,664
1996,Built Area,Kolkata,Furnished,12850109,1318,654
2019,Super Area,Coimbatore,Furnished,12849964,1261,628
2003,Built Area,Mysore,Unfurnished,12849866,1372,670
2013,Plot Area,Mumbai,Semi-Furnished,12849817,1346,660
2001,Super Area,Ghaziabad,Unfurnished,12849700,1301,666
1990,Built Area,Mumbai,Semi-Furnished,12849574,1333,661
1998,Carpet Area,Agra,Furnished,12849527,1316,651
2021,Carpet Area,Patna,Unfurnished,12849424,1326,656
2020,Carpet Area,Lucknow,Unfurnished,12849186,1326,666
2010,Super Area,Pune,Unfurnished,12849106,1282,651
2020,Carpet Area,Noida,Furnished,12849094,1272,642
2021,Plot Area,Pune,Furnished,12848928,1317,652
2016,Plot Area,Mysore,Semi-Furnished,12848874,1367,673
2007,Super Area,Kolkata,Semi-Furnished,12848793,1246,629
1990,Built Area,Nashik,Furnished,12848587,1293,637
2010,Plot Area,Vadodara,Unfurnished,12848581,1343,667
1994,Plot Area,Mangalore,Semi-Furnished,12848564,1328,667
2019,Carpet Area,Agra,Unfurnished,12848437,1305,646
1992,Carpet Area,Ranchi,Unfurnished,12848355,1263,637
2000,Built Area,Indore,Semi-Furnished,12848303,1353,650
2004,Carpet Area,Jodhpur,Semi-Furnished,12848118,1274,636
2008,Carpet Area,Mumbai,Semi-Furnished,12848094,1276,643
2001,Plot Area,Agra,Semi-Furnished,12848076,1338,667
1990,Built Area,Coimbatore,Semi-Furnished,12847961,1322,646
2014,Built Area,Lucknow,Furnished,12847881,1339,665
1990,Plot Area,Faridabad,Semi-Furnished,12847653,1265,649
2008,Plot Area,Visakhapatnam,Furnished,12847652,1289,662
2019,Plot Area,Navi Mumbai,Semi-Furnished,12847622,1296,662
2003,Plot Area,Jodhpur,Unfurnished,12847601,1353,658
1998,Carpet Area,Ludhiana,Semi-Furnished,12847571,1359,669
2013,Plot Area,Pune,Unfurnished,12847529,1310,656
2002,Carpet Area,Coimbatore,Semi-Furnished,12847389,1255,640
1991,Plot Area,Amritsar,Furnished,12847080,1285,649
2014,Carpet Area,Jaipur,Unfurnished,12846907,1270,648
1996,Super Area,Chennai,Furnished,12846872,1339,651
2016,Carpet Area,Coimbatore,Furnished,12846807,1339,668
1996,Plot Area,Mumbai,Furnished,12846732,1391,682
1999,Built Area,Pune,Unfurnished,12846714,1250,625
1994,Carpet Area,Thane,Unfurnished,12846579,1270,638
2010,Built Area,Delhi,Semi-Furnished,12846519,1293,672
2000,Plot Area,Amritsar,Unfurnished,12845862,1324,659
2001,Plot Area,Jaipur,Furnished,12845830,1309,660
1993,Built Area,Vijayawada,Furnished,12845812,1283,638
1998,Carpet Area,Jodhpur,Unfurnished,12845244,1307,650
2013,Super Area,Chandigarh,Semi-Furnished,12845218,1274,630
2006,Carpet Area,Meerut,Semi-Furnished,12845094,1310,659
2007,Carpet Area,Mumbai,Semi-Furnished,12844977,1314,654
2000,Super Area,Bangalore,Unfurnished,12844956,1389,683
2003,Plot Area,Ranchi,Unfurnished,12844946,1405,688
2020,Built Area,Amritsar,Unfurnished,12844795,1263,636
1999,Super Area,Vadodara,Unfurnished,12844649,1337,646
2013,Built Area,Mumbai,Furnished,12844526,1315,656
2018,Super Area,Kolkata,Furnished,12844430,1271,646
2007,Carpet Area,Meerut,Semi-Furnished,12844397,1225,615
1990,Plot Area,Agra,Semi-Furnished,12844268,1321,659
2009,Plot Area,Lucknow,Semi-Furnished,12844159,1260,637
2015,Plot Area,Jodhpur,Furnished,12843972,1359,653
1999,Plot Area,Gwalior,Furnished,12843905,1339,651
2002,Built Area,Indore,Semi-Furnished,12843867,1317,661
1992,Super Area,Faridabad,Semi-Furnished,12843856,1247,644
2019,Carpet Area,Nashik,Furnished,12843852,1372,685
2021,Plot Area,Indore,Semi-Furnished,12843740,1302,653
1996,Plot Area,Noida,Semi-Furnished,12843128,1346,670
2007,Built Area,Thane,Semi-Furnished,12843064,1289,650
2012,Super Area,Ludhiana,Furnished,12842883,1253,631
2004,Super Area,Hyderabad,Unfurnished,12842713,1281,640
2020,Carpet Area,Lucknow,Semi-Furnished,12842618,1249,622
2015,Plot Area,Ranchi,Furnished,12842547,1280,639
2003,Carpet Area,Kalyan-Dombivli,Unfurnished,12842520,1237,636
1990,Built Area,Visakhapatnam,Unfurnished,12842246,1308,663
2019,Super Area,Pune,Furnished,12841804,1360,660
1998,Plot Area,Hyderabad,Furnished,12841799,1324,668
2015,Carpet Area,Thane,Unfurnished,12841662,1282,647
2011,Plot Area,Patna,Unfurnished,12841382,1344,662
1994,Built Area,Kanpur,Unfurnished,12841362,1308,649
2020,Carpet Area,Ludhiana,Unfurnished,12841255,1340,657
1999,Carpet Area,Chennai,Unfurnished,12840946,1359,673
2013,Carpet Area,Amritsar,Unfurnished,12840862,1340,676
2010,Super Area,Vadodara,Furnished,12840746,1286,653
2007,Super Area,Kanpur,Unfurnished,12840432,1304,663
2001,Built Area,Nagpur,Unfurnished,12840273,1317,644
2006,Built Area,Visakhapatnam,Semi-Furnished,12840037,1296,656
1998,Plot Area,Hyderabad,Unfurnished,12839905,1247,637
1995,Carpet Area,Bangalore,Semi-Furnished,12839830,1321,664
2012,Super Area,Vijayawada,Unfurnished,12839795,1310,650
1992,Built Area,Varanasi,Furnished,12839663,1234,636
2006,Carpet Area,Gwalior,Semi-Furnished,12839624,1253,630
2013,Built Area,Navi Mumbai,Furnished,12839592,1337,672
2001,Built Area,Bangalore,Unfurnished,12839571,1293,645
2018,Carpet Area,Agra,Furnished,12839556,1265,632
2015,Plot Area,Mysore,Unfurnished,12839358,1290,650
2005,Super Area,Meerut,Semi-Furnished,12839358,1281,659
2007,Built Area,Noida,Semi-Furnished,12839355,1362,669
2014,Plot Area,Vijayawada,Unfurnished,12839284,1311,645
1995,Built Area,Chennai,Furnished,12839263,1313,649
2003,Super Area,Kolkata,Unfurnished,12839258,1346,685
2004,Super Area,Navi Mumbai,Unfurnished,12839242,1308,657
2007,Super Area,Aurangabad,Unfurnished,12839164,1308,662
2004,Super Area,Surat,Unfurnished,12839036,1267,635
2007,Carpet Area,Bangalore,Semi-Furnished,12838811,1317,653
1992,Super Area,Agra,Unfurnished,12838729,1367,677
1997,Super Area,Thane,Semi-Furnished,12838725,1324,659
1999,Super Area,Patna,Unfurnished,12838618,1331,659
2011,Super Area,Thane,Semi-Furnished,12838589,1335,654
1995,Super Area,Visakhapatnam,Furnished,12838533,1355,663
2008,Super Area,Ahmedabad,Furnished,12838480,1326,670
2014,Plot Area,Kalyan-Dombivli,Semi-Furnished,12838444,1265,647
2006,Plot Area,Vijayawada,Unfurnished,12838440,1274,637
2012,Built Area,Thane,Semi-Furnished,12838422,1286,648
2001,Built Area,Lucknow,Semi-Furnished,12838297,1263,631
2013,Carpet Area,Nashik,Semi-Furnished,12838094,1328,655
2014,Plot Area,Coimbatore,Unfurnished,12837979,1346,673
1996,Super Area,Ghaziabad,Unfurnished,12837873,1283,644
2010,Carpet Area,Delhi,Semi-Furnished,12837725,1309,640
2019,Carpet Area,Mangalore,Unfurnished,12837711,1275,647
2010,Super Area,Nashik,Furnished,12837663,1360,680
2013,Built Area,Jaipur,Unfurnished,12837630,1415,689
2010,Plot Area,Kanpur,Semi-Furnished,12837540,1380,663
1990,Super Area,Ghaziabad,Furnished,12837487,1301,656
1995,Carpet Area,Vijayawada,Semi-Furnished,12837431,1302,655
2018,Super Area,Nagpur,Unfurnished,12837403,1275,648
2008,Super Area,Kanpur,Furnished,12837290,1303,633
2012,Plot Area,Ahmedabad,Semi-Furnished,12837103,1302,661
2009,Carpet Area,Lucknow,Semi-Furnished,12837077,1259,626
2010,Built Area,Nagpur,Semi-Furnished,12836939,1296,651
2007,Carpet Area,Vijayawada,Unfurnished,12836851,1292,652
1991,Built Area,Meerut,Semi-Furnished,12836781,1252,628
2000,Built Area,Varanasi,Semi-Furnished,12836709,1317,655
2011,Plot Area,Varanasi,Furnished,12836588,1298,644
2019,Built Area,Visakhapatnam,Unfurnished,12836481,1383,682
2019,Carpet Area,Thane,Unfurnished,12836418,1306,657
2006,Built Area,Noida,Unfurnished,12836351,1366,666
2006,Plot Area,Coimbatore,Furnished,12836333,1284,632
1999,Super Area,Jodhpur,Furnished,12836316,1344,662
2006,Plot Area,Nashik,Unfurnished,12836155,1331,663
2019,Super Area,Patna,Semi-Furnished,12836091,1319,660
2014,Carpet Area,Faridabad,Unfurnished,12836050,1269,646
2016,Plot Area,Noida,Unfurnished,12835890,1346,670
2008,Carpet Area,Navi Mumbai,Semi-Furnished,12835845,1312,650
2021,Plot Area,Amritsar,Unfurnished,12835646,1327,666
2010,Built Area,Nashik,Furnished,12835642,1331,648
2019,Carpet Area,Ludhiana,Furnished,12835498,1327,669
2002,Plot Area,Mangalore,Semi-Furnished,12835480,1346,677
2011,Carpet Area,Kalyan-Dombivli,Unfurnished,12835343,1320,655
2008,Carpet Area,Chennai,Furnished,12835332,1258,639
2010,Built Area,Jodhpur,Semi-Furnished,12835306,1347,660
1996,Super Area,Indore,Furnished,12835223,1389,674
2002,Plot Area,Delhi,Unfurnished,12835087,1269,644
1998,Built Area,Noida,Unfurnished,12834903,1302,655
2012,Super Area,Ghaziabad,Unfurnished,12834839,1204,622
1994,Super Area,Meerut,Unfurnished,12834742,1235,631
1992,Built Area,Patna,Unfurnished,12834683,1334,653
2014,Super Area,Chandigarh,Semi-Furnished,12834646,1316,658
2003,Built Area,Agra,Unfurnished,12834482,1294,655
2014,Carpet Area,Gwalior,Semi-Furnished,12834364,1289,644
2012,Built Area,Ludhiana,Unfurnished,12834353,1331,661
1991,Super Area,Chandigarh,Furnished,12834312,1322,645
2001,Super Area,Indore,Semi-Furnished,12834182,1303,651
2011,Built Area,Bangalore,Furnished,12833742,1282,668
2017,Super Area,Indore,Furnished,12833511,1339,663
1990,Carpet Area,Faridabad,Semi-Furnished,12833413,1287,656
2002,Carpet Area,Amritsar,Semi-Furnished,12833269,1258,632
2020,Built Area,Coimbatore,Furnished,12833223,1312,652
2004,Carpet Area,Kolkata,Unfurnished,12833077,1272,638
2003,Built Area,Jodhpur,Unfurnished,12833054,1270,638
1993,Carpet Area,Bhopal,Unfurnished,12832851,1322,660
2010,Super Area,Bhopal,Unfurnished,12832815,1302,636
2010,Carpet Area,Jodhpur,Unfurnished,12832797,1341,674
2010,Super Area,Vijayawada,Unfurnished,12832520,1406,680
1999,Built Area,Hyderabad,Semi-Furnished,12832487,1359,657
2003,Super Area,Mangalore,Semi-Furnished,12832471,1323,642
2016,Built Area,Aurangabad,Semi-Furnished,12832411,1307,657
1991,Built Area,Agra,Unfurnished,12832378,1310,636
2017,Plot Area,Ahmedabad,Semi-Furnished,12832284,1355,663
2017,Super Area,Varanasi,Furnished,12832195,1297,655
2015,Plot Area,Jaipur,Semi-Furnished,12832003,1260,628
2019,Carpet Area,Chennai,Furnished,12831788,1326,647
2005,Built Area,Pune,Semi-Furnished,12831697,1281,636
2016,Super Area,Lucknow,Furnished,12831436,1255,632
1995,Super Area,Varanasi,Unfurnished,12831388,1328,662
2007,Carpet Area,Varanasi,Unfurnished,12831383,1339,671
1995,Carpet Area,Noida,Unfurnished,12831293,1287,663
2019,Built Area,Jodhpur,Unfurnished,12831291,1344,672
1994,Plot Area,Bhopal,Furnished,12831290,1308,647
1997,Plot Area,Kanpur,Unfurnished,12831197,1303,650
1998,Super Area,Amritsar,Unfurnished,12831095,1370,678
2008,Plot Area,Delhi,Furnished,12831015,1360,683
2021,Built Area,Varanasi,Furnished,12830805,1274,620
2009,Plot Area,Hyderabad,Unfurnished,12830749,1325,657
2012,Plot Area,Amritsar,Semi-Furnished,12830521,1295,660
2020,Built Area,Ahmedabad,Unfurnished,12830328,1313,651
2013,Carpet Area,Pune,Furnished,12830301,1266,638
2008,Super Area,Kalyan-Dombivli,Semi-Furnished,12829969,1314,658
2009,Built Area,Mangalore,Semi-Furnished,12829892,1281,648
2021,Built Area,Rajkot,Furnished,12829851,1308,659
1991,Built Area,Faridabad,Furnished,12829786,1290,637
1995,Built Area,Thane,Semi-Furnished,12829709,1215,625
1995,Carpet Area,Pune,Semi-Furnished,12829690,1312,652
2001,Super Area,Navi Mumbai,Unfurnished,12829555,1269,640
2010,Plot Area,Jaipur,Semi-Furnished,12829460,1239,625
2003,Plot Area,Pune,Unfurnished,12829394,1279,639
1992,Carpet Area,Pune,Furnished,12828907,1310,648
1995,Plot Area,Gwalior,Unfurnished,12828779,1336,659
2010,Plot Area,Noida,Furnished,12828674,1309,649
1998,Built Area,Kanpur,Furnished,12828525,1335,662
1990,Plot Area,Kolkata,Unfurnished,12828517,1350,669
2013,Carpet Area,Coimbatore,Semi-Furnished,12828501,1337,672
2017,Built Area,Varanasi,Unfurnished,12828473,1302,645
2020,Carpet Area,Varanasi,Semi-Furnished,12828312,1294,655
2014,Plot Area,Ranchi,Semi-Furnished,12828032,1313,658
2005,Carpet Area,Ghaziabad,Furnished,12827937,1280,635
2008,Carpet Area,Mangalore,Semi-Furnished,12827919,1297,662
1999,Carpet Area,Patna,Furnished,12827781,1298,641
2020,Super Area,Jaipur,Semi-Furnished,12827508,1274,636
2015,Built Area,Navi Mumbai,Semi-Furnished,12827316,1372,680
2019,Carpet Area,Amritsar,Furnished,12827254,1254,637
2016,Plot Area,Mangalore,Unfurnished,12827178,1295,658
2014,Carpet Area,Kanpur,Semi-Furnished,12827099,1323,670
2000,Built Area,Navi Mumbai,Unfurnished,12827058,1340,656
2006,Plot Area,Visakhapatnam,Furnished,12827054,1300,657
1999,Plot Area,Chandigarh,Semi-Furnished,12826987,1316,649
2002,Built Area,Kalyan-Dombivli,Semi-Furnished,12826765,1327,659
2003,Plot Area,Noida,Furnished,12826553,1295,670
1992,Plot Area,Thane,Semi-Furnished,12826327,1278,619
2020,Carpet Area,Aurangabad,Furnished,12826295,1339,657
1997,Plot Area,Bhopal,Furnished,12826242,1295,650
2005,Plot Area,Thane,Semi-Furnished,12826212,1311,662
1999,Plot Area,Ghaziabad,Furnished,12826175,1337,671
2013,Plot Area,Ludhiana,Unfurnished,12826083,1316,642
2003,Carpet Area,Ludhiana,Semi-Furnished,12825996,1258,615
2006,Plot Area,Chandigarh,Unfurnished,12825995,1362,671
1994,Super Area,Ahmedabad,Furnished,12825924,1326,647
2018,Built Area,Varanasi,Furnished,12825846,1259,632
1996,Carpet Area,Meerut,Furnished,12825790,1320,658
2005,Plot Area,Coimbatore,Semi-Furnished,12825788,1338,653
2010,Built Area,Gwalior,Semi-Furnished,12825774,1256,633
2012,Carpet Area,Jodhpur,Unfurnished,12825475,1339,655
2017,Plot Area,Navi Mumbai,Furnished,12825436,1260,634
2014,Super Area,Rajkot,Unfurnished,12825387,1428,698
2017,Plot Area,Chennai,Semi-Furnished,12825366,1284,651
2004,Plot Area,Faridabad,Furnished,12824950,1348,672
2008,Super Area,Ludhiana,Unfurnished,12824937,1290,640
1991,Super Area,Kalyan-Dombivli,Furnished,12824874,1254,640
2007,Plot Area,Varanasi,Furnished,12824707,1294,654
2021,Built Area,Kanpur,Furnished,12824634,1281,642
1997,Built Area,Noida,Unfurnished,12824517,1320,669
2005,Super Area,Agra,Unfurnished,12824488,1357,679
2020,Built Area,Lucknow,Unfurnished,12824478,1414,692
2015,Built Area,Surat,Semi-Furnished,12824226,1286,659
2020,Carpet Area,Hyderabad,Semi-Furnished,12824047,1349,649
2001,Carpet Area,Surat,Semi-Furnished,12823997,1282,643
1992,Carpet Area,Vadodara,Semi-Furnished,12823696,1352,675
1999,Super Area,Mangalore,Semi-Furnished,12823606,1360,674
2014,Super Area,Coimbatore,Unfurnished,12823274,1340,656
2005,Built Area,Amritsar,Furnished,12823238,1284,648
2002,Built Area,Kanpur,Semi-Furnished,12823214,1314,654
2009,Super Area,Delhi,Unfurnished,12823086,1281,636
1996,Super Area,Thane,Semi-Furnished,12822918,1333,666
1995,Super Area,Hyderabad,Furnished,12822828,1357,667
2008,Built Area,Gwalior,Furnished,12822822,1272,635
1998,Super Area,Agra,Semi-Furnished,12822537,1291,652
2001,Built Area,Kolkata,Unfurnished,12822466,1348,667
2015,Carpet Area,Amritsar,Furnished,12822314,1298,651
1993,Plot Area,Faridabad,Furnished,12822130,1386,684
2003,Super Area,Indore,Furnished,12821843,1352,674
2011,Super Area,Faridabad,Semi-Furnished,12821733,1336,669
2000,Built Area,Faridabad,Furnished,12821564,1379,692
2008,Super Area,Navi Mumbai,Semi-Furnished,12821488,1241,631
2008,Super Area,Surat,Furnished,12821295,1310,656
2018,Built Area,Pune,Semi-Furnished,12821230,1302,656
2006,Carpet Area,Aurangabad,Unfurnished,12821226,1309,651
2020,Plot Area,Nashik,Semi-Furnished,12821207,1242,643
2016,Super Area,Vadodara,Furnished,12821194,1299,651
1999,Built Area,Mysore,Semi-Furnished,12821087,1332,644
2002,Built Area,Varanasi,Furnished,12821038,1325,644
2020,Plot Area,Chandigarh,Semi-Furnished,12820918,1324,665
2016,Built Area,Varanasi,Furnished,12820901,1312,663
2003,Super Area,Kanpur,Furnished,12820834,1311,652
1995,Super Area,Kolkata,Furnished,12820821,1273,635
2013,Plot Area,Kanpur,Unfurnished,12820815,1319,653
1996,Plot Area,Bhopal,Semi-Furnished,12820716,1340,668
1995,Plot Area,Aurangabad,Semi-Furnished,12820709,1314,659
2010,Built Area,Vijayawada,Unfurnished,12820623,1301,653
2009,Plot Area,Patna,Furnished,12820541,1312,654
2019,Plot Area,Navi Mumbai,Furnished,12820517,1348,669
2000,Carpet Area,Nashik,Furnished,12820456,1411,685
1999,Super Area,Ranchi,Furnished,12820403,1319,654
2016,Super Area,Aurangabad,Unfurnished,12820366,1359,673
2013,Plot Area,Mangalore,Semi-Furnished,12820319,1315,642
1995,Carpet Area,Faridabad,Semi-Furnished,12820296,1282,658
2000,Plot Area,Aurangabad,Furnished,12820248,1276,656
2008,Built Area,Kalyan-Dombivli,Semi-Furnished,12820241,1330,667
2007,Carpet Area,Chandigarh,Semi-Furnished,12819971,1278,631
2000,Super Area,Agra,Unfurnished,12819739,1286,648
2010,Built Area,Coimbatore,Furnished,12819692,1279,643
1990,Super Area,Indore,Semi-Furnished,12819461,1259,643
2021,Plot Area,Patna,Furnished,12819442,1337,667
2014,Super Area,Surat,Unfurnished,12819377,1291,649
2015,Built Area,Gwalior,Unfurnished,12819375,1362,669
2006,Plot Area,Kalyan-Dombivli,Unfurnished,12819362,1307,642
1992,Built Area,Ahmedabad,Unfurnished,12819326,1307,649
2002,Carpet Area,Surat,Unfurnished,12819262,1367,693
1994,Built Area,Varanasi,Semi-Furnished,12819251,1263,655
2004,Built Area,Gwalior,Furnished,12819227,1271,641
2005,Super Area,Chandigarh,Semi-Furnished,12819070,1320,651
2008,Built Area,Faridabad,Unfurnished,12818972,1343,676
1990,Plot Area,Ludhiana,Furnished,12818931,1327,659
2009,Plot Area,Mysore,Semi-Furnished,12818880,1313,649
2019,Carpet Area,Bangalore,Furnished,12818870,1295,640
2019,Built Area,Chandigarh,Furnished,12818673,1351,672
1997,Carpet Area,Noida,Unfurnished,12818509,1213,632
2014,Plot Area,Visakhapatnam,Unfurnished,12818323,1312,656
2005,Carpet Area,Pune,Semi-Furnished,12818318,1318,655
2016,Carpet Area,Agra,Unfurnished,12818171,1296,646
2002,Plot Area,Jodhpur,Unfurnished,12818124,1293,649
2001,Carpet Area,Faridabad,Furnished,12818117,1230,633
2017,Carpet Area,Indore,Semi-Furnished,12817966,1334,657
2000,Built Area,Meerut,Furnished,12817956,1310,645
1993,Carpet Area,Bangalore,Unfurnished,12817888,1291,644
2014,Carpet Area,Gwalior,Unfurnished,12817878,1310,651
2009,Plot Area,Lucknow,Unfurnished,12817355,1249,633
2006,Plot Area,Rajkot,Furnished,12817285,1352,660
2017,Built Area,Nagpur,Unfurnished,12817097,1378,685
2019,Built Area,Amritsar,Furnished,12817081,1293,646
2003,Plot Area,Ghaziabad,Semi-Furnished,12816841,1308,665
1996,Super Area,Bhopal,Semi-Furnished,12816798,1368,679
2013,Plot Area,Navi Mumbai,Unfurnished,12816672,1289,646
1994,Super Area,Amritsar,Furnished,12816455,1286,643
2004,Built Area,Rajkot,Furnished,12816446,1260,652
1995,Carpet Area,Nashik,Furnished,12816427,1330,659
2003,Plot Area,Ghaziabad,Furnished,12816382,1297,648
1994,Carpet Area,Indore,Furnished,12816353,1297,643
2014,Plot Area,Navi Mumbai,Furnished,12816242,1314,663
2020,Super Area,Bangalore,Unfurnished,12816165,1306,644
2004,Super Area,Faridabad,Furnished,12816147,1332,661
2015,Carpet Area,Jodhpur,Semi-Furnished,12816093,1277,637
2020,Plot Area,Varanasi,Unfurnished,12816087,1327,663
2010,Plot Area,Bangalore,Semi-Furnished,12816034,1350,663
2005,Carpet Area,Jaipur,Semi-Furnished,12815923,1324,655
2007,Carpet Area,Vijayawada,Furnished,12815907,1204,619
2020,Built Area,Hyderabad,Furnished,12815815,1339,672
2018,Built Area,Kalyan-Dombivli,Unfurnished,12815793,1283,644
2017,Plot Area,Amritsar,Unfurnished,12815630,1305,660
2008,Built Area,Indore,Semi-Furnished,12815545,1291,660
1995,Super Area,Bhopal,Furnished,12815482,1283,646
2000,Super Area,Lucknow,Semi-Furnished,12815359,1313,654
2010,Carpet Area,Nagpur,Unfurnished,12815326,1325,677
2010,Plot Area,Kalyan-Dombivli,Furnished,12815317,1287,650
2011,Plot Area,Kolkata,Semi-Furnished,12815316,1308,653
2010,Built Area,Hyderabad,Semi-Furnished,12814962,1340,675
2006,Carpet Area,Pune,Unfurnished,12814866,1277,650
1992,Plot Area,Delhi,Semi-Furnished,12814817,1250,628
2012,Built Area,Vijayawada,Unfurnished,12814351,1395,687
1998,Plot Area,Lucknow,Semi-Furnished,12814306,1317,646
1993,Plot Area,Thane,Semi-Furnished,12814077,1288,639
1993,Plot Area,Hyderabad,Unfurnished,12814044,1307,655
2003,Plot Area,Kalyan-Dombivli,Unfurnished,12814009,1272,649
2008,Built Area,Kolkata,Unfurnished,12813948,1335,678
1990,Super Area,Coimbatore,Furnished,12813948,1298,659
2017,Built Area,Rajkot,Unfurnished,12813906,1236,634
1995,Plot Area,Mumbai,Unfurnished,12813537,1266,643
2014,Super Area,Chennai,Semi-Furnished,12813486,1276,650
1992,Carpet Area,Kanpur,Semi-Furnished,12813481,1305,640
2014,Built Area,Thane,Semi-Furnished,12813431,1309,657
2001,Plot Area,Aurangabad,Furnished,12813385,1252,638
2015,Carpet Area,Hyderabad,Semi-Furnished,12813221,1323,660
1996,Super Area,Ranchi,Furnished,12813130,1350,662
2001,Carpet Area,Nashik,Unfurnished,12812723,1255,618
2000,Super Area,Patna,Unfurnished,12812719,1338,673
2018,Plot Area,Lucknow,Semi-Furnished,12812571,1266,649
2000,Built Area,Vijayawada,Unfurnished,12812439,1296,669
2000,Built Area,Navi Mumbai,Semi-Furnished,12812410,1276,645
1997,Carpet Area,Noida,Semi-Furnished,12812348,1303,647
2010,Built Area,Ludhiana,Unfurnished,12812172,1352,672
2004,Plot Area,Ghaziabad,Furnished,12811981,1367,668
2011,Built Area,Kalyan-Dombivli,Semi-Furnished,12811934,1264,638
2005,Super Area,Nashik,Unfurnished,12811900,1330,667
2002,Plot Area,Navi Mumbai,Semi-Furnished,12811879,1281,642
1993,Super Area,Mangalore,Furnished,12811707,1312,646
2015,Super Area,Amritsar,Semi-Furnished,12811334,1252,621
2014,Plot Area,Ludhiana,Furnished,12811270,1295,654
2020,Carpet Area,Mangalore,Semi-Furnished,12811212,1294,633
2018,Super Area,Jodhpur,Unfurnished,12811052,1313,662
2010,Carpet Area,Meerut,Furnished,12810931,1347,674
2009,Super Area,Noida,Semi-Furnished,12810492,1278,640
2017,Built Area,Bhopal,Furnished,12810446,1350,678
2012,Super Area,Vadodara,Unfurnished,12810413,1297,656
2001,Super Area,Ghaziabad,Furnished,12810409,1334,658
2006,Built Area,Coimbatore,Semi-Furnished,12810384,1361,679
2007,Built Area,Delhi,Semi-Furnished,12810186,1214,613
1995,Carpet Area,Agra,Semi-Furnished,12810163,1299,637
2004,Plot Area,Nashik,Unfurnished,12810050,1345,673
2006,Plot Area,Indore,Semi-Furnished,12809795,1339,683
1995,Carpet Area,Patna,Semi-Furnished,12809418,1320,664
1993,Carpet Area,Coimbatore,Furnished,12809365,1298,642
2011,Built Area,Faridabad,Furnished,12809140,1244,625
2004,Super Area,Noida,Unfurnished,12809055,1303,638
1994,Built Area,Bhopal,Semi-Furnished,12808552,1247,616
2020,Super Area,Surat,Furnished,12808485,1341,669
2006,Built Area,Meerut,Semi-Furnished,12808183,1244,642
2014,Built Area,Meerut,Semi-Furnished,12808182,1238,620
2001,Super Area,Bangalore,Semi-Furnished,12808175,1285,631
2013,Built Area,Delhi,Unfurnished,12808117,1322,658
1998,Carpet Area,Bhopal,Furnished,12808052,1265,640
2013,Carpet Area,Varanasi,Furnished,12808046,1342,687
2021,Carpet Area,Vadodara,Semi-Furnished,12807907,1296,657
1996,Plot Area,Kolkata,Semi-Furnished,12807876,1281,649
2012,Carpet Area,Thane,Furnished,12807843,1281,646
1996,Built Area,Rajkot,Unfurnished,12807832,1325,651
1990,Built Area,Kolkata,Semi-Furnished,12807790,1262,633
2002,Carpet Area,Patna,Unfurnished,12807178,1272,632
2010,Plot Area,Delhi,Semi-Furnished,12807153,1343,693
1990,Built Area,Amritsar,Unfurnished,12806987,1297,657
2018,Super Area,Agra,Unfurnished,12806905,1361,671
2018,Super Area,Ranchi,Furnished,12806881,1365,678
2007,Carpet Area,Vijayawada,Semi-Furnished,12806832,1318,671
2001,Plot Area,Rajkot,Furnished,12806690,1275,639
1991,Carpet Area,Jodhpur,Semi-Furnished,12806680,1311,671
2006,Carpet Area,Vijayawada,Furnished,12806633,1264,635
2011,Super Area,Delhi,Semi-Furnished,12806622,1278,645
1996,Carpet Area,Mysore,Furnished,12806461,1285,644
1991,Built Area,Amritsar,Semi-Furnished,12806438,1287,642
2005,Carpet Area,Amritsar,Furnished,12806168,1328,659
2004,Carpet Area,Kolkata,Furnished,12805860,1279,654
2008,Super Area,Mumbai,Semi-Furnished,12805578,1270,652
2002,Carpet Area,Ranchi,Semi-Furnished,12805489,1408,690
1997,Plot Area,Thane,Furnished,12805425,1336,667
2001,Carpet Area,Bhopal,Unfurnished,12805410,1252,647
1991,Plot Area,Kanpur,Furnished,12805310,1243,640
2000,Plot Area,Vijayawada,Semi-Furnished,12805289,1379,664
1993,Built Area,Gwalior,Semi-Furnished,12805267,1335,657
1991,Super Area,Navi Mumbai,Unfurnished,12805251,1308,646
2017,Plot Area,Indore,Furnished,12805065,1346,663
1992,Plot Area,Thane,Furnished,12804950,1249,640
1996,Built Area,Coimbatore,Unfurnished,12804933,1228,621
1990,Carpet Area,Ranchi,Furnished,12804870,1319,663
2006,Carpet Area,Jodhpur,Semi-Furnished,12804312,1355,673
1990,Carpet Area,Nashik,Unfurnished,12804235,1258,624
2013,Carpet Area,Mumbai,Semi-Furnished,12804211,1342,669
2008,Built Area,Kanpur,Semi-Furnished,12803999,1321,654
2016,Built Area,Mysore,Semi-Furnished,12803876,1214,628
1996,Plot Area,Ranchi,Semi-Furnished,12803778,1311,663
2015,Plot Area,Pune,Semi-Furnished,12803742,1310,660
2017,Carpet Area,Lucknow,Unfurnished,12803538,1345,652
2014,Plot Area,Mangalore,Furnished,12803392,1295,651
2008,Super Area,Mangalore,Unfurnished,12803372,1244,629
2008,Carpet Area,Nagpur,Semi-Furnished,12803315,1266,639
2016,Super Area,Kalyan-Dombivli,Furnished,12803283,1361,669
1997,Built Area,Noida,Furnished,12803142,1320,657
1997,Built Area,Chennai,Unfurnished,12802937,1383,678
2017,Built Area,Aurangabad,Unfurnished,12802857,1236,622
1991,Built Area,Kanpur,Semi-Furnished,12802776,1292,664
2016,Built Area,Patna,Unfurnished,12802705,1246,651
1997,Plot Area,Mumbai,Unfurnished,12802480,1283,653
1999,Built Area,Aurangabad,Furnished,12802453,1287,640
2008,Super Area,Amritsar,Furnished,12802208,1268,626
2002,Carpet Area,Varanasi,Semi-Furnished,12802110,1233,637
2018,Carpet Area,Visakhapatnam,Furnished,12802098,1271,641
2001,Super Area,Ahmedabad,Semi-Furnished,12801882,1244,634
2007,Plot Area,Varanasi,Semi-Furnished,12801855,1235,619
2008,Built Area,Mangalore,Unfurnished,12801672,1340,679
1991,Built Area,Rajkot,Unfurnished,12801578,1311,669
2007,Super Area,Kalyan-Dombivli,Unfurnished,12801557,1301,654
2008,Built Area,Ranchi,Semi-Furnished,12801443,1246,634
2017,Plot Area,Nashik,Semi-Furnished,12801401,1358,664
2020,Super Area,Ranchi,Semi-Furnished,12801288,1292,655
1994,Super Area,Coimbatore,Unfurnished,12801276,1210,640
2007,Built Area,Amritsar,Unfurnished,12801189,1270,647
2020,Super Area,Pune,Semi-Furnished,12801178,1330,669
1993,Plot Area,Bhopal,Semi-Furnished,12801138,1325,654
1991,Built Area,Amritsar,Furnished,12801103,1279,636
2017,Plot Area,Varanasi,Unfurnished,12800876,1353,666
2016,Plot Area,Gwalior,Furnished,12800723,1366,672
2013,Super Area,Rajkot,Semi-Furnished,12800691,1346,665
2020,Plot Area,Indore,Furnished,12800352,1401,680
1996,Built Area,Noida,Unfurnished,12800223,1287,635
2012,Plot Area,Patna,Semi-Furnished,12800168,1293,655
1990,Built Area,Ghaziabad,Semi-Furnished,12800166,1257,654
2006,Plot Area,Nashik,Semi-Furnished,12800024,1242,639
2020,Super Area,Nagpur,Semi-Furnished,12799848,1337,668
2004,Super Area,Pune,Furnished,12799837,1317,651
2010,Built Area,Agra,Furnished,12799809,1350,663
1997,Plot Area,Mysore,Semi-Furnished,12799702,1319,661
1996,Plot Area,Thane,Semi-Furnished,12799679,1247,630
2019,Plot Area,Varanasi,Furnished,12799583,1285,633
1993,Carpet Area,Pune,Semi-Furnished,12799476,1342,672
2001,Super Area,Amritsar,Furnished,12799341,1310,645
2017,Built Area,Lucknow,Semi-Furnished,12799221,1264,631
1998,Super Area,Bangalore,Unfurnished,12799109,1378,674
1991,Built Area,Pune,Unfurnished,12799086,1341,657
2009,Carpet Area,Chandigarh,Semi-Furnished,12799042,1339,679
2011,Built Area,Navi Mumbai,Furnished,12799028,1235,621
1997,Super Area,Hyderabad,Semi-Furnished,12798986,1322,655
2004,Carpet Area,Ranchi,Unfurnished,12798965,1333,666
2009,Plot Area,Surat,Semi-Furnished,12798926,1313,653
1990,Carpet Area,Chennai,Furnished,12798691,1324,668
2000,Built Area,Kanpur,Furnished,12798302,1324,668
2010,Plot Area,Ranchi,Furnished,12798193,1355,680
2020,Built Area,Meerut,Semi-Furnished,12798100,1339,654
1999,Super Area,Mysore,Unfurnished,12797571,1274,645
2014,Carpet Area,Surat,Semi-Furnished,12797558,1349,672
2013,Plot Area,Mysore,Furnished,12797393,1267,641
1997,Plot Area,Amritsar,Furnished,12797351,1356,666
1990,Carpet Area,Mysore,Unfurnished,12797340,1245,627
2012,Plot Area,Chennai,Semi-Furnished,12796609,1275,652
1996,Super Area,Faridabad,Furnished,12796561,1341,669
2009,Built Area,Vijayawada,Semi-Furnished,12796293,1198,614
1992,Carpet Area,Ludhiana,Furnished,12796179,1259,622
1997,Built Area,Meerut,Unfurnished,12795985,1389,676
2020,Plot Area,Coimbatore,Furnished,12795938,1279,660
2018,Super Area,Mangalore,Semi-Furnished,12795890,1273,621
1992,Built Area,Noida,Furnished,12795646,1271,630
1999,Carpet Area,Rajkot,Unfurnished,12795603,1317,651
2018,Built Area,Mumbai,Furnished,12795519,1290,650
2014,Built Area,Nashik,Furnished,12795505,1276,635
1995,Plot Area,Agra,Unfurnished,12795300,1268,648
2002,Carpet Area,Bangalore,Unfurnished,12795218,1332,671
2006,Built Area,Thane,Furnished,12794862,1307,659
2014,Built Area,Chennai,Semi-Furnished,12794854,1297,658
1995,Super Area,Vijayawada,Furnished,12794825,1345,657
2016,Super Area,Jodhpur,Unfurnished,12794799,1338,667
1998,Carpet Area,Navi Mumbai,Furnished,12794612,1344,670
2001,Plot Area,Rajkot,Semi-Furnished,12794605,1352,675
2014,Built Area,Patna,Furnished,12794076,1295,644
1994,Built Area,Navi Mumbai,Unfurnished,12794039,1301,651
2002,Carpet Area,Chennai,Furnished,12793837,1294,658
2003,Built Area,Vadodara,Furnished,12793808,1280,647
2001,Super Area,Ludhiana,Furnished,12793605,1244,629
1998,Carpet Area,Jaipur,Furnished,12793551,1340,669
1996,Carpet Area,Kolkata,Unfurnished,12793359,1328,660
1994,Super Area,Hyderabad,Semi-Furnished,12793106,1317,659
2002,Built Area,Kanpur,Furnished,12793096,1294,663
2014,Carpet Area,Varanasi,Unfurnished,12792972,1278,645
2008,Plot Area,Nagpur,Unfurnished,12792696,1336,675
2010,Carpet Area,Kalyan-Dombivli,Unfurnished,12792618,1260,648
2000,Built Area,Pune,Unfurnished,12792521,1293,643
2004,Carpet Area,Nashik,Semi-Furnished,12792291,1309,651
2014,Plot Area,Navi Mumbai,Semi-Furnished,12792155,1303,664
2021,Carpet Area,Lucknow,Unfurnished,12792138,1355,668
2008,Super Area,Indore,Furnished,12792071,1294,638
2008,Built Area,Rajkot,Furnished,12792041,1249,635
1991,Carpet Area,Delhi,Furnished,12791934,1283,633
2016,Plot Area,Surat,Semi-Furnished,12791862,1325,672
2011,Plot Area,Jodhpur,Furnished,12791847,1259,645
2007,Carpet Area,Patna,Unfurnished,12791672,1259,630
1996,Super Area,Thane,Furnished,12791609,1252,635
2008,Plot Area,Delhi,Unfurnished,12791553,1375,679
2014,Carpet Area,Mumbai,Furnished,12791538,1314,654
2020,Carpet Area,Chandigarh,Unfurnished,12791531,1356,670
2016,Super Area,Mysore,Semi-Furnished,12791511,1295,635
2011,Plot Area,Meerut,Unfurnished,12791455,1343,669
2006,Carpet Area,Ahmedabad,Furnished,12791404,1278,648
2018,Plot Area,Noida,Semi-Furnished,12791322,1279,657
1995,Built Area,Kalyan-Dombivli,Unfurnished,12791281,1309,642
1998,Carpet Area,Patna,Semi-Furnished,12791264,1310,653
2000,Carpet Area,Patna,Semi-Furnished,12791012,1347,679
2014,Plot Area,Noida,Unfurnished,12791003,1330,667
1997,Plot Area,Faridabad,Semi-Furnished,12790929,1348,666
2006,Built Area,Navi Mumbai,Semi-Furnished,12790904,1216,628
2016,Plot Area,Coimbatore,Furnished,12790854,1382,690
2000,Plot Area,Chandigarh,Semi-Furnished,12790416,1359,677
2008,Carpet Area,Hyderabad,Unfurnished,12790281,1316,645
2015,Carpet Area,Indore,Semi-Furnished,12789998,1335,656
2005,Super Area,Vadodara,Furnished,12789990,1277,663
2020,Plot Area,Navi Mumbai,Furnished,12789821,1288,654
1999,Super Area,Kolkata,Semi-Furnished,12789487,1339,662
2007,Plot Area,Vadodara,Unfurnished,12789379,1265,632
2003,Super Area,Mumbai,Unfurnished,12789366,1340,671
2020,Super Area,Ranchi,Unfurnished,12789312,1340,666
2019,Built Area,Bangalore,Semi-Furnished,12789289,1320,670
2006,Super Area,Vijayawada,Unfurnished,12789249,1289,635
2003,Built Area,Vadodara,Unfurnished,12789227,1307,664
1994,Plot Area,Jaipur,Semi-Furnished,12788997,1380,683
2018,Carpet Area,Nagpur,Unfurnished,12788980,1308,664
2017,Built Area,Vijayawada,Unfurnished,12788867,1296,645
1993,Plot Area,Kolkata,Furnished,12788851,1296,649
2014,Carpet Area,Aurangabad,Unfurnished,12788833,1277,651
2003,Built Area,Kolkata,Semi-Furnished,12788724,1274,653
2005,Plot Area,Surat,Semi-Furnished,12788613,1291,633
2015,Super Area,Varanasi,Semi-Furnished,12788605,1312,670
2019,Super Area,Ahmedabad,Unfurnished,12788563,1346,666
2004,Built Area,Jodhpur,Unfurnished,12788488,1322,675
1999,Built Area,Chennai,Semi-Furnished,12788476,1313,662
2016,Plot Area,Kanpur,Unfurnished,12788448,1270,630
1997,Built Area,Jaipur,Semi-Furnished,12788364,1325,658
2000,Built Area,Vadodara,Furnished,12787931,1316,647
2016,Carpet Area,Bhopal,Furnished,12787931,1387,676
2015,Built Area,Patna,Furnished,12787929,1315,672
2008,Super Area,Amritsar,Semi-Furnished,12787885,1305,665
1998,Super Area,Amritsar,Furnished,12787660,1258,636
2012,Plot Area,Pune,Unfurnished,12787488,1398,688
2016,Built Area,Kanpur,Semi-Furnished,12787486,1304,640
1995,Plot Area,Thane,Semi-Furnished,12787274,1352,662
2015,Plot Area,Kalyan-Dombivli,Unfurnished,12787220,1310,663
2010,Carpet Area,Mumbai,Unfurnished,12787161,1317,664
2018,Super Area,Nagpur,Semi-Furnished,12787010,1254,623
2007,Built Area,Ludhiana,Semi-Furnished,12787007,1305,674
2016,Super Area,Hyderabad,Semi-Furnished,12787006,1234,634
2000,Carpet Area,Navi Mumbai,Furnished,12786876,1279,663
2005,Built Area,Thane,Semi-Furnished,12786713,1261,640
2021,Built Area,Chandigarh,Unfurnished,12786709,1267,631
2008,Super Area,Ghaziabad,Unfurnished,12786563,1339,661
2021,Plot Area,Mysore,Unfurnished,12786259,1267,631
1993,Built Area,Jodhpur,Semi-Furnished,12786223,1290,643
1992,Carpet Area,Chandigarh,Unfurnished,12786185,1323,664
2008,Carpet Area,Kanpur,Unfurnished,12786083,1388,689
1998,Built Area,Kolkata,Unfurnished,12785915,1243,637
2004,Built Area,Ludhiana,Semi-Furnished,12785659,1339,667
1998,Plot Area,Jaipur,Furnished,12785655,1235,625
2008,Built Area,Vijayawada,Furnished,12785637,1319,670
2009,Built Area,Thane,Furnished,12785499,1307,653
2014,Built Area,Noida,Furnished,12785442,1297,644
2019,Built Area,Ranchi,Unfurnished,12785441,1270,628
2021,Carpet Area,Meerut,Furnished,12785414,1298,646
2013,Carpet Area,Kolkata,Semi-Furnished,12785135,1338,659
1997,Built Area,Mangalore,Semi-Furnished,12784941,1315,653
2009,Carpet Area,Chandigarh,Unfurnished,12784668,1274,639
2012,Carpet Area,Jodhpur,Furnished,12784633,1326,669
2021,Super Area,Mysore,Furnished,12784572,1316,670
2008,Super Area,Jodhpur,Furnished,12784527,1303,652
2008,Plot Area,Bangalore,Furnished,12784474,1250,634
1997,Super Area,Mumbai,Unfurnished,12784371,1349,661
1990,Built Area,Mumbai,Furnished,12784293,1272,624
1997,Plot Area,Jodhpur,Unfurnished,12784271,1314,655
1991,Super Area,Vadodara,Furnished,12784035,1353,690
2013,Built Area,Jaipur,Furnished,12783954,1305,649
2002,Plot Area,Jaipur,Furnished,12783629,1309,660
2017,Built Area,Vadodara,Furnished,12783489,1276,653
2012,Super Area,Coimbatore,Unfurnished,12783453,1333,671
1991,Plot Area,Agra,Furnished,12783327,1270,645
1999,Carpet Area,Noida,Unfurnished,12783314,1291,636
1997,Plot Area,Ranchi,Furnished,12783260,1358,675
2008,Plot Area,Patna,Semi-Furnished,12783149,1361,670
2006,Carpet Area,Varanasi,Furnished,12782865,1311,643
1995,Carpet Area,Delhi,Unfurnished,12782721,1315,673
2005,Built Area,Aurangabad,Semi-Furnished,12782670,1395,676
2001,Carpet Area,Jaipur,Unfurnished,12782623,1319,668
2011,Plot Area,Meerut,Semi-Furnished,12782605,1341,670
2014,Built Area,Indore,Semi-Furnished,12782603,1315,657
2012,Super Area,Gwalior,Semi-Furnished,12782516,1303,660
1999,Built Area,Delhi,Unfurnished,12782431,1270,647
2015,Super Area,Indore,Furnished,12782417,1343,666
2008,Built Area,Nashik,Unfurnished,12782410,1303,659
2002,Plot Area,Chandigarh,Semi-Furnished,12782308,1249,647
1999,Plot Area,Surat,Semi-Furnished,12782242,1309,660
2021,Carpet Area,Amritsar,Unfurnished,12782142,1310,670
1996,Built Area,Aurangabad,Semi-Furnished,12782127,1266,637
2003,Super Area,Patna,Furnished,12782095,1267,625
2012,Super Area,Navi Mumbai,Unfurnished,12781920,1370,663
2020,Plot Area,Chandigarh,Unfurnished,12781618,1243,631
1999,Super Area,Faridabad,Semi-Furnished,12781509,1281,642
1990,Plot Area,Hyderabad,Unfurnished,12781482,1279,646
2018,Built Area,Mangalore,Unfurnished,12781430,1277,653
2006,Plot Area,Chennai,Furnished,12781365,1267,647
2009,Plot Area,Gwalior,Unfurnished,12781235,1310,647
2006,Super Area,Mysore,Semi-Furnished,12781203,1352,672
2010,Super Area,Agra,Furnished,12780909,1282,652
1993,Carpet Area,Vadodara,Furnished,12780896,1425,706
2003,Built Area,Surat,Furnished,12780801,1295,635
2019,Super Area,Ahmedabad,Furnished,12780730,1357,662
2000,Super Area,Ranchi,Furnished,12780439,1349,671
2021,Carpet Area,Chennai,Semi-Furnished,12780399,1330,676
2006,Built Area,Mysore,Furnished,12780376,1307,650
2019,Built Area,Kanpur,Unfurnished,12780268,1293,653
2013,Plot Area,Nagpur,Unfurnished,12780227,1289,635
2004,Super Area,Chennai,Semi-Furnished,12780204,1343,679
2021,Carpet Area,Faridabad,Unfurnished,12780123,1263,635
2002,Built Area,Amritsar,Semi-Furnished,12780049,1279,634
2015,Plot Area,Rajkot,Furnished,12779996,1290,651
1998,Plot Area,Vadodara,Unfurnished,12779922,1303,668
1994,Built Area,Ludhiana,Unfurnished,12779870,1252,641
2020,Built Area,Navi Mumbai,Unfurnished,12779787,1373,669
2020,Built Area,Mumbai,Semi-Furnished,12779704,1249,635
1994,Plot Area,Faridabad,Semi-Furnished,12779675,1315,662
1994,Carpet Area,Aurangabad,Unfurnished,12779651,1311,649
2013,Super Area,Hyderabad,Unfurnished,12779639,1227,611
2002,Plot Area,Indore,Unfurnished,12779619,1263,632
2003,Plot Area,Delhi,Unfurnished,12779472,1311,651
1996,Carpet Area,Agra,Furnished,12779196,1220,622
2009,Plot Area,Vadodara,Furnished,12779075,1300,648
1995,Plot Area,Coimbatore,Furnished,12779043,1233,645
1997,Super Area,Vadodara,Furnished,12778990,1315,653
2003,Super Area,Mysore,Unfurnished,12778581,1354,652
2019,Super Area,Delhi,Furnished,12778350,1284,645
2009,Plot Area,Ahmedabad,Furnished,12778191,1316,656
1999,Plot Area,Pune,Unfurnished,12778103,1278,646
1999,Built Area,Navi Mumbai,Unfurnished,12778068,1348,673
2011,Carpet Area,Mangalore,Furnished,12777983,1338,679
2016,Built Area,Gwalior,Furnished,12777819,1226,627
2007,Super Area,Jodhpur,Semi-Furnished,12777719,1328,661
1991,Built Area,Visakhapatnam,Furnished,12777623,1318,646
2007,Plot Area,Aurangabad,Furnished,12777596,1302,651
2006,Carpet Area,Delhi,Furnished,12777446,1289,657
1997,Super Area,Thane,Furnished,12777418,1349,658
2015,Plot Area,Ahmedabad,Unfurnished,12777217,1297,638
2009,Plot Area,Kanpur,Semi-Furnished,12777212,1311,668
2021,Super Area,Kalyan-Dombivli,Semi-Furnished,12777206,1288,656
2003,Super Area,Nagpur,Unfurnished,12777158,1300,655
1990,Built Area,Mysore,Semi-Furnished,12777052,1305,664
2000,Built Area,Nashik,Unfurnished,12776831,1297,664
1993,Carpet Area,Mumbai,Semi-Furnished,12776785,1341,672
1998,Plot Area,Surat,Furnished,12776741,1274,641
1992,Carpet Area,Patna,Furnished,12776534,1333,673
2012,Super Area,Agra,Furnished,12776261,1360,657
2004,Carpet Area,Noida,Semi-Furnished,12776133,1324,652
2003,Carpet Area,Ahmedabad,Furnished,12776123,1277,629
1991,Super Area,Noida,Semi-Furnished,12775975,1325,657
2021,Super Area,Patna,Furnished,12775957,1378,681
2006,Super Area,Jaipur,Unfurnished,12775938,1283,647
2016,Built Area,Bhopal,Furnished,12775832,1340,667
1994,Built Area,Pune,Semi-Furnished,12775777,1293,653
2005,Carpet Area,Aurangabad,Semi-Furnished,12775757,1311,659
2010,Super Area,Chandigarh,Unfurnished,12775748,1286,637
1991,Carpet Area,Vadodara,Unfurnished,12775667,1329,650
1992,Super Area,Mysore,Semi-Furnished,12775384,1247,625
2014,Carpet Area,Chennai,Unfurnished,12774985,1296,652
2008,Super Area,Bangalore,Semi-Furnished,12774849,1273,632
2021,Super Area,Kanpur,Furnished,12774666,1330,669
2000,Super Area,Faridabad,Semi-Furnished,12774664,1352,658
1997,Plot Area,Chandigarh,Unfurnished,12774647,1276,647
2010,Super Area,Aurangabad,Furnished,12774494,1244,621
2017,Super Area,Agra,Furnished,12774357,1359,668
2007,Super Area,Rajkot,Semi-Furnished,12774253,1324,676
1992,Super Area,Delhi,Unfurnished,12774200,1347,652
2002,Super Area,Kolkata,Furnished,12774115,1241,640
1997,Super Area,Lucknow,Semi-Furnished,12774086,1338,669
1990,Carpet Area,Ludhiana,Unfurnished,12773942,1280,637
2015,Carpet Area,Hyderabad,Furnished,12773870,1320,667
1994,Carpet Area,Kanpur,Furnished,12773803,1322,652
2017,Carpet Area,Ghaziabad,Semi-Furnished,12773787,1349,664
1992,Carpet Area,Noida,Semi-Furnished,12773613,1289,641
2009,Carpet Area,Faridabad,Furnished,12773139,1305,662
2020,Carpet Area,Kolkata,Semi-Furnished,12773033,1290,643
2020,Super Area,Nashik,Semi-Furnished,12772827,1303,651
2019,Built Area,Thane,Furnished,12772823,1336,667
1997,Plot Area,Surat,Unfurnished,12772690,1257,638
1992,Carpet Area,Rajkot,Unfurnished,12772546,1176,607
2019,Carpet Area,Indore,Semi-Furnished,12772482,1348,676
2012,Super Area,Nagpur,Furnished,12772453,1357,666
1991,Carpet Area,Surat,Furnished,12772452,1322,659
1990,Built Area,Aurangabad,Semi-Furnished,12772198,1352,677
2009,Carpet Area,Jaipur,Unfurnished,12771985,1319,649
1993,Plot Area,Meerut,Furnished,12771895,1266,640
1992,Plot Area,Pune,Unfurnished,12771894,1303,658
1997,Plot Area,Jaipur,Furnished,12771885,1329,655
2017,Carpet Area,Chennai,Furnished,12771784,1295,632
2000,Carpet Area,Bhopal,Unfurnished,12771759,1273,651
2021,Built Area,Meerut,Semi-Furnished,12771585,1290,631
1999,Built Area,Mangalore,Unfurnished,12771539,1272,632
1997,Carpet Area,Aurangabad,Unfurnished,12771535,1311,660
2021,Carpet Area,Kanpur,Furnished,12771390,1299,657
2005,Super Area,Kalyan-Dombivli,Furnished,12771359,1343,650
2006,Plot Area,Mumbai,Semi-Furnished,12771329,1331,663
2011,Super Area,Nagpur,Furnished,12771289,1290,656
1996,Super Area,Kanpur,Semi-Furnished,12770941,1304,648
2020,Built Area,Chandigarh,Unfurnished,12770751,1292,650
2001,Carpet Area,Gwalior,Semi-Furnished,12770588,1319,657
2003,Built Area,Bhopal,Semi-Furnished,12770547,1238,629
1991,Plot Area,Chennai,Unfurnished,12770487,1266,630
2019,Super Area,Ranchi,Unfurnished,12770439,1288,650
1997,Carpet Area,Hyderabad,Furnished,12770421,1317,644
2014,Carpet Area,Jaipur,Furnished,12770392,1254,630
1996,Carpet Area,Lucknow,Unfurnished,12770345,1311,656
1993,Carpet Area,Mumbai,Unfurnished,12770335,1336,665
2011,Super Area,Rajkot,Semi-Furnished,12770230,1368,672
2021,Built Area,Lucknow,Semi-Furnished,12769991,1267,645
2003,Super Area,Nagpur,Furnished,12769952,1261,640
1992,Plot Area,Chandigarh,Semi-Furnished,12769949,1276,639
2018,Super Area,Varanasi,Semi-Furnished,12769731,1335,662
2009,Built Area,Mumbai,Unfurnished,12769628,1273,657
2020,Plot Area,Kanpur,Semi-Furnished,12768829,1311,655
2012,Plot Area,Surat,Furnished,12768467,1349,661
1990,Super Area,Nagpur,Furnished,12768411,1176,604
1996,Built Area,Pune,Semi-Furnished,12768344,1287,655
2000,Plot Area,Jodhpur,Semi-Furnished,12768334,1287,631
1999,Built Area,Delhi,Semi-Furnished,12768197,1308,655
1996,Super Area,Patna,Unfurnished,12768168,1255,620
2015,Plot Area,Bhopal,Furnished,12768123,1288,638
1994,Super Area,Jaipur,Furnished,12767844,1294,661
1990,Carpet Area,Nagpur,Furnished,12767619,1318,654
1998,Super Area,Patna,Unfurnished,12767579,1317,657
2015,Plot Area,Noida,Semi-Furnished,12767527,1307,640
2019,Super Area,Meerut,Semi-Furnished,12767432,1321,657
2001,Super Area,Indore,Unfurnished,12767311,1339,672
2019,Super Area,Bangalore,Furnished,12767217,1272,654
2021,Built Area,Chennai,Furnished,12767099,1300,649
2007,Carpet Area,Kanpur,Semi-Furnished,12767078,1313,664
2012,Built Area,Aurangabad,Furnished,12767011,1323,664
1999,Plot Area,Mysore,Unfurnished,12766997,1320,656
2009,Super Area,Faridabad,Semi-Furnished,12766939,1391,680
2018,Carpet Area,Vadodara,Semi-Furnished,12766697,1332,663
2012,Built Area,Agra,Unfurnished,12766512,1265,629
2009,Carpet Area,Lucknow,Unfurnished,12766331,1394,701
1994,Plot Area,Agra,Furnished,12766318,1354,665
2011,Built Area,Coimbatore,Semi-Furnished,12766261,1265,628
2004,Built Area,Mysore,Unfurnished,12766204,1248,638
2011,Plot Area,Mangalore,Unfurnished,12766202,1377,676
1997,Plot Area,Surat,Furnished,12766180,1342,670
1997,Built Area,Lucknow,Unfurnished,12766117,1348,657
2012,Super Area,Kolkata,Unfurnished,12766103,1333,659
2007,Super Area,Amritsar,Furnished,12766080,1353,678
2020,Built Area,Vadodara,Semi-Furnished,12766059,1272,645
1990,Plot Area,Kalyan-Dombivli,Furnished,12765945,1326,670
1996,Plot Area,Navi Mumbai,Unfurnished,12765900,1250,622
2010,Carpet Area,Jaipur,Unfurnished,12765764,1316,644
1996,Built Area,Amritsar,Semi-Furnished,12765712,1312,657
2006,Built Area,Ranchi,Semi-Furnished,12765576,1354,669
2012,Super Area,Rajkot,Unfurnished,12765296,1288,647
1991,Plot Area,Faridabad,Unfurnished,12765278,1278,637
1990,Super Area,Ghaziabad,Semi-Furnished,12765230,1348,671
2005,Carpet Area,Rajkot,Semi-Furnished,12765113,1323,656
1990,Plot Area,Kanpur,Unfurnished,12765073,1279,649
2010,Plot Area,Vijayawada,Unfurnished,12765012,1345,663
1992,Built Area,Mangalore,Semi-Furnished,12764722,1302,645
2007,Built Area,Vadodara,Furnished,12764582,1311,666
1993,Plot Area,Ludhiana,Semi-Furnished,12764484,1389,691
2009,Super Area,Ludhiana,Unfurnished,12764465,1295,650
1997,Built Area,Nagpur,Semi-Furnished,12764357,1260,633
2020,Carpet Area,Amritsar,Semi-Furnished,12764235,1297,664
2003,Built Area,Meerut,Furnished,12764080,1343,668
1998,Carpet Area,Aurangabad,Furnished,12763903,1319,642
2012,Carpet Area,Nashik,Semi-Furnished,12763887,1362,687
2010,Plot Area,Kolkata,Unfurnished,12763766,1381,683
2020,Super Area,Ahmedabad,Unfurnished,12763564,1295,643
1991,Plot Area,Jodhpur,Semi-Furnished,12763539,1298,669
1992,Plot Area,Chandigarh,Furnished,12763508,1291,650
2021,Plot Area,Pune,Unfurnished,12763368,1299,653
2012,Built Area,Rajkot,Semi-Furnished,12763311,1328,655
2008,Plot Area,Gwalior,Unfurnished,12763104,1335,664
2006,Super Area,Indore,Furnished,12763013,1321,657
2006,Carpet Area,Chandigarh,Semi-Furnished,12762761,1323,641
2018,Super Area,Patna,Unfurnished,12762600,1340,665
2000,Super Area,Kolkata,Semi-Furnished,12762536,1390,682
2011,Carpet Area,Meerut,Unfurnished,12762512,1348,662
1997,Built Area,Hyderabad,Furnished,12762456,1332,666
2010,Plot Area,Nagpur,Furnished,12762367,1331,663
1992,Plot Area,Nagpur,Furnished,12762354,1230,636
2008,Built Area,Chennai,Semi-Furnished,12762217,1245,615
2004,Plot Area,Indore,Furnished,12762198,1274,638
1993,Super Area,Agra,Semi-Furnished,12762005,1209,613
2015,Plot Area,Coimbatore,Semi-Furnished,12761944,1301,668
2007,Carpet Area,Vadodara,Unfurnished,12761830,1288,641
2006,Plot Area,Noida,Furnished,12761805,1355,675
2011,Super Area,Chandigarh,Semi-Furnished,12761700,1299,643
2000,Built Area,Varanasi,Unfurnished,12761494,1310,655
1994,Built Area,Ghaziabad,Unfurnished,12761076,1246,631
1997,Carpet Area,Kolkata,Unfurnished,12760493,1352,667
2008,Carpet Area,Faridabad,Semi-Furnished,12760492,1285,644
1996,Super Area,Visakhapatnam,Semi-Furnished,12760486,1279,627
2001,Super Area,Thane,Unfurnished,12760395,1307,661
2001,Super Area,Surat,Unfurnished,12760371,1403,692
2008,Carpet Area,Gwalior,Semi-Furnished,12760360,1312,658
2011,Super Area,Delhi,Furnished,12760096,1320,657
2003,Carpet Area,Delhi,Semi-Furnished,12760055,1328,662
2012,Plot Area,Vadodara,Furnished,12759877,1319,664
2012,Plot Area,Jaipur,Unfurnished,12759851,1393,690
2009,Super Area,Chandigarh,Unfurnished,12759673,1374,695
2018,Super Area,Chennai,Semi-Furnished,12759634,1373,682
2008,Super Area,Meerut,Semi-Furnished,12759547,1347,662
1996,Plot Area,Mangalore,Semi-Furnished,12759479,1311,651
2017,Carpet Area,Varanasi,Semi-Furnished,12759305,1255,633
2002,Super Area,Rajkot,Semi-Furnished,12759300,1320,653
2006,Super Area,Coimbatore,Unfurnished,12759281,1313,662
1991,Built Area,Mumbai,Unfurnished,12759031,1318,648
1990,Carpet Area,Kolkata,Furnished,12758873,1320,668
2018,Carpet Area,Ludhiana,Furnished,12758763,1320,669
1997,Plot Area,Kolkata,Unfurnished,12758518,1338,666
2003,Built Area,Mumbai,Unfurnished,12758492,1335,664
2018,Plot Area,Varanasi,Unfurnished,12757932,1328,656
2000,Super Area,Kalyan-Dombivli,Furnished,12757895,1285,652
1996,Plot Area,Nagpur,Semi-Furnished,12757879,1290,650
2005,Plot Area,Visakhapatnam,Furnished,12757437,1280,649
1994,Plot Area,Ahmedabad,Furnished,12757331,1337,662
1994,Built Area,Amritsar,Semi-Furnished,12757177,1279,648
2010,Super Area,Jodhpur,Semi-Furnished,12757113,1235,626
2015,Plot Area,Pune,Unfurnished,12756898,1321,657
2012,Super Area,Hyderabad,Semi-Furnished,12756836,1356,682
2011,Carpet Area,Kanpur,Semi-Furnished,12756671,1302,649
2012,Super Area,Mangalore,Furnished,12756562,1342,659
2016,Plot Area,Delhi,Semi-Furnished,12756431,1287,649
2016,Built Area,Jaipur,Furnished,12756373,1276,642
2012,Built Area,Mangalore,Semi-Furnished,12756249,1294,647
2013,Built Area,Visakhapatnam,Semi-Furnished,12756158,1279,656
2015,Super Area,Mumbai,Unfurnished,12756123,1305,643
1997,Plot Area,Ludhiana,Unfurnished,12755981,1334,650
1990,Plot Area,Lucknow,Furnished,12755977,1333,653
1996,Plot Area,Faridabad,Semi-Furnished,12755891,1342,664
1995,Super Area,Surat,Semi-Furnished,12755664,1247,640
2002,Built Area,Nagpur,Furnished,12755545,1348,670
1991,Built Area,Chennai,Furnished,12755539,1306,645
2000,Super Area,Bhopal,Furnished,12755446,1264,638
2008,Built Area,Meerut,Furnished,12755444,1270,638
1997,Plot Area,Ranchi,Semi-Furnished,12755417,1311,640
2020,Built Area,Kalyan-Dombivli,Unfurnished,12755368,1265,640
2008,Super Area,Vadodara,Semi-Furnished,12755349,1258,634
2010,Built Area,Vadodara,Semi-Furnished,12755189,1284,630
2003,Super Area,Jodhpur,Unfurnished,12754953,1336,656
2000,Carpet Area,Coimbatore,Semi-Furnished,12754858,1350,666
2021,Carpet Area,Amritsar,Furnished,12754743,1302,662
2005,Carpet Area,Lucknow,Unfurnished,12754582,1338,659
1995,Carpet Area,Hyderabad,Furnished,12754426,1309,645
1991,Super Area,Surat,Unfurnished,12754301,1332,657
2011,Carpet Area,Surat,Semi-Furnished,12754299,1271,647
2021,Carpet Area,Rajkot,Unfurnished,12754217,1325,662
1990,Carpet Area,Kanpur,Semi-Furnished,12754057,1321,659
2000,Built Area,Delhi,Unfurnished,12754048,1291,643
1996,Super Area,Kolkata,Unfurnished,12753914,1325,666
1999,Carpet Area,Nagpur,Unfurnished,12753535,1243,631
2003,Plot Area,Rajkot,Unfurnished,12753411,1324,668
2005,Built Area,Ranchi,Semi-Furnished,12753254,1324,667
1992,Built Area,Patna,Semi-Furnished,12753051,1246,628
2009,Plot Area,Thane,Semi-Furnished,12753032,1339,666
2015,Carpet Area,Bhopal,Furnished,12752943,1279,636
2018,Plot Area,Delhi,Unfurnished,12752929,1302,645
2006,Plot Area,Patna,Unfurnished,12752783,1271,643
1994,Carpet Area,Navi Mumbai,Furnished,12752587,1320,674
2020,Carpet Area,Faridabad,Semi-Furnished,12752566,1357,688
2018,Super Area,Surat,Semi-Furnished,12752503,1296,633
2015,Built Area,Noida,Furnished,12752030,1288,644
1994,Carpet Area,Bangalore,Semi-Furnished,12752029,1290,655
2001,Carpet Area,Coimbatore,Semi-Furnished,12751130,1299,644
2018,Built Area,Kanpur,Semi-Furnished,12751041,1278,646
1996,Carpet Area,Vijayawada,Unfurnished,12751013,1358,670
2012,Built Area,Kanpur,Furnished,12750748,1297,662
2008,Plot Area,Coimbatore,Furnished,12750733,1298,661
2001,Super Area,Jaipur,Furnished,12750691,1313,658
2019,Plot Area,Varanasi,Unfurnished,12750573,1298,656
2010,Plot Area,Surat,Unfurnished,12750376,1300,666
2017,Carpet Area,Rajkot,Unfurnished,12750169,1297,652
2013,Carpet Area,Jodhpur,Unfurnished,12750159,1286,640
2006,Plot Area,Jaipur,Furnished,12750136,1288,642
1995,Plot Area,Noida,Semi-Furnished,12750040,1269,643
2004,Super Area,Meerut,Furnished,12749813,1310,665
2004,Super Area,Chandigarh,Unfurnished,12749338,1353,637
2012,Plot Area,Coimbatore,Furnished,12749315,1327,658
2006,Plot Area,Coimbatore,Semi-Furnished,12749164,1292,657
2016,Plot Area,Mangalore,Furnished,12749027,1377,672
1996,Super Area,Surat,Semi-Furnished,12748866,1309,651
1990,Super Area,Nagpur,Semi-Furnished,12748780,1273,645
1999,Carpet Area,Chennai,Furnished,12748607,1248,654
2014,Super Area,Indore,Semi-Furnished,12748244,1294,639
1996,Carpet Area,Kanpur,Semi-Furnished,12748240,1274,634
2011,Carpet Area,Noida,Furnished,12748161,1262,638
1998,Built Area,Mangalore,Unfurnished,12747882,1283,640
1992,Carpet Area,Chandigarh,Semi-Furnished,12747703,1278,635
2007,Built Area,Chennai,Unfurnished,12747620,1315,651
2002,Built Area,Surat,Unfurnished,12747617,1307,656
1998,Plot Area,Delhi,Furnished,12747479,1266,638
1999,Carpet Area,Agra,Semi-Furnished,12747421,1251,615
2019,Plot Area,Varanasi,Semi-Furnished,12747378,1331,664
1995,Plot Area,Nagpur,Semi-Furnished,12747353,1279,643
1999,Built Area,Indore,Semi-Furnished,12747244,1323,655
2018,Super Area,Aurangabad,Semi-Furnished,12747098,1302,654
2014,Carpet Area,Delhi,Furnished,12747075,1267,637
1996,Built Area,Navi Mumbai,Furnished,12747024,1310,656
2018,Built Area,Meerut,Furnished,12746950,1290,635
2018,Plot Area,Mysore,Furnished,12746852,1292,639
2005,Plot Area,Agra,Semi-Furnished,12746823,1362,670
2002,Plot Area,Rajkot,Unfurnished,12746800,1330,659
1997,Built Area,Chandigarh,Semi-Furnished,12746674,1363,683
2017,Super Area,Gwalior,Furnished,12746604,1287,645
1991,Carpet Area,Agra,Unfurnished,12746505,1256,628
2018,Carpet Area,Chandigarh,Semi-Furnished,12746245,1331,675
2001,Plot Area,Surat,Unfurnished,12745758,1279,641
2008,Built Area,Agra,Furnished,12745733,1294,642
2000,Super Area,Aurangabad,Unfurnished,12745421,1309,662
2014,Built Area,Surat,Unfurnished,12745212,1308,649
2003,Carpet Area,Nagpur,Unfurnished,12745105,1295,654
1999,Built Area,Bangalore,Furnished,12744982,1347,651
2006,Super Area,Hyderabad,Furnished,12744943,1308,650
2004,Plot Area,Coimbatore,Unfurnished,12744931,1247,631
2006,Plot Area,Ghaziabad,Furnished,12744859,1278,630
2018,Built Area,Gwalior,Unfurnished,12744799,1292,636
2007,Plot Area,Coimbatore,Unfurnished,12744672,1352,674
2002,Plot Area,Nagpur,Semi-Furnished,12744474,1290,664
1993,Carpet Area,Delhi,Semi-Furnished,12744377,1308,649
2017,Plot Area,Nashik,Unfurnished,12744288,1291,632
1999,Carpet Area,Delhi,Unfurnished,12744214,1329,663
2019,Super Area,Delhi,Unfurnished,12744109,1220,629
2004,Super Area,Nashik,Furnished,12744024,1285,663
1994,Carpet Area,Gwalior,Unfurnished,12743900,1227,617
1999,Plot Area,Kolkata,Furnished,12743832,1300,652
2018,Carpet Area,Amritsar,Furnished,12743204,1348,671
2011,Carpet Area,Rajkot,Furnished,12743184,1301,648
1997,Super Area,Mumbai,Furnished,12743165,1259,619
1994,Built Area,Mumbai,Semi-Furnished,12743142,1300,640
1994,Built Area,Gwalior,Furnished,12743028,1273,639
2003,Super Area,Surat,Semi-Furnished,12742903,1336,655
1993,Super Area,Kolkata,Semi-Furnished,12742819,1275,637
2019,Super Area,Surat,Semi-Furnished,12742769,1232,611
2000,Built Area,Navi Mumbai,Furnished,12742746,1311,655
1990,Carpet Area,Noida,Unfurnished,12742608,1309,657
2002,Carpet Area,Meerut,Unfurnished,12742607,1324,659
2019,Built Area,Visakhapatnam,Semi-Furnished,12742377,1280,634
2008,Carpet Area,Coimbatore,Unfurnished,12742010,1306,661
2007,Plot Area,Indore,Unfurnished,12741819,1225,628
2014,Plot Area,Bhopal,Furnished,12741726,1307,651
2017,Carpet Area,Ahmedabad,Semi-Furnished,12741535,1353,679
2020,Carpet Area,Mangalore,Furnished,12741456,1328,671
1990,Carpet Area,Ludhiana,Furnished,12741347,1339,674
2010,Plot Area,Pune,Unfurnished,12741216,1275,640
2019,Super Area,Jaipur,Furnished,12741209,1322,672
2001,Carpet Area,Chennai,Furnished,12741088,1316,651
1997,Super Area,Varanasi,Semi-Furnished,12741070,1304,648
2014,Plot Area,Thane,Semi-Furnished,12741004,1336,660
2003,Carpet Area,Mangalore,Furnished,12740932,1365,674
2005,Plot Area,Noida,Unfurnished,12740883,1326,660
2020,Built Area,Faridabad,Semi-Furnished,12740882,1327,647
2002,Super Area,Bhopal,Unfurnished,12740852,1297,642
2007,Plot Area,Noida,Furnished,12740796,1367,681
2011,Plot Area,Amritsar,Unfurnished,12740733,1339,667
2008,Built Area,Lucknow,Unfurnished,12740471,1304,652
2016,Plot Area,Mysore,Furnished,12740419,1221,609
2019,Carpet Area,Coimbatore,Furnished,12740390,1321,662
2018,Built Area,Lucknow,Unfurnished,12740357,1264,644
2020,Super Area,Meerut,Furnished,12740101,1295,650
2015,Super Area,Mumbai,Semi-Furnished,12740080,1238,637
1996,Super Area,Mumbai,Unfurnished,12739913,1372,682
1993,Carpet Area,Ahmedabad,Furnished,12739671,1290,650
2006,Super Area,Kanpur,Unfurnished,12739483,1348,648
2014,Carpet Area,Faridabad,Furnished,12739458,1316,656
2011,Built Area,Jaipur,Unfurnished,12739356,1304,660
2001,Super Area,Bhopal,Furnished,12739150,1289,657
1992,Built Area,Kanpur,Furnished,12739043,1360,665
2001,Plot Area,Thane,Semi-Furnished,12738936,1262,628
1993,Built Area,Kanpur,Furnished,12738429,1315,658
1998,Plot Area,Indore,Semi-Furnished,12738428,1332,662
2017,Super Area,Ahmedabad,Furnished,12738418,1272,650
2020,Plot Area,Faridabad,Furnished,12738220,1352,655
2002,Super Area,Meerut,Unfurnished,12737977,1267,654
2018,Super Area,Ludhiana,Semi-Furnished,12737931,1298,668
1995,Built Area,Jaipur,Semi-Furnished,12737877,1246,627
1990,Carpet Area,Bhopal,Unfurnished,12737832,1330,654
1999,Carpet Area,Thane,Semi-Furnished,12737524,1283,655
2013,Built Area,Rajkot,Unfurnished,12737413,1268,634
1997,Super Area,Hyderabad,Furnished,12737411,1324,655
2006,Plot Area,Meerut,Furnished,12737372,1334,681
2017,Built Area,Visakhapatnam,Furnished,12737301,1281,652
2012,Super Area,Chandigarh,Unfurnished,12737279,1267,629
2008,Built Area,Surat,Semi-Furnished,12737236,1375,665
2004,Carpet Area,Mangalore,Semi-Furnished,12736870,1345,661
1995,Super Area,Meerut,Furnished,12736856,1211,616
2021,Built Area,Hyderabad,Semi-Furnished,12736815,1289,643
2006,Super Area,Ranchi,Semi-Furnished,12736760,1277,639
2014,Carpet Area,Coimbatore,Semi-Furnished,12736689,1257,633
1990,Carpet Area,Chandigarh,Unfurnished,12736544,1311,644
1990,Plot Area,Chandigarh,Furnished,12736303,1284,641
1994,Plot Area,Bangalore,Semi-Furnished,12735909,1260,635
2012,Carpet Area,Faridabad,Furnished,12735642,1289,647
2019,Super Area,Jodhpur,Unfurnished,12735549,1258,636
2015,Super Area,Faridabad,Semi-Furnished,12735257,1357,662
2007,Super Area,Thane,Unfurnished,12735130,1291,638
1997,Super Area,Navi Mumbai,Furnished,12735121,1284,643
2014,Built Area,Agra,Semi-Furnished,12735113,1374,683
2010,Plot Area,Thane,Semi-Furnished,12735113,1292,642
2009,Built Area,Kanpur,Semi-Furnished,12734754,1258,636
2018,Super Area,Vijayawada,Semi-Furnished,12734695,1332,669
2012,Plot Area,Chennai,Unfurnished,12734640,1262,645
2004,Super Area,Kalyan-Dombivli,Furnished,12734588,1304,649
2014,Super Area,Agra,Furnished,12734587,1267,637
2012,Built Area,Mysore,Furnished,12734581,1306,647
2011,Super Area,Bhopal,Unfurnished,12734311,1312,650
2008,Plot Area,Ludhiana,Furnished,12734064,1320,639
2002,Plot Area,Pune,Semi-Furnished,12734062,1227,629
2001,Carpet Area,Faridabad,Semi-Furnished,12734044,1272,635
1993,Super Area,Thane,Unfurnished,12733639,1363,659
2009,Carpet Area,Jodhpur,Unfurnished,12733400,1349,681
1995,Carpet Area,Lucknow,Unfurnished,12733284,1344,674
2019,Super Area,Bangalore,Semi-Furnished,12733262,1253,635
2010,Carpet Area,Chandigarh,Furnished,12733249,1291,652
1999,Super Area,Mangalore,Unfurnished,12733209,1316,642
1994,Built Area,Chennai,Furnished,12733140,1281,641
2006,Carpet Area,Ranchi,Semi-Furnished,12732973,1320,660
2013,Carpet Area,Thane,Unfurnished,12732868,1334,651
2005,Plot Area,Hyderabad,Unfurnished,12732693,1284,631
2021,Plot Area,Ludhiana,Unfurnished,12732493,1361,671
2017,Carpet Area,Ranchi,Unfurnished,12732431,1283,628
1995,Super Area,Noida,Unfurnished,12732345,1339,666
2009,Super Area,Gwalior,Unfurnished,12732326,1271,639
1993,Plot Area,Varanasi,Semi-Furnished,12732324,1308,667
2003,Plot Area,Nashik,Furnished,12732235,1239,624
1995,Carpet Area,Varanasi,Unfurnished,12732188,1343,674
1997,Super Area,Kalyan-Dombivli,Furnished,12731981,1308,662
1996,Super Area,Visakhapatnam,Unfurnished,12731963,1313,648
2001,Plot Area,Chennai,Unfurnished,12731867,1278,640
1997,Built Area,Coimbatore,Furnished,12731862,1308,658
2006,Plot Area,Hyderabad,Furnished,12731536,1364,669
2021,Built Area,Gwalior,Semi-Furnished,12731496,1312,657
2013,Built Area,Meerut,Furnished,12731277,1344,682
2012,Carpet Area,Kolkata,Furnished,12731264,1285,640
2018,Carpet Area,Bangalore,Semi-Furnished,12731236,1321,660
1994,Carpet Area,Jodhpur,Semi-Furnished,12731082,1329,660
1994,Built Area,Agra,Semi-Furnished,12731064,1356,664
2020,Plot Area,Vijayawada,Unfurnished,12731010,1324,652
2020,Built Area,Chennai,Furnished,12730864,1275,652
1995,Built Area,Amritsar,Unfurnished,12730755,1302,647
2010,Super Area,Thane,Furnished,12730709,1310,647
1990,Super Area,Visakhapatnam,Semi-Furnished,12730643,1325,652
2002,Super Area,Hyderabad,Semi-Furnished,12730489,1297,660
2011,Plot Area,Kalyan-Dombivli,Semi-Furnished,12730398,1299,669
2020,Super Area,Mangalore,Unfurnished,12730390,1293,659
2000,Plot Area,Hyderabad,Unfurnished,12730341,1288,641
2009,Built Area,Ghaziabad,Semi-Furnished,12730323,1272,639
1994,Carpet Area,Mumbai,Unfurnished,12730317,1360,649
2020,Super Area,Noida,Semi-Furnished,12730253,1293,662
2015,Carpet Area,Bhopal,Unfurnished,12730239,1293,646
2004,Carpet Area,Surat,Unfurnished,12730042,1258,628
1995,Carpet Area,Thane,Furnished,12729975,1334,657
2003,Super Area,Bangalore,Furnished,12729832,1303,666
2019,Plot Area,Surat,Semi-Furnished,12729812,1352,665
2018,Plot Area,Nashik,Furnished,12729770,1302,652
2021,Carpet Area,Ahmedabad,Semi-Furnished,12729645,1279,635
2019,Super Area,Vadodara,Furnished,12729528,1282,641
1990,Built Area,Noida,Unfurnished,12729251,1335,666
1992,Built Area,Aurangabad,Furnished,12729164,1325,648
1993,Built Area,Faridabad,Furnished,12729129,1300,655
1998,Carpet Area,Kolkata,Unfurnished,12728989,1296,658
2009,Super Area,Kanpur,Unfurnished,12728928,1351,668
1998,Super Area,Meerut,Semi-Furnished,12728879,1352,666
1994,Plot Area,Thane,Semi-Furnished,12728829,1263,629
2008,Built Area,Bhopal,Semi-Furnished,12728749,1279,650
2010,Carpet Area,Surat,Semi-Furnished,12728649,1278,634
2000,Super Area,Ahmedabad,Furnished,12728633,1309,651
1991,Carpet Area,Varanasi,Unfurnished,12728582,1281,654
2012,Built Area,Varanasi,Semi-Furnished,12728511,1324,654
2013,Plot Area,Nagpur,Semi-Furnished,12728468,1294,662
1996,Plot Area,Kolkata,Unfurnished,12728437,1316,646
2013,Super Area,Rajkot,Unfurnished,12728308,1319,651
2009,Built Area,Kalyan-Dombivli,Furnished,12728250,1316,663
2018,Super Area,Kolkata,Unfurnished,12728135,1288,642
2015,Carpet Area,Agra,Furnished,12728005,1281,648
2010,Super Area,Kolkata,Semi-Furnished,12727917,1274,652
1998,Super Area,Mangalore,Unfurnished,12727902,1341,654
1999,Plot Area,Faridabad,Unfurnished,12727835,1310,650
2004,Super Area,Varanasi,Semi-Furnished,12727617,1370,669
1994,Carpet Area,Vijayawada,Furnished,12727578,1284,645
1993,Super Area,Kolkata,Unfurnished,12727411,1303,664
2008,Carpet Area,Pune,Furnished,12727280,1339,659
1997,Super Area,Vijayawada,Semi-Furnished,12726946,1313,646
1994,Plot Area,Amritsar,Semi-Furnished,12726857,1304,655
2013,Super Area,Thane,Furnished,12726612,1279,639
2003,Super Area,Bangalore,Semi-Furnished,12726461,1271,654
2018,Super Area,Nashik,Unfurnished,12726443,1243,635
2013,Built Area,Ghaziabad,Furnished,12726204,1199,626
2018,Plot Area,Chennai,Unfurnished,12726201,1318,664
2007,Super Area,Patna,Furnished,12725958,1354,668
1993,Built Area,Coimbatore,Furnished,12725745,1366,671
2009,Plot Area,Varanasi,Unfurnished,12725618,1394,679
1998,Plot Area,Navi Mumbai,Furnished,12725417,1334,656
2015,Carpet Area,Vijayawada,Unfurnished,12725357,1262,633
1995,Carpet Area,Jaipur,Unfurnished,12725355,1317,669
2012,Carpet Area,Indore,Unfurnished,12725294,1306,662
2009,Carpet Area,Nashik,Unfurnished,12725235,1266,640
2014,Built Area,Ghaziabad,Furnished,12725153,1332,651
1999,Plot Area,Gwalior,Unfurnished,12725151,1350,674
1999,Carpet Area,Indore,Semi-Furnished,12725134,1347,668
2001,Plot Area,Gwalior,Furnished,12724800,1330,672
2016,Carpet Area,Chandigarh,Furnished,12724561,1332,652
1993,Plot Area,Mysore,Semi-Furnished,12724488,1281,645
1997,Built Area,Chandigarh,Furnished,12724425,1213,614
2008,Built Area,Chandigarh,Furnished,12724423,1256,646
2010,Super Area,Agra,Semi-Furnished,12724420,1341,672
2002,Carpet Area,Jodhpur,Unfurnished,12724347,1350,678
1993,Super Area,Meerut,Semi-Furnished,12724263,1326,660
2020,Carpet Area,Nashik,Semi-Furnished,12724240,1311,663
1997,Super Area,Patna,Furnished,12724167,1346,667
2003,Plot Area,Patna,Semi-Furnished,12724015,1297,638
2011,Super Area,Vijayawada,Semi-Furnished,12723984,1277,647
2021,Super Area,Mangalore,Semi-Furnished,12723952,1272,646
2001,Plot Area,Ahmedabad,Furnished,12723856,1367,683
2015,Built Area,Kalyan-Dombivli,Semi-Furnished,12723803,1265,645
2004,Super Area,Chennai,Unfurnished,12723615,1214,613
2003,Built Area,Pune,Furnished,12723612,1275,653
2021,Super Area,Hyderabad,Furnished,12723588,1328,662
2012,Carpet Area,Thane,Unfurnished,12723530,1305,647
1990,Carpet Area,Mangalore,Unfurnished,12723507,1222,621
2012,Super Area,Mysore,Unfurnished,12723444,1334,666
2020,Built Area,Faridabad,Furnished,12723365,1288,651
2015,Plot Area,Vadodara,Semi-Furnished,12723171,1319,658
1999,Built Area,Lucknow,Unfurnished,12722836,1271,639
2002,Carpet Area,Mumbai,Unfurnished,12722824,1243,634
1996,Carpet Area,Jaipur,Unfurnished,12722780,1268,638
2003,Plot Area,Nagpur,Unfurnished,12722731,1401,681
2009,Super Area,Bhopal,Furnished,12722711,1329,660
2016,Plot Area,Ludhiana,Semi-Furnished,12722603,1273,632
2008,Built Area,Rajkot,Unfurnished,12722538,1256,634
2001,Carpet Area,Ranchi,Semi-Furnished,12722510,1319,656
2002,Plot Area,Mangalore,Furnished,12722366,1306,656
2000,Super Area,Visakhapatnam,Unfurnished,12722347,1291,652
2009,Plot Area,Vijayawada,Semi-Furnished,12721971,1281,639
1995,Super Area,Thane,Furnished,12721937,1278,640
2003,Plot Area,Faridabad,Furnished,12721893,1299,653
1997,Super Area,Rajkot,Furnished,12721887,1296,638
2005,Plot Area,Chennai,Furnished,12721883,1300,661
2001,Super Area,Nashik,Furnished,12721803,1271,665
1999,Super Area,Bhopal,Furnished,12721648,1186,609
2007,Built Area,Ranchi,Unfurnished,12721518,1330,652
2000,Built Area,Lucknow,Unfurnished,12721446,1256,642
2002,Carpet Area,Noida,Semi-Furnished,12721287,1327,662
1998,Super Area,Jaipur,Furnished,12720845,1339,657
2008,Super Area,Bangalore,Furnished,12720819,1365,682
2008,Plot Area,Ghaziabad,Unfurnished,12720641,1236,622
1994,Carpet Area,Kalyan-Dombivli,Semi-Furnished,12720187,1273,633
2008,Super Area,Indore,Semi-Furnished,12720155,1289,642
2009,Super Area,Amritsar,Unfurnished,12720152,1358,665
1995,Super Area,Pune,Furnished,12719983,1298,648
2005,Plot Area,Varanasi,Furnished,12719972,1300,656
2017,Plot Area,Thane,Semi-Furnished,12719900,1287,652
2004,Built Area,Bangalore,Unfurnished,12719801,1310,650
1990,Built Area,Delhi,Furnished,12719644,1315,660
1990,Super Area,Mysore,Furnished,12719632,1277,649
2020,Plot Area,Patna,Semi-Furnished,12719473,1364,671
2015,Super Area,Aurangabad,Unfurnished,12719234,1268,636
2017,Super Area,Lucknow,Furnished,12718849,1331,662
2005,Super Area,Rajkot,Furnished,12718795,1292,658
2006,Built Area,Vadodara,Semi-Furnished,12718778,1355,666
1993,Plot Area,Jodhpur,Furnished,12718672,1318,632
1996,Super Area,Lucknow,Semi-Furnished,12718658,1291,648
1994,Super Area,Indore,Unfurnished,12718470,1299,635
1997,Super Area,Mangalore,Semi-Furnished,12718253,1285,648
2002,Built Area,Ghaziabad,Furnished,12718221,1318,663
2016,Plot Area,Rajkot,Unfurnished,12718074,1300,642
1994,Carpet Area,Chennai,Semi-Furnished,12717547,1354,671
1995,Built Area,Patna,Furnished,12717012,1240,626
2002,Plot Area,Patna,Furnished,12716960,1266,631
1990,Plot Area,Gwalior,Furnished,12716897,1272,641
2014,Carpet Area,Aurangabad,Semi-Furnished,12716893,1236,619
2009,Plot Area,Meerut,Semi-Furnished,12716794,1311,652
2021,Carpet Area,Faridabad,Semi-Furnished,12716714,1350,669
1999,Built Area,Noida,Unfurnished,12716550,1315,669
2000,Plot Area,Coimbatore,Furnished,12716548,1301,670
2014,Super Area,Jaipur,Semi-Furnished,12716470,1306,655
1993,Carpet Area,Vijayawada,Unfurnished,12716306,1265,631
2010,Carpet Area,Patna,Semi-Furnished,12716265,1286,653
2010,Plot Area,Bhopal,Semi-Furnished,12716106,1299,659
2019,Plot Area,Vadodara,Unfurnished,12716057,1334,686
2003,Plot Area,Jaipur,Furnished,12716051,1327,657
1997,Plot Area,Navi Mumbai,Furnished,12716022,1359,678
1994,Super Area,Faridabad,Semi-Furnished,12716008,1308,653
2018,Carpet Area,Mangalore,Unfurnished,12715928,1260,623
1994,Carpet Area,Jodhpur,Furnished,12715884,1356,667
2018,Super Area,Kolkata,Semi-Furnished,12715861,1343,663
2004,Carpet Area,Bhopal,Semi-Furnished,12715702,1291,643
2018,Built Area,Chandigarh,Unfurnished,12715654,1312,661
1992,Built Area,Rajkot,Furnished,12715645,1333,663
1994,Built Area,Mysore,Unfurnished,12715297,1270,647
2018,Built Area,Nashik,Furnished,12715238,1323,653
2010,Super Area,Jodhpur,Unfurnished,12715030,1305,636
1991,Carpet Area,Gwalior,Furnished,12714982,1320,664
2015,Plot Area,Faridabad,Furnished,12714941,1268,652
2019,Plot Area,Ludhiana,Furnished,12714909,1288,635
2021,Built Area,Surat,Unfurnished,12714899,1257,627
2020,Carpet Area,Meerut,Unfurnished,12714843,1310,639
2007,Built Area,Rajkot,Unfurnished,12714636,1262,642
2002,Carpet Area,Visakhapatnam,Semi-Furnished,12714626,1240,631
2012,Plot Area,Indore,Semi-Furnished,12714623,1316,653
1998,Carpet Area,Patna,Unfurnished,12714560,1287,637
2004,Carpet Area,Chennai,Semi-Furnished,12714534,1317,660
2016,Super Area,Pune,Semi-Furnished,12714526,1283,645
2014,Super Area,Mumbai,Unfurnished,12714257,1296,646
2014,Plot Area,Bhopal,Unfurnished,12714198,1245,638
2011,Built Area,Patna,Semi-Furnished,12714139,1274,634
1990,Plot Area,Thane,Unfurnished,12714124,1270,631
1993,Carpet Area,Vijayawada,Semi-Furnished,12714109,1279,634
2000,Plot Area,Ranchi,Semi-Furnished,12714049,1318,668
2015,Carpet Area,Thane,Semi-Furnished,12713920,1292,640
1994,Super Area,Agra,Furnished,12713869,1345,652
2001,Carpet Area,Nagpur,Semi-Furnished,12713506,1265,652
2012,Carpet Area,Mangalore,Semi-Furnished,12713435,1312,654
2009,Built Area,Jodhpur,Semi-Furnished,12713417,1267,624
2020,Plot Area,Ghaziabad,Unfurnished,12713400,1241,618
2018,Built Area,Meerut,Semi-Furnished,12713377,1315,637
2007,Carpet Area,Gwalior,Semi-Furnished,12713234,1258,618
1990,Super Area,Lucknow,Unfurnished,12712944,1309,651
2010,Plot Area,Kalyan-Dombivli,Unfurnished,12712778,1219,629
1999,Plot Area,Vijayawada,Semi-Furnished,12712718,1324,670
2009,Built Area,Jaipur,Unfurnished,12712699,1276,629
2010,Super Area,Ghaziabad,Furnished,12712690,1244,624
1997,Super Area,Visakhapatnam,Semi-Furnished,12712479,1325,652
2020,Built Area,Pune,Semi-Furnished,12712461,1325,662
2008,Carpet Area,Visakhapatnam,Unfurnished,12712091,1344,680
1994,Carpet Area,Noida,Semi-Furnished,12711965,1317,663
2013,Built Area,Agra,Furnished,12711911,1207,621
2014,Built Area,Navi Mumbai,Unfurnished,12711830,1265,642
1996,Plot Area,Meerut,Furnished,12711783,1290,656
2004,Carpet Area,Surat,Furnished,12711718,1291,651
1990,Built Area,Surat,Furnished,12711628,1330,659
1992,Carpet Area,Agra,Unfurnished,12711458,1356,656
2002,Built Area,Lucknow,Unfurnished,12711387,1275,634
1992,Carpet Area,Bangalore,Furnished,12711377,1386,693
2000,Plot Area,Mangalore,Furnished,12711255,1281,642
2002,Super Area,Mysore,Unfurnished,12710999,1325,662
2012,Super Area,Mysore,Semi-Furnished,12710983,1285,637
2021,Built Area,Aurangabad,Semi-Furnished,12710970,1329,650
1998,Super Area,Noida,Unfurnished,12710826,1277,640
1996,Super Area,Aurangabad,Semi-Furnished,12710776,1254,626
2018,Super Area,Noida,Furnished,12710487,1321,662
2007,Plot Area,Lucknow,Semi-Furnished,12710373,1305,646
2001,Carpet Area,Rajkot,Unfurnished,12710301,1252,622
2010,Carpet Area,Bangalore,Furnished,12710246,1305,661
2017,Built Area,Navi Mumbai,Furnished,12709970,1274,640
2012,Built Area,Bhopal,Semi-Furnished,12709948,1293,633
2014,Plot Area,Faridabad,Unfurnished,12709758,1328,657
2011,Carpet Area,Thane,Furnished,12709697,1269,630
2000,Plot Area,Bhopal,Semi-Furnished,12709569,1361,677
2018,Built Area,Gwalior,Semi-Furnished,12709354,1327,665
2021,Plot Area,Navi Mumbai,Furnished,12709105,1304,638
1997,Built Area,Kolkata,Semi-Furnished,12708939,1273,645
2021,Carpet Area,Rajkot,Semi-Furnished,12708882,1240,634
1993,Plot Area,Gwalior,Furnished,12708795,1372,681
1990,Plot Area,Coimbatore,Furnished,12708644,1366,684
2010,Carpet Area,Indore,Furnished,12708643,1348,673
1999,Built Area,Aurangabad,Semi-Furnished,12708474,1311,657
1999,Plot Area,Hyderabad,Furnished,12708438,1312,646
2020,Super Area,Surat,Semi-Furnished,12708226,1318,662
2006,Plot Area,Rajkot,Unfurnished,12708191,1280,634
2003,Carpet Area,Mysore,Furnished,12708123,1316,642
1994,Carpet Area,Ahmedabad,Semi-Furnished,12707918,1291,651
2020,Super Area,Pune,Unfurnished,12707917,1348,663
2008,Plot Area,Amritsar,Unfurnished,12707907,1387,689
1997,Built Area,Bhopal,Unfurnished,12707880,1311,645
1998,Plot Area,Amritsar,Unfurnished,12707759,1287,654
1995,Super Area,Kalyan-Dombivli,Unfurnished,12707423,1291,651
2018,Plot Area,Nashik,Semi-Furnished,12707352,1336,669
2021,Super Area,Chennai,Furnished,12707221,1307,657
2016,Plot Area,Jodhpur,Unfurnished,12707168,1344,663
1999,Plot Area,Ludhiana,Unfurnished,12707013,1292,640
2021,Carpet Area,Navi Mumbai,Semi-Furnished,12706949,1305,656
2018,Built Area,Nashik,Semi-Furnished,12706799,1288,645
2013,Super Area,Ahmedabad,Furnished,12706782,1279,644
2017,Super Area,Chandigarh,Unfurnished,12706705,1296,658
1999,Plot Area,Noida,Unfurnished,12706466,1279,658
1995,Built Area,Bhopal,Furnished,12706432,1304,650
1996,Plot Area,Visakhapatnam,Semi-Furnished,12706415,1311,657
2010,Built Area,Navi Mumbai,Unfurnished,12706243,1313,652
2003,Plot Area,Meerut,Furnished,12706007,1365,667
2017,Super Area,Jaipur,Semi-Furnished,12706005,1362,673
2005,Super Area,Faridabad,Furnished,12705978,1345,658
1993,Plot Area,Mumbai,Furnished,12705848,1335,675
2011,Built Area,Meerut,Unfurnished,12705740,1368,673
2013,Built Area,Chandigarh,Furnished,12705536,1247,626
1991,Plot Area,Navi Mumbai,Furnished,12705516,1311,660
2010,Super Area,Ahmedabad,Furnished,12705398,1315,662
2009,Super Area,Delhi,Furnished,12705153,1290,668
1996,Plot Area,Pune,Furnished,12705063,1297,657
2019,Super Area,Faridabad,Semi-Furnished,12705020,1315,665
2008,Carpet Area,Nashik,Furnished,12704647,1280,632
2000,Carpet Area,Meerut,Furnished,12704591,1276,638
2004,Plot Area,Lucknow,Furnished,12704336,1264,635
2002,Super Area,Mysore,Semi-Furnished,12704254,1289,651
2007,Built Area,Aurangabad,Semi-Furnished,12704169,1258,637
2019,Carpet Area,Nashik,Semi-Furnished,12704153,1362,662
2014,Carpet Area,Indore,Semi-Furnished,12704096,1372,655
2003,Plot Area,Pune,Furnished,12704072,1307,659
2014,Carpet Area,Aurangabad,Furnished,12704047,1369,676
2006,Built Area,Bhopal,Unfurnished,12703829,1282,644
2007,Built Area,Thane,Unfurnished,12703826,1295,651
2017,Carpet Area,Nagpur,Unfurnished,12703719,1377,672
1996,Built Area,Surat,Semi-Furnished,12703670,1293,656
2010,Carpet Area,Nagpur,Semi-Furnished,12703608,1339,650
2019,Carpet Area,Meerut,Furnished,12703527,1244,621
2019,Built Area,Thane,Semi-Furnished,12703066,1255,645
1995,Built Area,Pune,Unfurnished,12702954,1308,635
2004,Super Area,Vadodara,Semi-Furnished,12702373,1267,634
2000,Plot Area,Kalyan-Dombivli,Unfurnished,12702106,1255,642
1992,Carpet Area,Kolkata,Furnished,12701917,1305,663
2020,Carpet Area,Mysore,Furnished,12701792,1221,619
2019,Super Area,Jodhpur,Furnished,12701669,1334,652
2010,Plot Area,Meerut,Semi-Furnished,12701639,1267,635
1997,Super Area,Amritsar,Semi-Furnished,12701600,1306,647
2002,Plot Area,Surat,Semi-Furnished,12701595,1366,667
2011,Plot Area,Ludhiana,Furnished,12701587,1274,655
2016,Built Area,Gwalior,Semi-Furnished,12701451,1289,630
1992,Carpet Area,Delhi,Furnished,12701405,1317,651
1995,Built Area,Mangalore,Unfurnished,12701388,1346,669
2014,Built Area,Gwalior,Semi-Furnished,12701305,1286,642
2011,Super Area,Aurangabad,Semi-Furnished,12701302,1218,612
2001,Carpet Area,Jodhpur,Furnished,12701300,1271,636
2001,Super Area,Rajkot,Semi-Furnished,12701276,1272,635
1992,Built Area,Varanasi,Semi-Furnished,12701115,1296,649
1991,Super Area,Nagpur,Semi-Furnished,12701086,1333,654
1999,Carpet Area,Bangalore,Furnished,12700744,1278,624
2004,Super Area,Thane,Unfurnished,12700700,1339,668
2002,Built Area,Ludhiana,Unfurnished,12700363,1247,618
2007,Super Area,Hyderabad,Unfurnished,12700313,1211,623
2013,Plot Area,Delhi,Furnished,12700176,1264,643
2017,Plot Area,Jodhpur,Furnished,12699929,1312,667
2013,Carpet Area,Navi Mumbai,Semi-Furnished,12699838,1259,643
2004,Built Area,Gwalior,Semi-Furnished,12699837,1259,625
2007,Plot Area,Bangalore,Unfurnished,12699448,1315,654
1991,Super Area,Mumbai,Furnished,12699379,1305,656
2006,Built Area,Mangalore,Semi-Furnished,12699311,1344,663
2005,Plot Area,Mumbai,Unfurnished,12699300,1293,640
2019,Carpet Area,Nagpur,Semi-Furnished,12699244,1292,642
1990,Built Area,Jodhpur,Unfurnished,12699235,1311,642
1991,Super Area,Chandigarh,Unfurnished,12699156,1264,640
2018,Plot Area,Nagpur,Unfurnished,12699123,1282,663
2002,Plot Area,Hyderabad,Semi-Furnished,12698675,1213,631
2008,Built Area,Chandigarh,Unfurnished,12698633,1361,661
2016,Carpet Area,Jodhpur,Unfurnished,12698608,1249,640
2010,Built Area,Rajkot,Semi-Furnished,12698396,1311,649
1992,Carpet Area,Jaipur,Furnished,12698338,1292,630
2020,Plot Area,Jaipur,Semi-Furnished,12698306,1272,633
1997,Super Area,Ahmedabad,Unfurnished,12698295,1329,665
2014,Super Area,Pune,Semi-Furnished,12698159,1264,620
2002,Plot Area,Bangalore,Unfurnished,12698100,1343,657
1996,Carpet Area,Vadodara,Furnished,12698005,1364,684
1998,Super Area,Bhopal,Semi-Furnished,12697933,1355,667
2015,Plot Area,Indore,Furnished,12697859,1232,650
2014,Super Area,Nashik,Semi-Furnished,12697839,1271,636
1999,Carpet Area,Ranchi,Semi-Furnished,12697835,1324,650
2009,Plot Area,Nashik,Unfurnished,12697636,1321,643
2005,Plot Area,Bhopal,Furnished,12697576,1299,635
2014,Super Area,Kanpur,Unfurnished,12697550,1316,643
2012,Built Area,Bangalore,Furnished,12696943,1278,636
2013,Carpet Area,Thane,Furnished,12696885,1312,660
1991,Plot Area,Varanasi,Semi-Furnished,12696830,1309,661
2007,Plot Area,Kalyan-Dombivli,Furnished,12696695,1291,647
2000,Built Area,Bhopal,Furnished,12696639,1216,638
2004,Carpet Area,Bangalore,Unfurnished,12696522,1354,665
2008,Built Area,Thane,Semi-Furnished,12696298,1276,625
2009,Carpet Area,Mysore,Semi-Furnished,12696293,1269,627
2014,Built Area,Rajkot,Semi-Furnished,12696061,1335,678
2013,Plot Area,Kanpur,Semi-Furnished,12696000,1306,649
2008,Built Area,Ranchi,Unfurnished,12695864,1307,655
2001,Plot Area,Gwalior,Unfurnished,12695652,1311,637
1990,Plot Area,Delhi,Semi-Furnished,12695570,1319,645
1990,Plot Area,Nagpur,Semi-Furnished,12695550,1271,652
2020,Plot Area,Gwalior,Unfurnished,12695467,1270,637
2010,Super Area,Varanasi,Unfurnished,12695416,1307,654
2007,Carpet Area,Vadodara,Semi-Furnished,12695386,1340,668
1998,Built Area,Patna,Semi-Furnished,12695220,1313,659
2001,Plot Area,Noida,Semi-Furnished,12695157,1296,661
2009,Carpet Area,Ludhiana,Furnished,12695019,1292,652
2012,Built Area,Bangalore,Unfurnished,12694851,1324,650
2018,Plot Area,Kolkata,Unfurnished,12694823,1305,649
2009,Plot Area,Mangalore,Furnished,12694488,1354,667
2018,Carpet Area,Nagpur,Furnished,12693904,1341,664
2001,Carpet Area,Coimbatore,Unfurnished,12693843,1335,661
1998,Carpet Area,Chennai,Furnished,12693824,1316,657
1993,Built Area,Kolkata,Furnished,12693787,1322,659
2019,Built Area,Gwalior,Unfurnished,12693768,1284,645
2011,Carpet Area,Patna,Furnished,12693663,1304,671
2018,Plot Area,Mumbai,Semi-Furnished,12693585,1383,667
2009,Carpet Area,Bhopal,Semi-Furnished,12693578,1292,644
1990,Carpet Area,Ahmedabad,Unfurnished,12693519,1315,658
2005,Super Area,Jaipur,Furnished,12693515,1341,659
2006,Built Area,Ranchi,Furnished,12693509,1285,652
2020,Built Area,Noida,Semi-Furnished,12693152,1287,653
2009,Super Area,Nashik,Semi-Furnished,12693075,1318,652
2016,Plot Area,Ahmedabad,Furnished,12692990,1281,640
2013,Carpet Area,Rajkot,Unfurnished,12692976,1275,633
2004,Built Area,Aurangabad,Furnished,12692954,1304,650
2012,Plot Area,Noida,Furnished,12692919,1278,648
2010,Built Area,Jaipur,Furnished,12692899,1295,645
2002,Plot Area,Kalyan-Dombivli,Semi-Furnished,12692888,1216,625
2001,Carpet Area,Kalyan-Dombivli,Unfurnished,12692835,1349,663
2002,Plot Area,Faridabad,Semi-Furnished,12692573,1337,664
1994,Plot Area,Noida,Unfurnished,12692508,1312,644
2005,Built Area,Ahmedabad,Unfurnished,12692502,1341,670
2010,Super Area,Pune,Furnished,12692106,1243,621
2020,Built Area,Delhi,Furnished,12692068,1315,649
2017,Plot Area,Mangalore,Semi-Furnished,12691977,1286,644
1998,Plot Area,Chennai,Furnished,12691913,1314,653
2004,Carpet Area,Jaipur,Semi-Furnished,12691634,1305,650
2013,Super Area,Agra,Semi-Furnished,12691328,1343,666
2010,Plot Area,Thane,Unfurnished,12691216,1375,667
2005,Super Area,Delhi,Unfurnished,12691159,1297,650
2021,Built Area,Nashik,Unfurnished,12691081,1344,660
2011,Built Area,Pune,Unfurnished,12690994,1242,619
1996,Super Area,Pune,Furnished,12690964,1338,673
2018,Carpet Area,Mumbai,Furnished,12690928,1223,628
1990,Plot Area,Amritsar,Semi-Furnished,12690866,1353,680
1996,Super Area,Hyderabad,Semi-Furnished,12690851,1266,632
1991,Carpet Area,Lucknow,Furnished,12690765,1228,627
2001,Built Area,Mangalore,Semi-Furnished,12690716,1318,664
2014,Built Area,Vadodara,Semi-Furnished,12690662,1322,649
1992,Built Area,Faridabad,Unfurnished,12690478,1301,643
2014,Plot Area,Meerut,Furnished,12690072,1279,647
2012,Carpet Area,Mumbai,Unfurnished,12690046,1379,691
1999,Built Area,Gwalior,Semi-Furnished,12689939,1332,656
2012,Plot Area,Nashik,Furnished,12689698,1341,655
1996,Built Area,Kolkata,Unfurnished,12689616,1333,652
2014,Super Area,Vadodara,Furnished,12689582,1329,663
2004,Carpet Area,Aurangabad,Semi-Furnished,12689518,1235,638
2009,Built Area,Noida,Furnished,12689503,1320,644
2013,Super Area,Faridabad,Semi-Furnished,12689491,1266,619
2017,Carpet Area,Vijayawada,Furnished,12689490,1308,659
1992,Built Area,Aurangabad,Semi-Furnished,12689295,1283,661
2019,Built Area,Hyderabad,Semi-Furnished,12689113,1255,627
1999,Carpet Area,Mangalore,Furnished,12689010,1313,657
2003,Built Area,Gwalior,Semi-Furnished,12689009,1316,656
1997,Built Area,Indore,Semi-Furnished,12688959,1280,628
1993,Super Area,Mangalore,Semi-Furnished,12688845,1286,634
1998,Super Area,Hyderabad,Semi-Furnished,12688600,1216,623
1991,Built Area,Surat,Unfurnished,12688581,1232,619
1997,Super Area,Ludhiana,Furnished,12688241,1352,656
2009,Carpet Area,Chennai,Semi-Furnished,12688066,1295,645
2014,Built Area,Patna,Unfurnished,12688055,1348,670
2012,Built Area,Jaipur,Furnished,12688050,1297,653
2009,Super Area,Jodhpur,Unfurnished,12688036,1394,683
1995,Plot Area,Agra,Semi-Furnished,12687955,1252,631
2013,Carpet Area,Pune,Semi-Furnished,12687942,1294,649
2016,Carpet Area,Mumbai,Unfurnished,12687778,1268,654
2016,Built Area,Amritsar,Semi-Furnished,12687609,1331,671
1996,Built Area,Mysore,Unfurnished,12687525,1383,684
2009,Plot Area,Pune,Unfurnished,12687386,1300,643
2018,Plot Area,Hyderabad,Unfurnished,12687224,1340,650
2001,Plot Area,Vadodara,Semi-Furnished,12687217,1291,642
1995,Built Area,Agra,Furnished,12687120,1298,658
1997,Plot Area,Ahmedabad,Furnished,12687104,1311,668
1999,Super Area,Vadodara,Semi-Furnished,12687023,1224,613
1993,Carpet Area,Pune,Unfurnished,12687007,1306,635
2005,Built Area,Delhi,Furnished,12686747,1311,661
2011,Built Area,Ahmedabad,Unfurnished,12686700,1199,625
2012,Plot Area,Kalyan-Dombivli,Semi-Furnished,12686666,1307,655
1994,Plot Area,Ghaziabad,Semi-Furnished,12686639,1322,656
2004,Super Area,Patna,Semi-Furnished,12686453,1287,652
1994,Plot Area,Mysore,Semi-Furnished,12686396,1322,653
1990,Super Area,Surat,Unfurnished,12686389,1261,635
2015,Carpet Area,Vijayawada,Furnished,12686278,1345,681
2013,Super Area,Ranchi,Furnished,12686263,1279,658
1991,Built Area,Visakhapatnam,Unfurnished,12686220,1315,639
1991,Super Area,Mangalore,Unfurnished,12686193,1257,637
1994,Built Area,Visakhapatnam,Unfurnished,12686166,1338,677
1991,Carpet Area,Varanasi,Semi-Furnished,12686119,1349,662
2017,Carpet Area,Indore,Unfurnished,12686079,1262,634
2011,Built Area,Visakhapatnam,Furnished,12686034,1374,686
2005,Super Area,Kolkata,Furnished,12686012,1279,639
2008,Carpet Area,Varanasi,Semi-Furnished,12685991,1351,681
1993,Carpet Area,Hyderabad,Unfurnished,12685990,1247,627
1993,Plot Area,Ahmedabad,Furnished,12685843,1191,611
1997,Built Area,Rajkot,Semi-Furnished,12685785,1327,646
1999,Carpet Area,Mumbai,Unfurnished,12685346,1299,648
1990,Built Area,Nashik,Semi-Furnished,12685335,1320,672
2011,Carpet Area,Meerut,Semi-Furnished,12685091,1361,667
2008,Carpet Area,Thane,Furnished,12685005,1242,636
2020,Super Area,Mumbai,Semi-Furnished,12684986,1302,650
2000,Super Area,Bhopal,Semi-Furnished,12684957,1297,646
1994,Built Area,Jodhpur,Semi-Furnished,12684858,1283,640
1999,Super Area,Agra,Furnished,12684851,1369,667
2008,Super Area,Jaipur,Furnished,12684571,1378,671
2001,Built Area,Vadodara,Semi-Furnished,12684511,1311,652
2001,Plot Area,Meerut,Furnished,12684373,1330,675
2014,Carpet Area,Navi Mumbai,Unfurnished,12684361,1176,607
1998,Plot Area,Gwalior,Furnished,12684341,1287,645
2007,Carpet Area,Amritsar,Unfurnished,12684303,1299,636
1991,Plot Area,Ludhiana,Semi-Furnished,12684115,1338,668
2014,Super Area,Ludhiana,Unfurnished,12684011,1314,668
2011,Built Area,Agra,Unfurnished,12683936,1300,640
2020,Carpet Area,Pune,Furnished,12683429,1370,675
2018,Super Area,Gwalior,Furnished,12683324,1246,638
2018,Plot Area,Gwalior,Semi-Furnished,12683183,1345,663
2008,Super Area,Jodhpur,Semi-Furnished,12683178,1319,648
2001,Carpet Area,Ludhiana,Unfurnished,12683096,1316,647
2020,Carpet Area,Lucknow,Furnished,12682648,1276,651
2019,Carpet Area,Faridabad,Semi-Furnished,12682592,1289,639
1993,Super Area,Patna,Semi-Furnished,12682411,1315,649
2018,Plot Area,Surat,Unfurnished,12682391,1303,638
2009,Carpet Area,Kanpur,Unfurnished,12682366,1306,655
1996,Built Area,Indore,Unfurnished,12682275,1283,633
2003,Built Area,Aurangabad,Furnished,12682163,1255,651
2013,Built Area,Indore,Unfurnished,12682136,1289,667
2001,Carpet Area,Chandigarh,Semi-Furnished,12681766,1307,661
2013,Built Area,Kolkata,Semi-Furnished,12681389,1341,663
1993,Built Area,Ghaziabad,Unfurnished,12681369,1321,655
1995,Built Area,Mysore,Furnished,12681178,1259,634
1991,Carpet Area,Mysore,Semi-Furnished,12680892,1277,638
2008,Carpet Area,Bhopal,Furnished,12680889,1248,624
2013,Carpet Area,Hyderabad,Semi-Furnished,12680869,1355,689
2001,Built Area,Faridabad,Furnished,12680827,1282,656
2011,Plot Area,Amritsar,Furnished,12680823,1290,639
2018,Super Area,Bhopal,Unfurnished,12680530,1276,647
1992,Carpet Area,Lucknow,Unfurnished,12680496,1276,637
2012,Carpet Area,Mumbai,Furnished,12680337,1334,669
1995,Built Area,Rajkot,Semi-Furnished,12680145,1257,628
1993,Plot Area,Noida,Furnished,12680093,1315,667
1990,Plot Area,Chandigarh,Semi-Furnished,12680093,1343,655
2014,Carpet Area,Vadodara,Unfurnished,12680039,1322,660
1995,Carpet Area,Navi Mumbai,Unfurnished,12680010,1355,682
1996,Plot Area,Rajkot,Furnished,12679855,1304,647
2018,Built Area,Varanasi,Semi-Furnished,12679819,1311,648
2005,Built Area,Bangalore,Semi-Furnished,12679692,1272,652
2014,Carpet Area,Chandigarh,Furnished,12679608,1277,637
1995,Super Area,Delhi,Unfurnished,12679586,1302,662
2020,Built Area,Coimbatore,Unfurnished,12679340,1332,661
1994,Super Area,Meerut,Semi-Furnished,12679324,1204,637
2012,Carpet Area,Varanasi,Furnished,12679111,1236,632
2003,Carpet Area,Ghaziabad,Semi-Furnished,12679073,1330,653
2012,Built Area,Vijayawada,Furnished,12679006,1292,638
1991,Built Area,Faridabad,Semi-Furnished,12678943,1332,670
1996,Built Area,Indore,Furnished,12678756,1268,646
2018,Super Area,Kanpur,Unfurnished,12678564,1287,647
1991,Super Area,Vijayawada,Unfurnished,12678427,1270,635
2021,Plot Area,Vadodara,Semi-Furnished,12678298,1317,647
2021,Carpet Area,Aurangabad,Furnished,12678266,1236,624
1996,Super Area,Ludhiana,Semi-Furnished,12678210,1285,643
2020,Super Area,Chennai,Semi-Furnished,12677773,1318,657
2019,Carpet Area,Mumbai,Semi-Furnished,12677489,1289,638
2004,Plot Area,Ranchi,Unfurnished,12677375,1264,635
2004,Super Area,Pune,Unfurnished,12677334,1323,667
1999,Built Area,Coimbatore,Furnished,12677312,1252,634
2021,Super Area,Vijayawada,Semi-Furnished,12677285,1336,667
2001,Super Area,Pune,Semi-Furnished,12677226,1331,661
1993,Super Area,Ghaziabad,Unfurnished,12677073,1335,670
2011,Carpet Area,Rajkot,Unfurnished,12677060,1350,652
2021,Built Area,Kalyan-Dombivli,Furnished,12676819,1341,662
2016,Super Area,Ahmedabad,Unfurnished,12676297,1295,637
2006,Super Area,Jaipur,Furnished,12676270,1243,637
1999,Plot Area,Lucknow,Furnished,12676237,1342,662
2004,Built Area,Meerut,Semi-Furnished,12676132,1318,645
2021,Carpet Area,Pune,Furnished,12676090,1317,653
1991,Built Area,Jodhpur,Furnished,12675971,1313,648
2012,Carpet Area,Kanpur,Semi-Furnished,12675785,1319,656
2002,Plot Area,Kalyan-Dombivli,Unfurnished,12675780,1356,676
2011,Super Area,Patna,Furnished,12675657,1286,657
2009,Carpet Area,Faridabad,Unfurnished,12675577,1291,644
2015,Built Area,Varanasi,Unfurnished,12675560,1270,642
2021,Carpet Area,Jaipur,Unfurnished,12675337,1221,620
2007,Super Area,Ghaziabad,Semi-Furnished,12675271,1339,675
1996,Plot Area,Bhopal,Furnished,12675221,1225,618
2009,Carpet Area,Aurangabad,Unfurnished,12674916,1296,640
2016,Carpet Area,Amritsar,Unfurnished,12674912,1269,636
2003,Carpet Area,Vadodara,Furnished,12674772,1227,635
2004,Built Area,Hyderabad,Furnished,12674739,1265,630
2010,Plot Area,Varanasi,Semi-Furnished,12674712,1314,655
2011,Carpet Area,Nashik,Semi-Furnished,12674661,1262,632
2014,Super Area,Hyderabad,Semi-Furnished,12674661,1318,666
2007,Plot Area,Amritsar,Semi-Furnished,12674374,1290,651
1997,Plot Area,Ghaziabad,Unfurnished,12674337,1329,654
2005,Carpet Area,Aurangabad,Unfurnished,12674323,1221,638
2002,Carpet Area,Varanasi,Furnished,12674266,1322,659
2010,Built Area,Indore,Furnished,12673788,1236,635
1991,Plot Area,Jaipur,Unfurnished,12673632,1309,652
1999,Carpet Area,Aurangabad,Furnished,12673216,1300,651
1991,Super Area,Jaipur,Semi-Furnished,12673178,1339,657
1993,Carpet Area,Delhi,Unfurnished,12672984,1355,670
1999,Super Area,Lucknow,Furnished,12672870,1319,664
1997,Super Area,Agra,Semi-Furnished,12672782,1235,623
1994,Plot Area,Amritsar,Furnished,12672691,1304,664
2003,Plot Area,Hyderabad,Furnished,12672664,1370,664
2005,Built Area,Mumbai,Semi-Furnished,12672636,1381,686
2020,Plot Area,Indore,Semi-Furnished,12672633,1310,659
2005,Plot Area,Bhopal,Unfurnished,12672485,1361,674
2015,Built Area,Gwalior,Semi-Furnished,12672148,1317,662
2002,Built Area,Surat,Semi-Furnished,12671996,1301,645
2018,Built Area,Rajkot,Unfurnished,12671754,1404,701
2018,Carpet Area,Bhopal,Semi-Furnished,12671610,1312,653
2016,Carpet Area,Nashik,Furnished,12671459,1330,641
1997,Built Area,Kalyan-Dombivli,Unfurnished,12671434,1318,636
1994,Built Area,Meerut,Furnished,12671397,1283,639
2010,Plot Area,Chandigarh,Furnished,12671305,1359,659
2014,Plot Area,Hyderabad,Semi-Furnished,12671285,1310,642
2008,Carpet Area,Coimbatore,Semi-Furnished,12671163,1281,646
2007,Plot Area,Faridabad,Furnished,12670986,1252,637
1998,Super Area,Visakhapatnam,Unfurnished,12670979,1362,687
2009,Plot Area,Noida,Furnished,12670879,1290,647
2015,Carpet Area,Varanasi,Unfurnished,12670847,1322,661
2019,Carpet Area,Vijayawada,Unfurnished,12670706,1329,661
2004,Built Area,Indore,Furnished,12670690,1261,629
1998,Built Area,Lucknow,Semi-Furnished,12670674,1220,615
2015,Plot Area,Amritsar,Unfurnished,12670635,1312,656
1993,Built Area,Mangalore,Semi-Furnished,12670517,1270,638
1999,Carpet Area,Visakhapatnam,Furnished,12670430,1303,648
2009,Carpet Area,Kolkata,Unfurnished,12670379,1377,686
2005,Plot Area,Vadodara,Semi-Furnished,12670368,1248,631
1992,Plot Area,Surat,Furnished,12670346,1287,652
2000,Super Area,Patna,Furnished,12670227,1247,650
2003,Super Area,Coimbatore,Unfurnished,12670207,1323,657
2019,Carpet Area,Gwalior,Unfurnished,12670170,1278,643
1996,Super Area,Ranchi,Unfurnished,12670072,1337,672
1991,Plot Area,Pune,Furnished,12669728,1344,668
2015,Super Area,Meerut,Unfurnished,12669598,1311,642
2015,Built Area,Mangalore,Furnished,12669586,1288,634
2006,Built Area,Gwalior,Furnished,12669565,1330,659
1997,Super Area,Faridabad,Unfurnished,12669442,1312,653
2012,Super Area,Bhopal,Furnished,12669436,1316,649
2018,Built Area,Chennai,Semi-Furnished,12669368,1329,660
2018,Super Area,Vadodara,Furnished,12669326,1385,670
2020,Built Area,Ludhiana,Furnished,12669312,1269,641
2004,Plot Area,Amritsar,Unfurnished,12669291,1244,644
2019,Plot Area,Mysore,Unfurnished,12669255,1328,656
2011,Built Area,Varanasi,Semi-Furnished,12669007,1306,643
2018,Built Area,Vadodara,Semi-Furnished,12668924,1302,645
2001,Carpet Area,Vijayawada,Furnished,12668815,1321,653
2017,Carpet Area,Surat,Semi-Furnished,12668633,1307,652
1996,Built Area,Visakhapatnam,Furnished,12668420,1283,649
2019,Super Area,Mangalore,Unfurnished,12668297,1299,652
2013,Carpet Area,Hyderabad,Furnished,12668083,1276,655
2008,Super Area,Rajkot,Unfurnished,12668077,1323,664
2006,Carpet Area,Ludhiana,Unfurnished,12667799,1287,655
1996,Carpet Area,Patna,Unfurnished,12667737,1268,641
2014,Built Area,Mysore,Furnished,12667670,1278,643
2021,Super Area,Kalyan-Dombivli,Furnished,12667485,1366,662
2010,Built Area,Kanpur,Unfurnished,12667308,1294,664
2015,Carpet Area,Kanpur,Furnished,12667226,1379,680
2014,Built Area,Aurangabad,Semi-Furnished,12667170,1312,654
2017,Built Area,Agra,Furnished,12667166,1281,650
1993,Built Area,Kolkata,Unfurnished,12666935,1318,659
1999,Carpet Area,Bhopal,Unfurnished,12666928,1259,635
2009,Carpet Area,Visakhapatnam,Furnished,12666812,1271,655
2007,Plot Area,Bhopal,Furnished,12666811,1298,646
2002,Built Area,Lucknow,Furnished,12666549,1267,644
2017,Built Area,Chennai,Unfurnished,12666504,1221,624
2014,Built Area,Patna,Semi-Furnished,12666450,1220,613
1997,Carpet Area,Patna,Furnished,12666201,1362,666
1994,Built Area,Varanasi,Unfurnished,12666158,1294,654
2003,Built Area,Agra,Semi-Furnished,12666145,1310,664
2019,Super Area,Hyderabad,Semi-Furnished,12666045,1307,669
2010,Super Area,Indore,Furnished,12665935,1266,642
2005,Carpet Area,Pune,Furnished,12665673,1284,643
1993,Built Area,Chennai,Furnished,12665587,1269,629
2011,Built Area,Vijayawada,Furnished,12665565,1359,672
2012,Plot Area,Nashik,Semi-Furnished,12665502,1274,644
2001,Super Area,Mangalore,Semi-Furnished,12665433,1210,622
1997,Plot Area,Jodhpur,Furnished,12665396,1309,645
2005,Carpet Area,Vadodara,Semi-Furnished,12665363,1319,655
1996,Super Area,Nashik,Unfurnished,12665344,1315,653
2012,Super Area,Ghaziabad,Semi-Furnished,12665279,1238,620
2018,Plot Area,Chennai,Semi-Furnished,12665185,1314,658
1998,Super Area,Lucknow,Furnished,12665180,1277,637
2018,Built Area,Kalyan-Dombivli,Furnished,12665134,1287,652
1998,Built Area,Mumbai,Furnished,12665075,1266,638
2018,Super Area,Ludhiana,Furnished,12665037,1297,652
1992,Built Area,Pune,Furnished,12664980,1311,666
2021,Built Area,Patna,Unfurnished,12664969,1313,656
2010,Carpet Area,Ghaziabad,Unfurnished,12664851,1329,656
2019,Carpet Area,Surat,Semi-Furnished,12664780,1286,642
1995,Built Area,Lucknow,Furnished,12664707,1307,649
2004,Super Area,Chennai,Furnished,12664577,1369,678
2013,Built Area,Varanasi,Unfurnished,12664232,1315,650
1992,Super Area,Thane,Furnished,12664218,1205,614
2005,Super Area,Visakhapatnam,Unfurnished,12663866,1295,670
2003,Carpet Area,Varanasi,Furnished,12663800,1297,646
1994,Built Area,Visakhapatnam,Semi-Furnished,12663679,1249,633
2016,Plot Area,Vadodara,Furnished,12663440,1281,632
2017,Plot Area,Mangalore,Unfurnished,12663211,1314,660
2007,Carpet Area,Jaipur,Furnished,12663073,1263,638
1998,Super Area,Lucknow,Unfurnished,12663065,1242,629
2016,Built Area,Ghaziabad,Furnished,12662915,1269,653
2012,Plot Area,Mangalore,Furnished,12662791,1316,645
2006,Plot Area,Gwalior,Furnished,12662731,1283,631
2010,Plot Area,Amritsar,Furnished,12662700,1327,648
2011,Super Area,Chandigarh,Furnished,12662558,1322,661
2000,Built Area,Jaipur,Semi-Furnished,12662225,1284,638
1990,Built Area,Faridabad,Semi-Furnished,12662224,1388,668
2006,Plot Area,Coimbatore,Unfurnished,12662128,1258,636
2013,Plot Area,Gwalior,Unfurnished,12662049,1297,642
2020,Carpet Area,Meerut,Furnished,12661867,1258,636
2010,Super Area,Kalyan-Dombivli,Furnished,12661841,1313,659
2010,Super Area,Jodhpur,Furnished,12661837,1210,615
2009,Carpet Area,Pune,Semi-Furnished,12661690,1338,658
2012,Carpet Area,Bangalore,Semi-Furnished,12661679,1310,654
1991,Plot Area,Coimbatore,Furnished,12661443,1349,662
2011,Built Area,Lucknow,Unfurnished,12661159,1313,663
2001,Super Area,Noida,Unfurnished,12661148,1325,666
2011,Super Area,Hyderabad,Unfurnished,12661099,1236,631
2020,Plot Area,Nashik,Unfurnished,12661020,1266,638
2015,Carpet Area,Surat,Unfurnished,12660969,1303,657
2018,Plot Area,Ranchi,Unfurnished,12660820,1233,629
2011,Built Area,Patna,Unfurnished,12660760,1278,648
1994,Plot Area,Chandigarh,Unfurnished,12660738,1339,660
1998,Super Area,Jodhpur,Semi-Furnished,12660504,1257,637
2011,Carpet Area,Coimbatore,Semi-Furnished,12660480,1321,665
2006,Super Area,Delhi,Unfurnished,12660413,1320,662
1999,Built Area,Ludhiana,Semi-Furnished,12660228,1302,644
2005,Built Area,Lucknow,Furnished,12660205,1310,650
2012,Built Area,Ghaziabad,Furnished,12660090,1255,628
1992,Built Area,Vadodara,Furnished,12659802,1268,632
2003,Built Area,Patna,Semi-Furnished,12659651,1281,647
1994,Super Area,Hyderabad,Furnished,12659648,1309,654
2016,Carpet Area,Aurangabad,Semi-Furnished,12659635,1306,650
2012,Carpet Area,Chandigarh,Semi-Furnished,12659614,1411,708
2020,Carpet Area,Rajkot,Furnished,12659566,1296,653
2012,Super Area,Patna,Unfurnished,12659560,1291,633
2011,Carpet Area,Indore,Semi-Furnished,12659531,1349,664
2003,Plot Area,Thane,Furnished,12659440,1296,648
2021,Super Area,Patna,Semi-Furnished,12659383,1296,650
2010,Built Area,Noida,Unfurnished,12659363,1298,647
1991,Built Area,Surat,Furnished,12659334,1246,638
1998,Super Area,Bangalore,Furnished,12659258,1331,659
2019,Super Area,Agra,Semi-Furnished,12659197,1295,649
2014,Plot Area,Ghaziabad,Unfurnished,12659140,1283,647
2014,Plot Area,Chennai,Unfurnished,12658479,1280,636
2021,Carpet Area,Patna,Furnished,12658460,1348,669
2018,Plot Area,Ghaziabad,Furnished,12658277,1272,637
2000,Built Area,Chandigarh,Semi-Furnished,12658196,1305,650
2006,Super Area,Vijayawada,Furnished,12658066,1288,642
2011,Carpet Area,Agra,Unfurnished,12658022,1265,635
2021,Built Area,Nagpur,Furnished,12658011,1353,642
2016,Carpet Area,Agra,Furnished,12657983,1273,642
2015,Plot Area,Kanpur,Furnished,12657961,1250,629
2011,Super Area,Kolkata,Semi-Furnished,12657836,1282,644
2007,Plot Area,Rajkot,Semi-Furnished,12657742,1275,656
1999,Super Area,Ludhiana,Semi-Furnished,12657737,1245,621
2008,Super Area,Visakhapatnam,Furnished,12657697,1340,675
2003,Built Area,Kanpur,Semi-Furnished,12657669,1279,644
2005,Built Area,Nagpur,Unfurnished,12657657,1311,668
2012,Carpet Area,Navi Mumbai,Furnished,12657656,1287,638
2012,Built Area,Lucknow,Unfurnished,12657504,1216,611
2011,Plot Area,Coimbatore,Unfurnished,12657433,1213,629
2008,Carpet Area,Bangalore,Furnished,12657149,1354,669
2002,Built Area,Varanasi,Semi-Furnished,12657063,1282,646
2007,Super Area,Vadodara,Furnished,12656815,1284,648
1999,Built Area,Ranchi,Semi-Furnished,12656735,1232,614
2004,Plot Area,Ahmedabad,Semi-Furnished,12656660,1252,640
2020,Carpet Area,Vadodara,Furnished,12656658,1350,684
2016,Plot Area,Indore,Semi-Furnished,12656599,1291,641
1997,Built Area,Amritsar,Unfurnished,12656220,1293,636
1996,Built Area,Ahmedabad,Semi-Furnished,12656188,1301,648
1999,Plot Area,Gwalior,Semi-Furnished,12655998,1331,646
2015,Plot Area,Bangalore,Unfurnished,12655826,1284,650
2003,Super Area,Bhopal,Semi-Furnished,12655716,1312,653
1997,Super Area,Meerut,Semi-Furnished,12655696,1305,657
1991,Plot Area,Delhi,Unfurnished,12655617,1283,651
1993,Super Area,Chennai,Semi-Furnished,12655474,1293,666
2002,Carpet Area,Faridabad,Semi-Furnished,12655311,1373,670
2002,Plot Area,Ludhiana,Unfurnished,12655204,1315,656
2005,Built Area,Nashik,Furnished,12655037,1251,628
2005,Built Area,Varanasi,Unfurnished,12654993,1311,652
2006,Carpet Area,Kanpur,Unfurnished,12654960,1281,653
1999,Super Area,Varanasi,Unfurnished,12654767,1208,609
2001,Plot Area,Vijayawada,Semi-Furnished,12654736,1312,650
2002,Built Area,Bhopal,Semi-Furnished,12654688,1288,643
2021,Built Area,Faridabad,Furnished,12654614,1310,646
2020,Super Area,Rajkot,Unfurnished,12654437,1323,656
2001,Built Area,Kalyan-Dombivli,Unfurnished,12654365,1335,673
1996,Super Area,Amritsar,Unfurnished,12654125,1284,646
2014,Super Area,Pune,Furnished,12654096,1224,622
1998,Carpet Area,Thane,Furnished,12653921,1313,652
2012,Carpet Area,Amritsar,Furnished,12653728,1225,627
2019,Plot Area,Ludhiana,Unfurnished,12653547,1289,655
2015,Built Area,Vijayawada,Unfurnished,12653330,1293,636
1996,Plot Area,Faridabad,Unfurnished,12653199,1281,624
2008,Built Area,Indore,Unfurnished,12653070,1276,649
2017,Carpet Area,Agra,Semi-Furnished,12652922,1288,638
2016,Plot Area,Chennai,Semi-Furnished,12652814,1210,620
2008,Plot Area,Visakhapatnam,Semi-Furnished,12652810,1290,658
2016,Plot Area,Lucknow,Semi-Furnished,12652675,1318,655
1994,Super Area,Agra,Semi-Furnished,12652644,1269,646
1993,Built Area,Mumbai,Furnished,12652627,1322,670
2002,Super Area,Jaipur,Furnished,12652421,1305,646
2013,Plot Area,Amritsar,Furnished,12652416,1293,655
2008,Built Area,Gwalior,Semi-Furnished,12652349,1328,655
2009,Built Area,Patna,Semi-Furnished,12652310,1334,655
2006,Super Area,Chandigarh,Semi-Furnished,12652092,1312,648
2016,Super Area,Thane,Unfurnished,12651847,1375,668
2012,Super Area,Ranchi,Unfurnished,12651840,1320,652
2004,Super Area,Ahmedabad,Furnished,12651819,1295,647
2010,Built Area,Amritsar,Furnished,12651773,1218,620
2018,Plot Area,Mysore,Semi-Furnished,12651747,1323,658
1998,Carpet Area,Vadodara,Semi-Furnished,12651693,1295,650
1997,Super Area,Delhi,Furnished,12651430,1324,659
1993,Plot Area,Surat,Unfurnished,12651306,1265,636
2002,Super Area,Noida,Furnished,12651291,1290,639
1990,Built Area,Ranchi,Semi-Furnished,12651170,1287,639
1997,Built Area,Vijayawada,Furnished,12651162,1305,652
2005,Carpet Area,Surat,Furnished,12651158,1277,630
1992,Plot Area,Visakhapatnam,Semi-Furnished,12650908,1333,655
2021,Built Area,Mangalore,Furnished,12650906,1306,655
2002,Plot Area,Mumbai,Semi-Furnished,12650863,1288,654
2010,Built Area,Mangalore,Semi-Furnished,12650802,1224,614
2014,Carpet Area,Nashik,Furnished,12650685,1282,652
2011,Carpet Area,Visakhapatnam,Furnished,12650675,1321,670
1991,Built Area,Ahmedabad,Furnished,12650339,1260,627
1992,Built Area,Vijayawada,Unfurnished,12650289,1339,653
1992,Super Area,Jaipur,Furnished,12650238,1302,646
2009,Carpet Area,Hyderabad,Unfurnished,12650164,1353,662
1996,Carpet Area,Pune,Semi-Furnished,12650116,1336,657
2003,Built Area,Gwalior,Furnished,12650072,1274,629
1993,Super Area,Faridabad,Semi-Furnished,12650061,1360,680
2019,Carpet Area,Aurangabad,Unfurnished,12649865,1326,675
2000,Carpet Area,Gwalior,Unfurnished,12649711,1304,643
2021,Carpet Area,Pune,Unfurnished,12649602,1351,680
1997,Plot Area,Delhi,Unfurnished,12649307,1404,681
2018,Super Area,Varanasi,Furnished,12649286,1266,623
2021,Carpet Area,Ludhiana,Furnished,12649178,1289,650
1991,Built Area,Ahmedabad,Unfurnished,12649086,1334,662
1997,Super Area,Nagpur,Semi-Furnished,12648717,1249,632
1990,Plot Area,Ghaziabad,Semi-Furnished,12648674,1331,653
1994,Carpet Area,Visakhapatnam,Unfurnished,12648515,1276,640
2010,Built Area,Bhopal,Semi-Furnished,12648360,1311,663
1995,Plot Area,Delhi,Furnished,12648222,1359,668
1991,Plot Area,Mysore,Unfurnished,12648154,1337,677
2016,Carpet Area,Delhi,Furnished,12647928,1296,636
2008,Super Area,Chennai,Semi-Furnished,12647845,1322,653
1999,Plot Area,Bhopal,Semi-Furnished,12647314,1293,636
2006,Built Area,Ghaziabad,Furnished,12647272,1226,604
2015,Carpet Area,Patna,Furnished,12647193,1266,625
2013,Plot Area,Vadodara,Unfurnished,12647006,1323,685
1998,Carpet Area,Noida,Unfurnished,12646946,1278,648
2003,Super Area,Lucknow,Semi-Furnished,12646784,1231,640
2009,Super Area,Coimbatore,Semi-Furnished,12646784,1281,638
2005,Super Area,Ludhiana,Furnished,12646764,1263,621
2002,Super Area,Delhi,Semi-Furnished,12646743,1339,670
2013,Carpet Area,Gwalior,Unfurnished,12646693,1304,653
2019,Carpet Area,Vijayawada,Furnished,12646611,1288,644
2000,Plot Area,Indore,Semi-Furnished,12646525,1332,663
2000,Super Area,Kalyan-Dombivli,Unfurnished,12646469,1262,641
2007,Plot Area,Navi Mumbai,Semi-Furnished,12646460,1291,629
1999,Plot Area,Meerut,Semi-Furnished,12646325,1246,638
2007,Super Area,Rajkot,Furnished,12646282,1289,646
2008,Super Area,Vadodara,Furnished,12645948,1317,646
2005,Carpet Area,Bhopal,Furnished,12645929,1290,653
2011,Plot Area,Mysore,Furnished,12645862,1291,645
1998,Built Area,Hyderabad,Furnished,12645777,1290,638
2018,Plot Area,Kanpur,Semi-Furnished,12645749,1279,630
1996,Carpet Area,Ghaziabad,Semi-Furnished,12645569,1381,678
1998,Super Area,Hyderabad,Furnished,12645457,1280,647
2001,Plot Area,Jodhpur,Unfurnished,12645437,1275,636
1999,Super Area,Meerut,Furnished,12645307,1309,656
2009,Carpet Area,Vadodara,Semi-Furnished,12645193,1272,651
2012,Built Area,Navi Mumbai,Semi-Furnished,12645143,1311,660
2019,Plot Area,Kalyan-Dombivli,Furnished,12645109,1339,658
1990,Built Area,Gwalior,Unfurnished,12645047,1305,653
2019,Super Area,Lucknow,Furnished,12645019,1301,643
2010,Plot Area,Kolkata,Semi-Furnished,12644987,1340,675
1994,Super Area,Chandigarh,Furnished,12644911,1337,665
2005,Built Area,Jaipur,Semi-Furnished,12644863,1318,657
2006,Built Area,Bhopal,Semi-Furnished,12644762,1330,658
2018,Carpet Area,Mangalore,Semi-Furnished,12644574,1337,645
2000,Plot Area,Noida,Furnished,12644474,1273,632
1993,Plot Area,Pune,Unfurnished,12644338,1306,639
1993,Super Area,Bangalore,Furnished,12644287,1349,669
2015,Plot Area,Chennai,Semi-Furnished,12644106,1258,631
2005,Plot Area,Nashik,Unfurnished,12644084,1319,649
2017,Plot Area,Vijayawada,Unfurnished,12643894,1188,613
2020,Carpet Area,Bhopal,Unfurnished,12643784,1324,665
1995,Built Area,Mysore,Unfurnished,12643551,1296,649
2019,Built Area,Gwalior,Furnished,12643336,1290,640
2001,Plot Area,Visakhapatnam,Semi-Furnished,12643266,1307,659
2010,Plot Area,Mysore,Semi-Furnished,12642946,1250,637
1994,Built Area,Vadodara,Semi-Furnished,12642863,1316,660
1990,Built Area,Indore,Unfurnished,12642858,1260,618
2010,Plot Area,Indore,Furnished,12642805,1273,661
2019,Built Area,Varanasi,Unfurnished,12642742,1248,635
2004,Plot Area,Rajkot,Furnished,12642637,1311,659
2012,Super Area,Mysore,Furnished,12642583,1323,656
2001,Super Area,Jaipur,Unfurnished,12642289,1311,666
1991,Super Area,Ahmedabad,Unfurnished,12642222,1310,647
1992,Built Area,Coimbatore,Semi-Furnished,12642214,1324,665
2004,Built Area,Jaipur,Semi-Furnished,12642083,1332,659
1998,Built Area,Visakhapatnam,Semi-Furnished,12642018,1284,643
2021,Plot Area,Nagpur,Furnished,12641885,1308,642
2007,Super Area,Jodhpur,Furnished,12641739,1283,629
1997,Super Area,Nagpur,Furnished,12641576,1275,626
2007,Super Area,Nagpur,Unfurnished,12641516,1311,656
2013,Built Area,Agra,Semi-Furnished,12641456,1316,668
2005,Built Area,Varanasi,Furnished,12641400,1262,631
2014,Super Area,Amritsar,Unfurnished,12641348,1288,637
1992,Carpet Area,Kolkata,Unfurnished,12641005,1223,622
2009,Carpet Area,Indore,Unfurnished,12640980,1330,659
1996,Carpet Area,Bhopal,Unfurnished,12640844,1320,666
2011,Super Area,Visakhapatnam,Furnished,12640691,1273,640
2002,Carpet Area,Jodhpur,Furnished,12640242,1364,674
2007,Carpet Area,Varanasi,Semi-Furnished,12640108,1259,628
1999,Plot Area,Pune,Furnished,12640028,1285,646
2003,Super Area,Agra,Furnished,12639988,1281,623
1993,Super Area,Visakhapatnam,Semi-Furnished,12639898,1228,631
2014,Plot Area,Bhopal,Semi-Furnished,12639548,1246,648
1999,Carpet Area,Hyderabad,Furnished,12639437,1308,652
2015,Built Area,Chandigarh,Unfurnished,12639436,1274,648
1991,Plot Area,Kolkata,Furnished,12639013,1268,639
2004,Carpet Area,Bhopal,Unfurnished,12638911,1261,634
2013,Built Area,Lucknow,Furnished,12638764,1378,682
2000,Super Area,Amritsar,Unfurnished,12638607,1217,633
2002,Plot Area,Bangalore,Furnished,12638460,1258,640
2007,Built Area,Coimbatore,Furnished,12638451,1250,612
1994,Super Area,Amritsar,Unfurnished,12638434,1264,646
2017,Carpet Area,Vijayawada,Semi-Furnished,12638212,1316,645
2003,Built Area,Gwalior,Unfurnished,12638139,1230,613
1998,Built Area,Coimbatore,Semi-Furnished,12638039,1343,668
2016,Super Area,Faridabad,Furnished,12638033,1327,651
1995,Plot Area,Agra,Furnished,12637968,1306,667
1998,Plot Area,Thane,Semi-Furnished,12637855,1289,641
2005,Super Area,Gwalior,Furnished,12637826,1290,637
2005,Built Area,Ludhiana,Semi-Furnished,12637477,1258,621
1993,Super Area,Agra,Unfurnished,12637476,1313,652
2000,Plot Area,Jaipur,Furnished,12637454,1277,651
1997,Plot Area,Bhopal,Unfurnished,12636842,1294,661
2007,Plot Area,Ghaziabad,Semi-Furnished,12636743,1277,638
2015,Built Area,Rajkot,Semi-Furnished,12636564,1322,655
2004,Built Area,Nagpur,Furnished,12636466,1286,649
2021,Plot Area,Lucknow,Furnished,12636374,1270,629
1998,Super Area,Chandigarh,Unfurnished,12636332,1240,627
2013,Built Area,Hyderabad,Furnished,12636303,1197,624
1992,Built Area,Jodhpur,Furnished,12636294,1305,654
1993,Built Area,Visakhapatnam,Furnished,12636236,1306,650
1996,Built Area,Ludhiana,Furnished,12636111,1377,688
2017,Carpet Area,Mysore,Unfurnished,12636027,1277,644
1991,Carpet Area,Delhi,Unfurnished,12636020,1240,634
2018,Carpet Area,Vijayawada,Semi-Furnished,12636007,1300,655
1998,Super Area,Ahmedabad,Unfurnished,12635942,1255,636
1990,Plot Area,Thane,Furnished,12635885,1310,658
1990,Plot Area,Agra,Furnished,12635828,1300,645
1997,Carpet Area,Vijayawada,Furnished,12635730,1315,650
2013,Carpet Area,Visakhapatnam,Semi-Furnished,12635533,1347,665
2014,Super Area,Navi Mumbai,Unfurnished,12635521,1305,641
1997,Plot Area,Kolkata,Furnished,12635500,1318,657
2000,Built Area,Pune,Semi-Furnished,12635490,1321,672
2020,Carpet Area,Jaipur,Unfurnished,12635422,1359,674
1999,Carpet Area,Indore,Unfurnished,12635182,1335,666
1999,Super Area,Kanpur,Furnished,12635158,1248,629
2021,Plot Area,Faridabad,Semi-Furnished,12634678,1280,643
2000,Plot Area,Visakhapatnam,Semi-Furnished,12634615,1243,618
2011,Built Area,Faridabad,Unfurnished,12634206,1226,625
2002,Built Area,Hyderabad,Furnished,12634174,1308,658
2000,Built Area,Surat,Semi-Furnished,12634137,1344,663
2001,Built Area,Amritsar,Semi-Furnished,12634058,1284,648
2001,Built Area,Ahmedabad,Furnished,12633986,1344,659
2005,Plot Area,Mumbai,Semi-Furnished,12633984,1268,632
2006,Built Area,Kalyan-Dombivli,Semi-Furnished,12633930,1312,663
2011,Plot Area,Varanasi,Semi-Furnished,12633903,1308,664
1992,Carpet Area,Visakhapatnam,Furnished,12633885,1256,636
2019,Built Area,Bhopal,Semi-Furnished,12633865,1292,656
2018,Carpet Area,Nashik,Semi-Furnished,12633858,1322,649
2013,Carpet Area,Ludhiana,Semi-Furnished,12633827,1279,630
1990,Super Area,Jodhpur,Unfurnished,12633770,1359,659
1992,Plot Area,Indore,Unfurnished,12633747,1337,660
2013,Plot Area,Rajkot,Furnished,12633698,1239,621
1992,Plot Area,Chennai,Unfurnished,12633691,1260,639
1998,Carpet Area,Bhopal,Semi-Furnished,12633631,1316,648
2000,Built Area,Gwalior,Semi-Furnished,12633615,1355,672
2016,Built Area,Ghaziabad,Unfurnished,12633615,1246,630
2017,Super Area,Pune,Unfurnished,12633605,1275,652
2015,Carpet Area,Coimbatore,Unfurnished,12633512,1380,703
1990,Plot Area,Jodhpur,Furnished,12633364,1323,650
2013,Built Area,Vadodara,Unfurnished,12633359,1327,650
2017,Built Area,Nashik,Furnished,12633315,1290,638
2010,Carpet Area,Surat,Furnished,12633314,1311,642
2016,Built Area,Faridabad,Semi-Furnished,12633218,1243,634
2003,Carpet Area,Ghaziabad,Furnished,12633191,1362,655
2013,Built Area,Jodhpur,Semi-Furnished,12633033,1255,645
1996,Plot Area,Vadodara,Unfurnished,12632827,1302,657
1990,Plot Area,Bhopal,Semi-Furnished,12632588,1317,661
2003,Plot Area,Mangalore,Furnished,12632588,1304,653
1991,Built Area,Vijayawada,Semi-Furnished,12632533,1307,653
2010,Carpet Area,Chandigarh,Unfurnished,12632438,1322,656
2012,Super Area,Visakhapatnam,Furnished,12632429,1312,659
2004,Carpet Area,Ranchi,Furnished,12632373,1289,645
2008,Built Area,Vadodara,Semi-Furnished,12632337,1343,678
2006,Plot Area,Varanasi,Furnished,12632256,1330,673
2005,Super Area,Amritsar,Furnished,12632202,1368,682
2018,Super Area,Chennai,Unfurnished,12632068,1275,650
2013,Built Area,Mumbai,Unfurnished,12632009,1306,641
2006,Plot Area,Aurangabad,Furnished,12631861,1237,634
1995,Carpet Area,Bangalore,Unfurnished,12631853,1374,674
2021,Built Area,Patna,Semi-Furnished,12631788,1313,654
2007,Super Area,Navi Mumbai,Furnished,12631740,1295,659
1998,Super Area,Nashik,Unfurnished,12631540,1331,662
2005,Plot Area,Faridabad,Unfurnished,12631377,1320,660
1997,Super Area,Ranchi,Semi-Furnished,12631238,1330,664
2002,Built Area,Bhopal,Furnished,12631233,1300,646
2018,Built Area,Aurangabad,Furnished,12631120,1304,644
1992,Carpet Area,Bangalore,Semi-Furnished,12631036,1252,642
1992,Built Area,Chennai,Semi-Furnished,12630987,1310,676
2013,Super Area,Ranchi,Unfurnished,12630982,1235,621
2000,Carpet Area,Coimbatore,Furnished,12630894,1264,637
2003,Carpet Area,Nashik,Semi-Furnished,12630839,1299,641
1995,Super Area,Ludhiana,Furnished,12630815,1313,636
1992,Built Area,Ahmedabad,Furnished,12630758,1298,661
2019,Plot Area,Vadodara,Furnished,12630580,1251,620
2011,Built Area,Surat,Unfurnished,12630528,1315,658
2004,Plot Area,Vadodara,Furnished,12630489,1312,656
2005,Built Area,Mysore,Unfurnished,12630476,1346,677
2017,Super Area,Nashik,Furnished,12630472,1325,654
2011,Super Area,Amritsar,Unfurnished,12630306,1313,655
2005,Carpet Area,Kanpur,Furnished,12630233,1271,632
2004,Carpet Area,Pune,Unfurnished,12630202,1387,675
2012,Built Area,Delhi,Unfurnished,12630070,1284,640
1998,Plot Area,Visakhapatnam,Semi-Furnished,12629945,1245,638
1995,Carpet Area,Delhi,Semi-Furnished,12629908,1323,668
1994,Super Area,Mysore,Semi-Furnished,12629830,1302,642
2015,Built Area,Bhopal,Semi-Furnished,12629789,1293,645
2020,Plot Area,Jodhpur,Furnished,12629705,1339,643
2013,Super Area,Kalyan-Dombivli,Unfurnished,12629704,1343,680
2016,Carpet Area,Hyderabad,Furnished,12629694,1257,647
2005,Carpet Area,Ahmedabad,Furnished,12629668,1329,651
1994,Plot Area,Jodhpur,Unfurnished,12629627,1263,631
2011,Super Area,Ahmedabad,Furnished,12629623,1284,639
2004,Super Area,Agra,Semi-Furnished,12629556,1327,648
1999,Built Area,Mysore,Unfurnished,12629535,1395,701
2001,Plot Area,Coimbatore,Semi-Furnished,12629518,1262,638
1991,Built Area,Coimbatore,Semi-Furnished,12629509,1264,630
2007,Plot Area,Ghaziabad,Unfurnished,12629499,1354,678
1992,Built Area,Surat,Unfurnished,12629453,1274,633
1990,Super Area,Hyderabad,Furnished,12629452,1342,658
1991,Plot Area,Vijayawada,Semi-Furnished,12629412,1286,662
2013,Built Area,Mysore,Unfurnished,12629355,1348,667
2001,Super Area,Chandigarh,Furnished,12629311,1339,668
1990,Built Area,Meerut,Furnished,12629286,1287,659
2020,Super Area,Jaipur,Furnished,12629190,1256,639
2018,Super Area,Meerut,Unfurnished,12629054,1339,670
2011,Super Area,Pune,Furnished,12628943,1298,663
2002,Built Area,Pune,Unfurnished,12628816,1248,630
2000,Carpet Area,Jaipur,Unfurnished,12628727,1417,686
2005,Super Area,Jodhpur,Furnished,12628611,1282,652
2018,Super Area,Ghaziabad,Unfurnished,12628541,1193,617
2000,Super Area,Pune,Furnished,12628481,1271,649
1994,Built Area,Meerut,Unfurnished,12628322,1291,645
2017,Super Area,Jodhpur,Semi-Furnished,12628126,1220,618
2003,Carpet Area,Bangalore,Furnished,12627917,1357,680
2012,Plot Area,Ranchi,Unfurnished,12627735,1276,630
2020,Built Area,Rajkot,Unfurnished,12627719,1312,656
1990,Built Area,Chennai,Semi-Furnished,12627627,1339,668
2009,Plot Area,Jodhpur,Semi-Furnished,12627613,1327,646
2021,Super Area,Nashik,Semi-Furnished,12627581,1287,642
2000,Carpet Area,Agra,Unfurnished,12627500,1316,660
2015,Plot Area,Aurangabad,Unfurnished,12627390,1292,655
1993,Built Area,Bangalore,Semi-Furnished,12627360,1325,673
1994,Built Area,Aurangabad,Furnished,12627283,1338,665
2012,Plot Area,Rajkot,Semi-Furnished,12627276,1297,644
2004,Plot Area,Surat,Unfurnished,12627269,1278,635
2011,Carpet Area,Bangalore,Unfurnished,12627242,1261,626
2004,Plot Area,Amritsar,Furnished,12627240,1307,656
1992,Plot Area,Ranchi,Unfurnished,12627178,1245,631
2019,Super Area,Pune,Semi-Furnished,12627096,1252,631
1990,Carpet Area,Coimbatore,Unfurnished,12626966,1298,659
2005,Plot Area,Vadodara,Furnished,12626801,1297,649
1997,Super Area,Surat,Furnished,12626763,1364,677
2003,Super Area,Jaipur,Furnished,12626672,1297,640
2007,Built Area,Vadodara,Unfurnished,12626580,1346,661
1992,Carpet Area,Hyderabad,Unfurnished,12626492,1297,650
2008,Built Area,Navi Mumbai,Unfurnished,12626358,1320,655
2019,Built Area,Chennai,Furnished,12626236,1235,614
1998,Plot Area,Coimbatore,Semi-Furnished,12626010,1283,639
2015,Plot Area,Nashik,Furnished,12625882,1341,668
2017,Built Area,Rajkot,Semi-Furnished,12625707,1282,636
2010,Plot Area,Ranchi,Unfurnished,12625510,1333,669
2001,Plot Area,Chandigarh,Unfurnished,12625490,1289,658
2002,Carpet Area,Ranchi,Furnished,12625462,1292,663
2007,Super Area,Aurangabad,Semi-Furnished,12625195,1313,657
2004,Built Area,Vadodara,Semi-Furnished,12625145,1311,663
2000,Super Area,Aurangabad,Semi-Furnished,12625136,1275,639
1997,Super Area,Kanpur,Unfurnished,12625096,1365,673
1991,Super Area,Noida,Unfurnished,12625095,1253,640
2009,Carpet Area,Mangalore,Semi-Furnished,12625095,1275,641
1994,Super Area,Ludhiana,Unfurnished,12625071,1302,652
2008,Plot Area,Indore,Unfurnished,12624859,1337,650
2015,Plot Area,Navi Mumbai,Furnished,12624811,1304,643
2017,Plot Area,Navi Mumbai,Unfurnished,12624701,1326,670
2009,Built Area,Aurangabad,Furnished,12624660,1227,630
2000,Built Area,Kolkata,Furnished,12624660,1249,643
2002,Carpet Area,Varanasi,Unfurnished,12624658,1261,636
2017,Built Area,Kolkata,Semi-Furnished,12624649,1273,646
2001,Carpet Area,Thane,Furnished,12624629,1296,635
2020,Built Area,Meerut,Unfurnished,12624457,1272,647
1994,Built Area,Nagpur,Semi-Furnished,12624382,1307,647
2006,Super Area,Ranchi,Unfurnished,12624304,1302,656
2020,Built Area,Vijayawada,Semi-Furnished,12624274,1331,648
2002,Carpet Area,Faridabad,Unfurnished,12624202,1246,631
2019,Super Area,Amritsar,Furnished,12624035,1289,651
1994,Carpet Area,Agra,Semi-Furnished,12624007,1227,614
1992,Super Area,Faridabad,Furnished,12623855,1336,654
2002,Plot Area,Nashik,Furnished,12623788,1277,645
2002,Carpet Area,Pune,Semi-Furnished,12623526,1322,670
2013,Carpet Area,Bhopal,Semi-Furnished,12623456,1302,646
2021,Carpet Area,Vijayawada,Unfurnished,12623409,1283,654
2021,Super Area,Navi Mumbai,Unfurnished,12623393,1244,627
2003,Built Area,Visakhapatnam,Semi-Furnished,12623359,1322,664
1995,Built Area,Pune,Semi-Furnished,12623285,1335,667
2008,Built Area,Ahmedabad,Unfurnished,12623256,1354,667
2009,Super Area,Nagpur,Semi-Furnished,12623138,1257,641
1994,Super Area,Gwalior,Semi-Furnished,12623031,1270,621
2009,Built Area,Navi Mumbai,Semi-Furnished,12622936,1227,626
1999,Plot Area,Nashik,Furnished,12622822,1320,654
1994,Carpet Area,Patna,Semi-Furnished,12622781,1348,676
2001,Plot Area,Patna,Furnished,12622779,1300,658
1994,Plot Area,Coimbatore,Furnished,12622759,1269,643
1990,Super Area,Delhi,Furnished,12622733,1335,662
1995,Super Area,Coimbatore,Unfurnished,12622684,1263,630
2011,Super Area,Lucknow,Furnished,12622676,1225,632
2013,Super Area,Kolkata,Unfurnished,12622350,1288,646
1990,Carpet Area,Ludhiana,Semi-Furnished,12621879,1225,629
2003,Plot Area,Delhi,Furnished,12621839,1328,663
2021,Super Area,Surat,Semi-Furnished,12621773,1302,652
2002,Built Area,Meerut,Furnished,12621717,1351,682
2013,Built Area,Ahmedabad,Semi-Furnished,12621686,1332,667
2000,Plot Area,Jaipur,Semi-Furnished,12621628,1244,629
2020,Carpet Area,Ludhiana,Semi-Furnished,12621186,1305,669
1997,Carpet Area,Varanasi,Semi-Furnished,12621073,1344,662
1991,Plot Area,Agra,Unfurnished,12621009,1291,647
2014,Carpet Area,Mangalore,Semi-Furnished,12620939,1274,644
2015,Super Area,Rajkot,Furnished,12620621,1319,670
1993,Plot Area,Visakhapatnam,Semi-Furnished,12620561,1270,650
1990,Super Area,Mangalore,Furnished,12620545,1281,631
2015,Built Area,Kalyan-Dombivli,Furnished,12620416,1325,660
2019,Plot Area,Coimbatore,Semi-Furnished,12619949,1318,650
2009,Plot Area,Agra,Semi-Furnished,12619784,1273,634
2004,Built Area,Mangalore,Furnished,12619564,1290,654
2015,Carpet Area,Mysore,Furnished,12619469,1271,621
1993,Plot Area,Indore,Unfurnished,12619395,1303,638
2003,Built Area,Kanpur,Furnished,12619389,1356,669
2015,Plot Area,Lucknow,Furnished,12619387,1253,648
2006,Super Area,Ghaziabad,Semi-Furnished,12619361,1379,674
2019,Built Area,Meerut,Furnished,12619184,1319,647
1995,Super Area,Aurangabad,Unfurnished,12618966,1278,639
2010,Carpet Area,Noida,Semi-Furnished,12618927,1300,655
2013,Super Area,Aurangabad,Unfurnished,12618844,1299,652
2018,Carpet Area,Amritsar,Semi-Furnished,12618782,1283,640
1992,Super Area,Thane,Unfurnished,12618758,1275,644
1997,Carpet Area,Chennai,Unfurnished,12618636,1250,632
2013,Super Area,Pune,Furnished,12618550,1302,661
1996,Built Area,Indore,Semi-Furnished,12618502,1230,624
2002,Super Area,Chennai,Furnished,12618375,1242,617
2005,Super Area,Surat,Unfurnished,12618246,1262,652
1996,Plot Area,Ludhiana,Furnished,12618172,1247,646
1994,Plot Area,Ludhiana,Furnished,12617804,1317,657
2004,Super Area,Mangalore,Furnished,12617687,1294,647
2001,Plot Area,Bhopal,Furnished,12617680,1228,626
2010,Built Area,Ahmedabad,Unfurnished,12617538,1267,622
2009,Built Area,Amritsar,Unfurnished,12617432,1358,674
1994,Carpet Area,Mysore,Semi-Furnished,12617410,1330,644
2020,Built Area,Kolkata,Semi-Furnished,12617322,1286,638
2017,Carpet Area,Mumbai,Semi-Furnished,12617163,1348,669
2019,Super Area,Surat,Furnished,12617047,1324,677
2015,Super Area,Mysore,Semi-Furnished,12617008,1336,668
2003,Plot Area,Rajkot,Furnished,12616967,1236,626
2018,Carpet Area,Rajkot,Furnished,12616906,1241,633
1991,Carpet Area,Meerut,Unfurnished,12616839,1329,646
1994,Carpet Area,Nashik,Unfurnished,12616739,1276,649
1997,Plot Area,Mangalore,Semi-Furnished,12616527,1318,653
1991,Super Area,Aurangabad,Semi-Furnished,12616443,1347,677
1999,Plot Area,Navi Mumbai,Furnished,12616191,1345,664
2014,Super Area,Mumbai,Furnished,12615993,1247,622
2008,Built Area,Nagpur,Semi-Furnished,12615779,1280,627
1999,Carpet Area,Surat,Unfurnished,12615689,1279,645
2007,Carpet Area,Surat,Semi-Furnished,12615468,1310,651
2017,Built Area,Ranchi,Furnished,12615442,1276,641
1991,Super Area,Meerut,Furnished,12615359,1323,672
1990,Plot Area,Ranchi,Unfurnished,12615274,1315,646
1995,Plot Area,Ludhiana,Semi-Furnished,12615255,1330,673
2005,Carpet Area,Jodhpur,Semi-Furnished,12615100,1265,630
2004,Plot Area,Agra,Furnished,12614962,1283,651
1990,Super Area,Ranchi,Unfurnished,12614832,1283,634
1990,Plot Area,Jodhpur,Semi-Furnished,12614765,1269,628
1998,Plot Area,Bangalore,Furnished,12614231,1279,642
2002,Super Area,Indore,Unfurnished,12614206,1305,655
1995,Plot Area,Vijayawada,Furnished,12614199,1281,645
1995,Super Area,Nashik,Unfurnished,12614051,1204,600
2010,Built Area,Ranchi,Unfurnished,12613894,1279,644
1996,Plot Area,Lucknow,Semi-Furnished,12613851,1321,645
2014,Plot Area,Mangalore,Semi-Furnished,12613703,1341,656
1998,Super Area,Nagpur,Furnished,12613666,1267,628
2009,Carpet Area,Gwalior,Furnished,12613612,1362,674
2006,Super Area,Navi Mumbai,Unfurnished,12613553,1340,659
2019,Plot Area,Indore,Furnished,12613547,1258,639
1997,Carpet Area,Bhopal,Semi-Furnished,12613491,1346,674
2021,Built Area,Visakhapatnam,Furnished,12613450,1340,656
2019,Super Area,Bhopal,Semi-Furnished,12613448,1320,668
2010,Carpet Area,Agra,Furnished,12613384,1315,674
2002,Super Area,Patna,Semi-Furnished,12613146,1357,674
2002,Super Area,Rajkot,Unfurnished,12613108,1353,668
1992,Carpet Area,Visakhapatnam,Unfurnished,12612929,1319,656
2014,Super Area,Kalyan-Dombivli,Unfurnished,12612899,1339,655
1996,Super Area,Coimbatore,Unfurnished,12612885,1289,656
2005,Carpet Area,Nagpur,Semi-Furnished,12612830,1228,613
1995,Built Area,Mangalore,Furnished,12612820,1217,629
1992,Plot Area,Bangalore,Furnished,12612661,1320,651
2007,Built Area,Bhopal,Unfurnished,12612661,1352,672
2007,Super Area,Jaipur,Unfurnished,12612635,1262,633
2009,Super Area,Nashik,Unfurnished,12612559,1363,676
2012,Carpet Area,Mysore,Semi-Furnished,12612523,1343,654
1990,Super Area,Vijayawada,Semi-Furnished,12612477,1303,654
2014,Built Area,Kolkata,Furnished,12612278,1416,694
1991,Carpet Area,Hyderabad,Unfurnished,12611998,1255,647
1990,Carpet Area,Mangalore,Semi-Furnished,12611796,1304,647
1999,Carpet Area,Chennai,Semi-Furnished,12611688,1222,623
2001,Built Area,Ghaziabad,Semi-Furnished,12611686,1357,657
2010,Super Area,Kanpur,Furnished,12611636,1293,644
2007,Built Area,Pune,Furnished,12611631,1229,639
2016,Super Area,Indore,Unfurnished,12611605,1263,622
1995,Built Area,Chennai,Unfurnished,12611577,1319,650
1994,Carpet Area,Varanasi,Semi-Furnished,12611524,1213,606
1998,Carpet Area,Surat,Semi-Furnished,12611340,1245,635
2006,Carpet Area,Navi Mumbai,Furnished,12611174,1317,664
2006,Built Area,Kanpur,Semi-Furnished,12611008,1292,649
2020,Plot Area,Vadodara,Unfurnished,12610932,1310,654
2008,Super Area,Faridabad,Semi-Furnished,12610790,1330,662
1992,Plot Area,Ludhiana,Furnished,12610762,1275,652
1997,Plot Area,Hyderabad,Unfurnished,12610619,1251,634
1992,Built Area,Hyderabad,Unfurnished,12610329,1325,645
1996,Carpet Area,Mumbai,Furnished,12610319,1258,624
2016,Built Area,Bangalore,Semi-Furnished,12610253,1345,661
1999,Plot Area,Faridabad,Semi-Furnished,12610237,1338,641
1992,Super Area,Bangalore,Semi-Furnished,12610151,1315,652
2002,Built Area,Ahmedabad,Furnished,12610057,1261,632
2004,Carpet Area,Ludhiana,Semi-Furnished,12609938,1328,652
2001,Built Area,Ahmedabad,Unfurnished,12609925,1300,646
1995,Carpet Area,Vijayawada,Unfurnished,12609899,1343,653
1993,Built Area,Ludhiana,Unfurnished,12609753,1359,664
1992,Plot Area,Jodhpur,Unfurnished,12609626,1228,630
1997,Built Area,Nashik,Unfurnished,12609614,1309,650
2001,Built Area,Visakhapatnam,Semi-Furnished,12609594,1329,656
2020,Plot Area,Faridabad,Semi-Furnished,12609553,1284,647
2010,Built Area,Mysore,Furnished,12609526,1305,649
1992,Carpet Area,Delhi,Semi-Furnished,12609042,1265,640
2019,Carpet Area,Ahmedabad,Semi-Furnished,12608844,1314,649
1998,Plot Area,Surat,Unfurnished,12608560,1328,681
2018,Super Area,Mumbai,Furnished,12608519,1293,641
1991,Carpet Area,Mysore,Unfurnished,12608417,1374,669
2011,Plot Area,Mysore,Unfurnished,12608390,1273,631
1991,Plot Area,Bangalore,Unfurnished,12608324,1338,644
2000,Built Area,Ludhiana,Semi-Furnished,12608316,1305,642
2000,Carpet Area,Mangalore,Semi-Furnished,12608313,1282,649
2000,Plot Area,Aurangabad,Unfurnished,12608224,1311,656
1997,Carpet Area,Vijayawada,Semi-Furnished,12608122,1298,653
2010,Built Area,Lucknow,Semi-Furnished,12608014,1320,667
1999,Carpet Area,Pune,Furnished,12607938,1397,681
1993,Plot Area,Visakhapatnam,Furnished,12607909,1290,646
2010,Plot Area,Agra,Semi-Furnished,12607831,1275,647
2020,Built Area,Mumbai,Furnished,12607735,1308,642
2011,Carpet Area,Mysore,Semi-Furnished,12607618,1324,661
2021,Plot Area,Nashik,Furnished,12607605,1335,668
2021,Super Area,Jodhpur,Furnished,12607491,1327,657
2005,Super Area,Bhopal,Furnished,12607444,1280,630
2021,Super Area,Vijayawada,Unfurnished,12607374,1292,641
2011,Plot Area,Aurangabad,Semi-Furnished,12607333,1266,635
2016,Plot Area,Aurangabad,Semi-Furnished,12607187,1308,652
1996,Super Area,Noida,Unfurnished,12607075,1326,670
2016,Carpet Area,Amritsar,Furnished,12607023,1324,666
1992,Plot Area,Mumbai,Semi-Furnished,12606981,1264,637
2021,Super Area,Coimbatore,Semi-Furnished,12606938,1229,627
1992,Carpet Area,Patna,Unfurnished,12606722,1286,652
1995,Carpet Area,Ghaziabad,Semi-Furnished,12606633,1274,639
2012,Super Area,Varanasi,Furnished,12606295,1327,664
2018,Super Area,Mangalore,Furnished,12606248,1331,664
1994,Carpet Area,Patna,Unfurnished,12606172,1358,662
2018,Carpet Area,Pune,Semi-Furnished,12606152,1295,649
2014,Built Area,Bangalore,Unfurnished,12606121,1291,654
1991,Built Area,Patna,Furnished,12606040,1257,642
1990,Carpet Area,Faridabad,Furnished,12605983,1319,657
1996,Carpet Area,Rajkot,Semi-Furnished,12605715,1167,605
2002,Plot Area,Coimbatore,Furnished,12605673,1286,628
2002,Plot Area,Vijayawada,Furnished,12605586,1283,654
2008,Carpet Area,Mysore,Furnished,12605461,1260,613
2010,Super Area,Chennai,Furnished,12605342,1288,637
2001,Plot Area,Mysore,Semi-Furnished,12605202,1291,646
2018,Built Area,Nagpur,Furnished,12605144,1258,637
2000,Plot Area,Coimbatore,Unfurnished,12605051,1282,626
2016,Built Area,Nashik,Semi-Furnished,12604892,1332,668
2010,Built Area,Surat,Unfurnished,12604857,1260,637
2002,Carpet Area,Noida,Unfurnished,12604791,1269,626
1999,Super Area,Nashik,Semi-Furnished,12604757,1271,642
2007,Super Area,Varanasi,Unfurnished,12604270,1248,624
2000,Super Area,Faridabad,Furnished,12604057,1308,645
1998,Super Area,Delhi,Semi-Furnished,12604055,1262,632
2011,Plot Area,Chandigarh,Furnished,12603933,1316,653
2007,Plot Area,Varanasi,Unfurnished,12603885,1272,647
2004,Carpet Area,Ahmedabad,Furnished,12603501,1267,642
2015,Super Area,Kalyan-Dombivli,Furnished,12603424,1256,636
2019,Carpet Area,Amritsar,Unfurnished,12603334,1399,683
1997,Plot Area,Noida,Semi-Furnished,12603098,1347,670
2004,Carpet Area,Ludhiana,Unfurnished,12602974,1329,644
1994,Super Area,Gwalior,Unfurnished,12602947,1392,674
2008,Built Area,Visakhapatnam,Semi-Furnished,12602745,1259,626
2019,Super Area,Vijayawada,Furnished,12602695,1323,648
2008,Super Area,Ahmedabad,Unfurnished,12602484,1372,680
2001,Plot Area,Navi Mumbai,Unfurnished,12602394,1280,662
1992,Super Area,Vadodara,Semi-Furnished,12601824,1270,615
2002,Carpet Area,Patna,Furnished,12601772,1245,612
2004,Carpet Area,Coimbatore,Unfurnished,12601721,1297,647
1992,Carpet Area,Bangalore,Unfurnished,12601679,1217,615
2005,Super Area,Vijayawada,Unfurnished,12601612,1243,632
2017,Super Area,Navi Mumbai,Semi-Furnished,12601266,1268,643
2016,Super Area,Aurangabad,Furnished,12601203,1329,660
2014,Carpet Area,Chennai,Semi-Furnished,12601163,1303,656
2000,Carpet Area,Pune,Semi-Furnished,12601132,1347,690
1993,Built Area,Meerut,Unfurnished,12601086,1318,662
1996,Super Area,Bangalore,Unfurnished,12600995,1248,642
2021,Plot Area,Nashik,Semi-Furnished,12600870,1295,651
2002,Carpet Area,Mumbai,Semi-Furnished,12600850,1285,637
2014,Super Area,Amritsar,Furnished,12600830,1266,626
2004,Built Area,Hyderabad,Semi-Furnished,12600792,1233,625
1992,Super Area,Hyderabad,Unfurnished,12600703,1282,650
2007,Carpet Area,Bhopal,Semi-Furnished,12600676,1315,648
2010,Plot Area,Ludhiana,Furnished,12600620,1273,630
1999,Super Area,Ghaziabad,Furnished,12600586,1239,632
2008,Super Area,Lucknow,Furnished,12600549,1288,655
1996,Built Area,Mumbai,Unfurnished,12600549,1284,652
2013,Built Area,Noida,Unfurnished,12600416,1331,663
2011,Plot Area,Navi Mumbai,Semi-Furnished,12600413,1260,629
2019,Super Area,Agra,Unfurnished,12600406,1272,637
1998,Built Area,Jaipur,Semi-Furnished,12600329,1220,622
2008,Super Area,Kolkata,Semi-Furnished,12600223,1292,672
2004,Super Area,Chandigarh,Semi-Furnished,12600220,1340,669
2005,Plot Area,Mangalore,Furnished,12600074,1332,659
2002,Built Area,Aurangabad,Unfurnished,12600019,1354,669
2019,Carpet Area,Ludhiana,Unfurnished,12599872,1221,638
2016,Plot Area,Coimbatore,Unfurnished,12599647,1318,644
1991,Built Area,Rajkot,Semi-Furnished,12599530,1326,644
2002,Built Area,Rajkot,Unfurnished,12599410,1283,641
2013,Plot Area,Jaipur,Furnished,12599401,1342,674
2002,Built Area,Ahmedabad,Semi-Furnished,12599346,1375,693
1997,Built Area,Chennai,Furnished,12599341,1252,628
1996,Carpet Area,Mangalore,Semi-Furnished,12599337,1264,646
2012,Carpet Area,Agra,Unfurnished,12598824,1270,636
2010,Plot Area,Nashik,Semi-Furnished,12598803,1250,651
1990,Plot Area,Gwalior,Semi-Furnished,12598729,1372,670
2010,Super Area,Rajkot,Unfurnished,12598670,1299,664
1996,Carpet Area,Delhi,Semi-Furnished,12598615,1303,664
2004,Plot Area,Kolkata,Furnished,12598521,1278,646
1997,Plot Area,Patna,Unfurnished,12598442,1260,636
2014,Super Area,Mysore,Unfurnished,12598210,1247,634
2002,Super Area,Vadodara,Furnished,12598109,1337,662
2012,Carpet Area,Agra,Semi-Furnished,12597993,1288,649
2005,Plot Area,Mangalore,Semi-Furnished,12597942,1286,660
2003,Built Area,Ghaziabad,Furnished,12597921,1276,647
2011,Carpet Area,Kalyan-Dombivli,Furnished,12597833,1290,643
1996,Carpet Area,Navi Mumbai,Unfurnished,12597402,1218,644
2019,Built Area,Lucknow,Unfurnished,12597338,1319,646
2011,Super Area,Ranchi,Furnished,12597027,1291,635
1991,Plot Area,Vadodara,Furnished,12597025,1304,648
2014,Plot Area,Kanpur,Unfurnished,12596915,1301,643
1995,Carpet Area,Patna,Furnished,12596737,1311,654
2016,Plot Area,Ahmedabad,Semi-Furnished,12596468,1317,645
1990,Plot Area,Mumbai,Semi-Furnished,12596445,1253,634
2005,Carpet Area,Agra,Semi-Furnished,12596444,1292,655
2010,Plot Area,Coimbatore,Furnished,12596400,1267,634
2005,Super Area,Indore,Unfurnished,12596040,1305,662
2011,Plot Area,Lucknow,Semi-Furnished,12595916,1344,669
1995,Plot Area,Chennai,Semi-Furnished,12595431,1270,647
1997,Plot Area,Kalyan-Dombivli,Semi-Furnished,12595401,1393,677
1999,Carpet Area,Navi Mumbai,Semi-Furnished,12595200,1275,634
2015,Carpet Area,Ghaziabad,Furnished,12595175,1324,654
1992,Plot Area,Hyderabad,Semi-Furnished,12595072,1342,664
2002,Super Area,Agra,Semi-Furnished,12594988,1289,653
1996,Built Area,Kanpur,Semi-Furnished,12594934,1313,660
1998,Built Area,Vijayawada,Semi-Furnished,12594777,1252,630
2004,Carpet Area,Thane,Semi-Furnished,12594748,1275,638
2017,Built Area,Visakhapatnam,Semi-Furnished,12594718,1267,624
2003,Plot Area,Mangalore,Unfurnished,12594690,1216,620
1992,Carpet Area,Hyderabad,Semi-Furnished,12594452,1311,665
2012,Plot Area,Indore,Furnished,12594434,1374,678
2011,Built Area,Aurangabad,Furnished,12594299,1204,620
2016,Super Area,Meerut,Furnished,12594180,1286,632
1992,Carpet Area,Ludhiana,Unfurnished,12594126,1316,657
2009,Super Area,Visakhapatnam,Semi-Furnished,12594086,1291,642
2011,Super Area,Mumbai,Semi-Furnished,12593973,1307,671
1994,Plot Area,Nashik,Semi-Furnished,12593784,1261,643
2001,Super Area,Ranchi,Semi-Furnished,12593677,1243,629
2006,Super Area,Jodhpur,Semi-Furnished,12593620,1346,666
2004,Built Area,Bhopal,Furnished,12593439,1329,653
2004,Carpet Area,Surat,Semi-Furnished,12593268,1318,669
2006,Built Area,Agra,Semi-Furnished,12593257,1239,635
2001,Super Area,Indore,Furnished,12593237,1319,646
1999,Super Area,Rajkot,Semi-Furnished,12592985,1257,635
1996,Built Area,Bhopal,Unfurnished,12592950,1216,617
1995,Super Area,Ahmedabad,Furnished,12592855,1306,637
2007,Carpet Area,Kalyan-Dombivli,Furnished,12592699,1211,624
2020,Super Area,Kolkata,Unfurnished,12592619,1248,619
2015,Built Area,Navi Mumbai,Furnished,12592569,1328,662
2002,Built Area,Nashik,Semi-Furnished,12592448,1279,630
2016,Super Area,Kanpur,Furnished,12592420,1266,624
1995,Super Area,Mangalore,Semi-Furnished,12592106,1314,644
1995,Carpet Area,Ghaziabad,Unfurnished,12592068,1291,658
2016,Built Area,Vadodara,Unfurnished,12592057,1280,653
2015,Super Area,Ludhiana,Unfurnished,12592021,1268,641
2012,Super Area,Kalyan-Dombivli,Unfurnished,12591811,1293,651
2011,Super Area,Jodhpur,Semi-Furnished,12591628,1283,637
1994,Plot Area,Vijayawada,Unfurnished,12591458,1300,652
1999,Plot Area,Nagpur,Furnished,12591411,1296,649
2018,Plot Area,Mumbai,Furnished,12591274,1324,670
1991,Built Area,Patna,Semi-Furnished,12591165,1287,654
1996,Super Area,Chennai,Unfurnished,12590979,1295,627
1993,Super Area,Ghaziabad,Furnished,12590870,1291,650
2010,Built Area,Faridabad,Semi-Furnished,12590496,1311,643
2021,Carpet Area,Surat,Unfurnished,12590124,1322,666
1996,Built Area,Aurangabad,Unfurnished,12590104,1292,653
2004,Built Area,Bangalore,Furnished,12589919,1305,656
2001,Super Area,Varanasi,Furnished,12589782,1242,617
1992,Super Area,Vijayawada,Furnished,12589762,1308,648
2005,Super Area,Kolkata,Unfurnished,12589628,1317,640
2003,Built Area,Lucknow,Semi-Furnished,12589560,1272,637
2018,Plot Area,Gwalior,Unfurnished,12589471,1263,622
1998,Super Area,Gwalior,Unfurnished,12589414,1369,681
2018,Plot Area,Lucknow,Unfurnished,12589275,1258,627
2014,Super Area,Meerut,Semi-Furnished,12588997,1203,608
2019,Plot Area,Hyderabad,Semi-Furnished,12588961,1343,673
2009,Carpet Area,Thane,Furnished,12588943,1263,634
2001,Plot Area,Aurangabad,Semi-Furnished,12588928,1352,675
2012,Carpet Area,Meerut,Semi-Furnished,12588773,1263,618
2021,Super Area,Delhi,Semi-Furnished,12588510,1291,641
2004,Super Area,Kolkata,Semi-Furnished,12588261,1304,654
2007,Plot Area,Kalyan-Dombivli,Unfurnished,12588069,1348,678
2021,Super Area,Ghaziabad,Semi-Furnished,12588028,1312,653
2005,Super Area,Aurangabad,Furnished,12588016,1304,646
2017,Carpet Area,Surat,Unfurnished,12587939,1381,670
1990,Plot Area,Jaipur,Semi-Furnished,12587905,1244,643
2009,Built Area,Aurangabad,Unfurnished,12587734,1286,643
2011,Built Area,Amritsar,Semi-Furnished,12587550,1299,656
2015,Carpet Area,Ranchi,Furnished,12587264,1346,657
1992,Carpet Area,Noida,Unfurnished,12587014,1307,655
2004,Plot Area,Varanasi,Semi-Furnished,12586917,1279,636
1997,Carpet Area,Thane,Unfurnished,12586890,1256,629
2015,Plot Area,Pune,Furnished,12586772,1303,655
1996,Carpet Area,Visakhapatnam,Semi-Furnished,12586678,1342,658
2013,Carpet Area,Chandigarh,Unfurnished,12586664,1334,676
2014,Carpet Area,Hyderabad,Semi-Furnished,12586602,1221,616
2000,Super Area,Vijayawada,Furnished,12586583,1260,649
2020,Super Area,Jodhpur,Furnished,12586489,1291,650
1991,Super Area,Patna,Unfurnished,12586449,1278,646
1998,Plot Area,Meerut,Furnished,12586235,1303,623
2009,Super Area,Navi Mumbai,Unfurnished,12586140,1313,649
2018,Built Area,Mangalore,Semi-Furnished,12586137,1281,645
2012,Carpet Area,Nagpur,Semi-Furnished,12586077,1282,652
2015,Plot Area,Rajkot,Semi-Furnished,12585921,1303,651
2015,Plot Area,Chennai,Unfurnished,12585636,1233,627
1995,Built Area,Visakhapatnam,Furnished,12585576,1308,655
2010,Plot Area,Rajkot,Furnished,12585367,1251,614
2006,Super Area,Kolkata,Semi-Furnished,12585324,1341,659
2008,Built Area,Mysore,Furnished,12585190,1267,651
2011,Built Area,Indore,Unfurnished,12585190,1280,644
2014,Super Area,Patna,Semi-Furnished,12585149,1352,676
1990,Carpet Area,Indore,Semi-Furnished,12585055,1287,657
2013,Built Area,Kanpur,Unfurnished,12585053,1324,655
1993,Carpet Area,Ahmedabad,Semi-Furnished,12585033,1318,652
2008,Super Area,Bhopal,Furnished,12584847,1347,681
2018,Super Area,Amritsar,Unfurnished,12584800,1298,655
2012,Plot Area,Hyderabad,Unfurnished,12584767,1296,652
1999,Super Area,Delhi,Semi-Furnished,12584745,1320,648
1997,Super Area,Vadodara,Unfurnished,12584674,1337,684
2015,Plot Area,Vijayawada,Furnished,12584644,1306,657
2009,Super Area,Agra,Furnished,12584605,1249,617
1997,Built Area,Ahmedabad,Furnished,12584281,1283,627
1999,Carpet Area,Hyderabad,Semi-Furnished,12584230,1311,651
2016,Plot Area,Nashik,Semi-Furnished,12584221,1363,667
1993,Super Area,Noida,Unfurnished,12584189,1326,671
2009,Super Area,Nagpur,Unfurnished,12583651,1251,644
1998,Super Area,Aurangabad,Unfurnished,12583600,1341,656
1993,Built Area,Navi Mumbai,Semi-Furnished,12583491,1346,676
2002,Plot Area,Hyderabad,Unfurnished,12583395,1278,624
2014,Carpet Area,Surat,Unfurnished,12583367,1264,635
2013,Built Area,Meerut,Semi-Furnished,12583066,1329,660
2009,Built Area,Rajkot,Furnished,12582720,1317,646
2005,Built Area,Rajkot,Semi-Furnished,12582591,1276,635
1997,Carpet Area,Indore,Semi-Furnished,12582556,1279,628
2016,Carpet Area,Nagpur,Unfurnished,12582468,1303,644
1993,Plot Area,Lucknow,Furnished,12582389,1312,662
2003,Carpet Area,Vijayawada,Semi-Furnished,12582378,1295,644
2013,Super Area,Kanpur,Furnished,12582197,1248,626
1991,Super Area,Ghaziabad,Unfurnished,12581950,1347,664
2002,Super Area,Ranchi,Semi-Furnished,12581709,1339,660
1997,Built Area,Ghaziabad,Furnished,12581433,1262,645
2010,Carpet Area,Thane,Unfurnished,12581418,1288,647
2020,Plot Area,Mumbai,Unfurnished,12581402,1331,659
2015,Plot Area,Navi Mumbai,Unfurnished,12581380,1322,645
2003,Plot Area,Navi Mumbai,Unfurnished,12581349,1321,658
2006,Built Area,Lucknow,Unfurnished,12581326,1340,668
2018,Carpet Area,Ahmedabad,Semi-Furnished,12581296,1337,657
2014,Carpet Area,Patna,Furnished,12581213,1289,653
1999,Super Area,Indore,Unfurnished,12581170,1281,647
2014,Carpet Area,Amritsar,Unfurnished,12581144,1328,659
2020,Plot Area,Ludhiana,Unfurnished,12581119,1276,632
2004,Plot Area,Hyderabad,Semi-Furnished,12581107,1312,655
1997,Super Area,Jodhpur,Unfurnished,12580982,1232,626
1994,Plot Area,Meerut,Semi-Furnished,12580966,1264,629
1993,Built Area,Varanasi,Unfurnished,12580944,1264,645
1995,Built Area,Surat,Semi-Furnished,12580516,1317,649
2000,Plot Area,Varanasi,Semi-Furnished,12580333,1256,631
2008,Carpet Area,Patna,Unfurnished,12580256,1237,626
1991,Plot Area,Ludhiana,Furnished,12580228,1268,642
2000,Super Area,Coimbatore,Furnished,12580020,1274,652
2002,Super Area,Nashik,Semi-Furnished,12579823,1286,639
1992,Carpet Area,Chennai,Furnished,12579686,1227,626
2007,Super Area,Kalyan-Dombivli,Semi-Furnished,12579605,1320,654
2013,Plot Area,Bhopal,Semi-Furnished,12579577,1356,673
1992,Super Area,Aurangabad,Semi-Furnished,12579530,1308,626
2019,Plot Area,Kalyan-Dombivli,Semi-Furnished,12579465,1331,649
1991,Carpet Area,Navi Mumbai,Unfurnished,12579350,1282,639
1997,Carpet Area,Surat,Unfurnished,12579180,1299,642
2007,Super Area,Navi Mumbai,Semi-Furnished,12579169,1212,623
2014,Plot Area,Agra,Semi-Furnished,12579115,1276,644
2013,Carpet Area,Nagpur,Unfurnished,12579090,1299,651
2006,Plot Area,Ranchi,Semi-Furnished,12578983,1352,656
2003,Super Area,Lucknow,Furnished,12578942,1300,655
1999,Plot Area,Varanasi,Furnished,12578930,1322,661
2005,Carpet Area,Indore,Furnished,12578383,1254,625
2020,Built Area,Lucknow,Furnished,12578374,1256,630
1992,Carpet Area,Amritsar,Furnished,12578164,1291,645
2014,Plot Area,Mumbai,Unfurnished,12577956,1305,642
1991,Plot Area,Nagpur,Semi-Furnished,12577888,1332,648
1999,Carpet Area,Ghaziabad,Semi-Furnished,12577852,1297,645
1996,Built Area,Varanasi,Semi-Furnished,12577852,1359,680
1994,Super Area,Nagpur,Furnished,12577485,1297,652
2004,Super Area,Indore,Semi-Furnished,12577182,1285,634
2002,Super Area,Meerut,Semi-Furnished,12577154,1257,634
2014,Carpet Area,Vadodara,Semi-Furnished,12577146,1304,645
1994,Super Area,Rajkot,Furnished,12577087,1277,641
2016,Plot Area,Noida,Furnished,12577030,1280,642
2015,Built Area,Pune,Semi-Furnished,12576951,1292,660
2021,Carpet Area,Aurangabad,Semi-Furnished,12576730,1208,621
1995,Plot Area,Thane,Unfurnished,12576541,1340,664
1996,Carpet Area,Nagpur,Furnished,12576460,1322,643
1990,Carpet Area,Kanpur,Unfurnished,12576200,1312,638
2020,Super Area,Faridabad,Unfurnished,12576066,1240,641
1990,Plot Area,Surat,Unfurnished,12576005,1316,655
2005,Plot Area,Hyderabad,Semi-Furnished,12575751,1300,653
2015,Super Area,Ghaziabad,Unfurnished,12575641,1323,665
1993,Carpet Area,Ghaziabad,Unfurnished,12575625,1275,654
2018,Built Area,Jaipur,Furnished,12575603,1260,635
2003,Built Area,Jaipur,Semi-Furnished,12575477,1319,658
1991,Carpet Area,Vijayawada,Furnished,12575305,1280,638
1996,Carpet Area,Pune,Unfurnished,12575286,1329,663
1990,Built Area,Bhopal,Furnished,12575122,1332,657
2006,Super Area,Aurangabad,Semi-Furnished,12574948,1342,664
2002,Plot Area,Varanasi,Semi-Furnished,12574931,1335,645
2002,Built Area,Vijayawada,Semi-Furnished,12574900,1301,647
2017,Super Area,Coimbatore,Semi-Furnished,12574800,1353,678
2005,Plot Area,Mumbai,Furnished,12574780,1293,657
2002,Built Area,Kolkata,Semi-Furnished,12574766,1251,649
2007,Carpet Area,Noida,Furnished,12574758,1276,661
2014,Plot Area,Delhi,Semi-Furnished,12574618,1270,650
2021,Built Area,Patna,Furnished,12574442,1309,663
2006,Super Area,Vijayawada,Semi-Furnished,12574350,1329,663
2016,Plot Area,Jaipur,Unfurnished,12574270,1294,648
1995,Super Area,Gwalior,Semi-Furnished,12574223,1264,643
2007,Plot Area,Vijayawada,Furnished,12574214,1264,627
2009,Carpet Area,Rajkot,Furnished,12574119,1373,679
2007,Plot Area,Gwalior,Semi-Furnished,12574036,1282,638
2000,Carpet Area,Mumbai,Furnished,12573989,1311,644
2017,Super Area,Amritsar,Unfurnished,12573580,1333,659
2002,Carpet Area,Vijayawada,Semi-Furnished,12573256,1279,656
2019,Super Area,Chennai,Unfurnished,12572919,1285,634
2009,Carpet Area,Navi Mumbai,Furnished,12572908,1331,664
1990,Carpet Area,Coimbatore,Furnished,12572891,1307,655
2010,Super Area,Gwalior,Furnished,12572719,1264,636
1994,Super Area,Mysore,Furnished,12572375,1306,648
2013,Built Area,Ludhiana,Unfurnished,12572368,1290,627
2015,Carpet Area,Varanasi,Semi-Furnished,12572209,1219,624
2018,Built Area,Ranchi,Semi-Furnished,12572193,1285,640
1998,Built Area,Varanasi,Furnished,12572145,1278,649
2014,Carpet Area,Surat,Furnished,12571975,1255,631
2005,Plot Area,Jaipur,Unfurnished,12571936,1266,639
2021,Carpet Area,Agra,Unfurnished,12571836,1293,650
2013,Super Area,Chandigarh,Unfurnished,12571701,1245,624
2020,Plot Area,Ghaziabad,Semi-Furnished,12571560,1327,667
2017,Carpet Area,Nashik,Furnished,12571165,1286,649
1998,Built Area,Nagpur,Furnished,12571102,1307,644
2017,Carpet Area,Meerut,Furnished,12570969,1271,632
1997,Built Area,Rajkot,Furnished,12570812,1321,671
1998,Plot Area,Kanpur,Unfurnished,12570777,1266,619
2018,Carpet Area,Vadodara,Furnished,12570485,1269,645
2007,Plot Area,Aurangabad,Semi-Furnished,12570458,1308,658
2019,Carpet Area,Noida,Furnished,12570350,1247,635
2008,Plot Area,Varanasi,Furnished,12570348,1269,634
2003,Plot Area,Pune,Semi-Furnished,12570157,1312,655
2006,Plot Area,Agra,Unfurnished,12570146,1257,639
2018,Plot Area,Meerut,Unfurnished,12570109,1255,637
2000,Carpet Area,Indore,Furnished,12570101,1279,635
2015,Carpet Area,Kanpur,Unfurnished,12570058,1242,625
2014,Carpet Area,Kolkata,Semi-Furnished,12569952,1284,643
2013,Plot Area,Coimbatore,Unfurnished,12569765,1253,631
2011,Plot Area,Mysore,Semi-Furnished,12569736,1312,638
1999,Plot Area,Bhopal,Unfurnished,12569615,1294,632
1998,Carpet Area,Indore,Furnished,12569611,1229,625
2010,Built Area,Ranchi,Semi-Furnished,12569606,1270,637
2001,Plot Area,Ghaziabad,Furnished,12569484,1331,653
2016,Carpet Area,Vijayawada,Furnished,12569337,1290,653
2017,Super Area,Patna,Furnished,12569300,1202,625
1993,Carpet Area,Rajkot,Unfurnished,12569204,1247,644
2016,Super Area,Indore,Semi-Furnished,12569089,1305,655
2002,Built Area,Navi Mumbai,Unfurnished,12569001,1320,645
2003,Carpet Area,Meerut,Unfurnished,12568969,1315,658
1991,Carpet Area,Mangalore,Semi-Furnished,12568798,1350,679
1993,Carpet Area,Agra,Furnished,12568769,1241,640
2012,Super Area,Vadodara,Furnished,12568729,1323,658
2004,Built Area,Chennai,Semi-Furnished,12568704,1309,651
2006,Super Area,Rajkot,Semi-Furnished,12568678,1340,675
1995,Carpet Area,Ludhiana,Semi-Furnished,12568677,1281,655
2006,Super Area,Bhopal,Unfurnished,12568669,1211,618
2008,Built Area,Lucknow,Furnished,12568636,1284,640
1991,Carpet Area,Kanpur,Furnished,12568609,1306,649
2009,Super Area,Faridabad,Furnished,12568593,1253,626
2001,Super Area,Navi Mumbai,Semi-Furnished,12568387,1278,651
1993,Plot Area,Chennai,Semi-Furnished,12568315,1286,629
2019,Plot Area,Jaipur,Semi-Furnished,12568217,1281,639
2020,Plot Area,Vijayawada,Semi-Furnished,12568123,1250,632
2015,Carpet Area,Jaipur,Furnished,12567950,1361,685
1993,Built Area,Varanasi,Furnished,12567863,1257,640
2013,Plot Area,Mangalore,Furnished,12567845,1290,657
2015,Built Area,Amritsar,Unfurnished,12567798,1241,644
2005,Plot Area,Kalyan-Dombivli,Semi-Furnished,12567431,1379,687
2007,Plot Area,Mysore,Semi-Furnished,12567410,1381,671
1998,Super Area,Chandigarh,Furnished,12567372,1392,694
2017,Super Area,Ranchi,Furnished,12567264,1313,656
1992,Plot Area,Mangalore,Semi-Furnished,12567013,1302,632
2012,Super Area,Aurangabad,Semi-Furnished,12566781,1298,633
2001,Carpet Area,Mysore,Unfurnished,12566751,1313,649
1997,Super Area,Jaipur,Semi-Furnished,12566671,1311,634
2010,Carpet Area,Kalyan-Dombivli,Semi-Furnished,12566664,1352,677
2012,Carpet Area,Navi Mumbai,Semi-Furnished,12566663,1332,643
2019,Super Area,Mumbai,Semi-Furnished,12566297,1329,660
1998,Plot Area,Meerut,Semi-Furnished,12566291,1294,638
2019,Super Area,Indore,Semi-Furnished,12566238,1274,628
2006,Super Area,Kanpur,Furnished,12566099,1359,670
2001,Super Area,Delhi,Semi-Furnished,12565930,1330,657
1992,Built Area,Vijayawada,Semi-Furnished,12565841,1320,676
1991,Carpet Area,Kolkata,Furnished,12565789,1319,653
2002,Super Area,Kalyan-Dombivli,Unfurnished,12565700,1264,634
2015,Super Area,Surat,Furnished,12565687,1371,675
1998,Plot Area,Pune,Unfurnished,12565660,1256,632
2018,Plot Area,Mangalore,Furnished,12565633,1273,638
1994,Built Area,Kolkata,Semi-Furnished,12565584,1231,626
2004,Plot Area,Meerut,Furnished,12565566,1294,663
2013,Super Area,Nashik,Semi-Furnished,12565523,1307,661
1991,Plot Area,Kolkata,Unfurnished,12565294,1279,649
1994,Plot Area,Hyderabad,Furnished,12565161,1312,645
1996,Super Area,Mumbai,Furnished,12564750,1273,650
2004,Built Area,Jodhpur,Furnished,12564646,1238,642
2009,Plot Area,Meerut,Furnished,12564553,1294,645
2017,Carpet Area,Bangalore,Furnished,12564550,1282,648
2018,Carpet Area,Coimbatore,Furnished,12564517,1268,626
2001,Super Area,Vadodara,Semi-Furnished,12564483,1325,667
2006,Plot Area,Aurangabad,Semi-Furnished,12564426,1319,664
2019,Carpet Area,Lucknow,Furnished,12564352,1245,631
1997,Carpet Area,Chandigarh,Unfurnished,12564142,1233,629
1998,Plot Area,Mysore,Furnished,12564141,1210,598
1990,Built Area,Indore,Furnished,12564082,1306,658
2003,Built Area,Mumbai,Semi-Furnished,12563879,1261,637
1990,Plot Area,Nagpur,Unfurnished,12563866,1360,678
2003,Built Area,Coimbatore,Semi-Furnished,12563782,1290,646
2013,Plot Area,Mumbai,Furnished,12563678,1323,640
1997,Super Area,Kalyan-Dombivli,Unfurnished,12563357,1292,638
2009,Plot Area,Ghaziabad,Unfurnished,12563348,1294,635
2021,Carpet Area,Meerut,Semi-Furnished,12563316,1309,644
1999,Super Area,Bangalore,Unfurnished,12563269,1218,624
2016,Carpet Area,Visakhapatnam,Unfurnished,12563096,1310,658
1992,Carpet Area,Kalyan-Dombivli,Furnished,12562663,1232,623
2007,Super Area,Chandigarh,Unfurnished,12562594,1255,636
1999,Plot Area,Chennai,Unfurnished,12562529,1335,665
1994,Built Area,Vijayawada,Semi-Furnished,12562404,1246,628
2003,Built Area,Aurangabad,Unfurnished,12562090,1264,639
2002,Carpet Area,Kolkata,Furnished,12561974,1272,641
2015,Super Area,Bhopal,Unfurnished,12561830,1269,649
2019,Built Area,Pune,Semi-Furnished,12561158,1272,654
2018,Super Area,Jaipur,Unfurnished,12561149,1333,656
2001,Super Area,Nashik,Unfurnished,12561103,1289,643
1996,Built Area,Visakhapatnam,Unfurnished,12561067,1298,650
1996,Plot Area,Nagpur,Unfurnished,12561066,1334,671
2004,Carpet Area,Vijayawada,Unfurnished,12560954,1315,659
2015,Carpet Area,Faridabad,Furnished,12560897,1283,639
2014,Plot Area,Jaipur,Unfurnished,12560772,1286,647
2012,Carpet Area,Ghaziabad,Furnished,12560765,1339,660
2007,Super Area,Nagpur,Semi-Furnished,12560737,1280,642
2016,Built Area,Ranchi,Unfurnished,12560515,1251,628
1990,Plot Area,Vijayawada,Unfurnished,12560453,1317,654
2007,Plot Area,Thane,Unfurnished,12560348,1324,650
2009,Built Area,Coimbatore,Unfurnished,12560313,1285,634
2002,Plot Area,Coimbatore,Semi-Furnished,12560179,1317,647
2021,Built Area,Agra,Furnished,12560114,1250,624
2011,Plot Area,Vadodara,Semi-Furnished,12560068,1323,662
2020,Built Area,Agra,Unfurnished,12559826,1305,651
1998,Carpet Area,Kalyan-Dombivli,Semi-Furnished,12559757,1296,636
2010,Built Area,Meerut,Unfurnished,12559730,1315,647
1993,Built Area,Coimbatore,Semi-Furnished,12559626,1320,657
2006,Super Area,Noida,Semi-Furnished,12559543,1375,674
1995,Super Area,Jodhpur,Furnished,12559516,1279,647
1991,Built Area,Mangalore,Furnished,12559290,1271,619
2020,Carpet Area,Thane,Furnished,12559068,1318,664
1998,Carpet Area,Bhopal,Unfurnished,12559009,1296,643
2001,Super Area,Amritsar,Unfurnished,12558902,1264,639
1999,Carpet Area,Gwalior,Furnished,12558751,1362,672
2011,Carpet Area,Jodhpur,Semi-Furnished,12558463,1323,654
2001,Carpet Area,Navi Mumbai,Unfurnished,12558424,1277,637
2010,Built Area,Agra,Unfurnished,12558380,1308,648
2011,Plot Area,Visakhapatnam,Unfurnished,12558292,1318,648
2020,Plot Area,Ahmedabad,Furnished,12558133,1332,654
2007,Plot Area,Pune,Unfurnished,12557874,1275,632
2012,Super Area,Surat,Semi-Furnished,12557584,1279,647
2004,Carpet Area,Lucknow,Semi-Furnished,12557576,1333,654
1994,Plot Area,Rajkot,Unfurnished,12557517,1312,640
2005,Carpet Area,Visakhapatnam,Unfurnished,12557483,1310,661
1994,Plot Area,Nagpur,Unfurnished,12557334,1264,646
1994,Carpet Area,Coimbatore,Furnished,12557246,1317,653
2000,Built Area,Nashik,Semi-Furnished,12556849,1343,661
2021,Carpet Area,Lucknow,Semi-Furnished,12556837,1339,655
2016,Built Area,Agra,Furnished,12556801,1378,683
1996,Super Area,Rajkot,Semi-Furnished,12556765,1313,653
1992,Plot Area,Vadodara,Unfurnished,12556730,1257,623
2008,Super Area,Bhopal,Semi-Furnished,12556694,1252,630
2007,Built Area,Jaipur,Semi-Furnished,12556630,1322,658
1992,Super Area,Chandigarh,Furnished,12556407,1323,651
2016,Plot Area,Gwalior,Semi-Furnished,12556365,1312,647
2001,Carpet Area,Mysore,Furnished,12556112,1285,633
2019,Built Area,Rajkot,Unfurnished,12556075,1228,618
2013,Built Area,Delhi,Furnished,12556063,1289,641
2013,Built Area,Agra,Unfurnished,12556002,1306,651
2017,Carpet Area,Ghaziabad,Unfurnished,12555328,1215,626
2021,Built Area,Bhopal,Semi-Furnished,12555145,1228,647
2003,Carpet Area,Nashik,Furnished,12555128,1298,649
2001,Plot Area,Chandigarh,Semi-Furnished,12554859,1332,663
2018,Carpet Area,Meerut,Unfurnished,12554823,1377,681
2005,Super Area,Bangalore,Furnished,12554771,1333,675
1992,Plot Area,Rajkot,Furnished,12554561,1317,648
2009,Built Area,Bhopal,Furnished,12554542,1244,629
1995,Carpet Area,Faridabad,Furnished,12554526,1222,602
1997,Super Area,Chandigarh,Furnished,12554424,1292,663
2004,Carpet Area,Visakhapatnam,Semi-Furnished,12554294,1286,626
2004,Super Area,Amritsar,Unfurnished,12554121,1302,633
1992,Built Area,Chandigarh,Unfurnished,12553890,1244,623
2004,Super Area,Ludhiana,Semi-Furnished,12553849,1304,655
2000,Super Area,Bangalore,Semi-Furnished,12553833,1352,679
1997,Built Area,Ghaziabad,Semi-Furnished,12553798,1316,665
1999,Carpet Area,Lucknow,Furnished,12553588,1247,625
1995,Carpet Area,Visakhapatnam,Semi-Furnished,12553575,1284,623
2016,Carpet Area,Nagpur,Semi-Furnished,12553484,1323,647
1999,Built Area,Aurangabad,Unfurnished,12553173,1317,672
1999,Plot Area,Aurangabad,Semi-Furnished,12553076,1276,647
2005,Built Area,Navi Mumbai,Semi-Furnished,12552856,1280,655
2001,Built Area,Delhi,Furnished,12552825,1251,631
1994,Super Area,Ghaziabad,Unfurnished,12552706,1285,629
2004,Built Area,Coimbatore,Semi-Furnished,12552326,1308,658
2000,Carpet Area,Lucknow,Unfurnished,12552232,1226,646
1996,Plot Area,Hyderabad,Unfurnished,12552001,1368,670
1996,Plot Area,Mysore,Semi-Furnished,12551863,1346,666
2020,Super Area,Noida,Furnished,12551644,1292,645
1990,Built Area,Visakhapatnam,Semi-Furnished,12551480,1350,667
1998,Built Area,Thane,Furnished,12551452,1216,602
2021,Plot Area,Jaipur,Unfurnished,12551370,1300,640
1995,Carpet Area,Jodhpur,Furnished,12551327,1352,668
1995,Carpet Area,Amritsar,Furnished,12551094,1321,653
2002,Built Area,Nashik,Furnished,12551035,1324,670
1993,Carpet Area,Jodhpur,Semi-Furnished,12551014,1288,656
2020,Built Area,Ghaziabad,Furnished,12551002,1269,637
2018,Carpet Area,Delhi,Unfurnished,12550717,1356,680
1994,Super Area,Bangalore,Semi-Furnished,12550644,1235,630
2016,Carpet Area,Ghaziabad,Unfurnished,12550623,1213,628
1998,Carpet Area,Ranchi,Semi-Furnished,12550276,1288,650
2003,Built Area,Aurangabad,Semi-Furnished,12550179,1274,644
2006,Plot Area,Vadodara,Furnished,12550179,1316,652
1998,Plot Area,Chennai,Semi-Furnished,12550094,1301,659
1994,Super Area,Patna,Furnished,12550072,1300,648
2005,Carpet Area,Indore,Unfurnished,12550068,1318,649
2002,Built Area,Faridabad,Semi-Furnished,12549822,1393,682
1992,Carpet Area,Aurangabad,Semi-Furnished,12549662,1297,659
2011,Built Area,Mangalore,Furnished,12549643,1281,644
2007,Plot Area,Lucknow,Unfurnished,12549376,1332,653
2015,Plot Area,Coimbatore,Unfurnished,12548940,1243,630
2008,Carpet Area,Jaipur,Unfurnished,12548929,1275,644
2004,Carpet Area,Amritsar,Furnished,12548623,1317,658
2020,Built Area,Ranchi,Semi-Furnished,12548543,1246,629
1997,Plot Area,Nagpur,Unfurnished,12548438,1320,666
1997,Super Area,Pune,Semi-Furnished,12548243,1321,666
2000,Plot Area,Faridabad,Furnished,12548185,1137,601
1998,Plot Area,Gwalior,Semi-Furnished,12548122,1347,667
2021,Carpet Area,Ranchi,Semi-Furnished,12548022,1287,664
1998,Super Area,Jaipur,Unfurnished,12547917,1283,635
1993,Carpet Area,Amritsar,Semi-Furnished,12547679,1270,627
2021,Plot Area,Coimbatore,Semi-Furnished,12547082,1317,666
1997,Carpet Area,Patna,Semi-Furnished,12546814,1252,643
2000,Carpet Area,Rajkot,Unfurnished,12546793,1313,664
2012,Carpet Area,Ludhiana,Semi-Furnished,12546729,1322,646
1990,Built Area,Chandigarh,Unfurnished,12546671,1246,623
2015,Carpet Area,Delhi,Furnished,12546543,1291,650
2013,Built Area,Pune,Furnished,12546450,1277,634
1998,Carpet Area,Pune,Unfurnished,12546423,1259,631
2004,Plot Area,Aurangabad,Furnished,12546252,1259,622
2008,Built Area,Navi Mumbai,Furnished,12546220,1281,644
1998,Built Area,Delhi,Furnished,12546201,1279,646
2010,Super Area,Bangalore,Unfurnished,12546042,1234,627
1999,Carpet Area,Kolkata,Furnished,12545969,1272,638
2009,Super Area,Rajkot,Furnished,12545938,1274,648
1992,Super Area,Jodhpur,Unfurnished,12545885,1326,654
2001,Built Area,Ludhiana,Semi-Furnished,12545826,1228,625
2009,Built Area,Ghaziabad,Unfurnished,12545689,1258,627
1990,Carpet Area,Delhi,Furnished,12545673,1344,650
2012,Plot Area,Visakhapatnam,Furnished,12545668,1350,670
2018,Built Area,Nashik,Unfurnished,12545657,1327,654
2011,Plot Area,Bhopal,Furnished,12545576,1331,656
2003,Super Area,Ahmedabad,Unfurnished,12545533,1326,669
2004,Plot Area,Mangalore,Semi-Furnished,12545469,1295,665
2017,Plot Area,Chandigarh,Furnished,12545394,1266,657
2014,Super Area,Delhi,Furnished,12545367,1323,664
2007,Built Area,Meerut,Unfurnished,12545361,1227,618
1999,Built Area,Patna,Semi-Furnished,12545296,1333,654
1994,Plot Area,Navi Mumbai,Unfurnished,12545110,1282,636
1998,Carpet Area,Ludhiana,Unfurnished,12545076,1290,642
1999,Built Area,Thane,Unfurnished,12544964,1276,633
2012,Plot Area,Surat,Semi-Furnished,12544906,1272,637
1996,Built Area,Aurangabad,Furnished,12544860,1301,647
2002,Plot Area,Kanpur,Furnished,12544732,1244,618
2020,Plot Area,Navi Mumbai,Semi-Furnished,12544681,1263,630
2009,Built Area,Lucknow,Furnished,12544611,1327,656
1992,Super Area,Nagpur,Unfurnished,12544392,1192,611
2009,Carpet Area,Mumbai,Furnished,12544359,1312,652
2004,Plot Area,Rajkot,Semi-Furnished,12544097,1270,635
2007,Plot Area,Visakhapatnam,Furnished,12543968,1332,661
2020,Plot Area,Mumbai,Furnished,12543964,1287,641
2003,Built Area,Chennai,Semi-Furnished,12543770,1367,674
2013,Plot Area,Meerut,Semi-Furnished,12543767,1267,627
1996,Plot Area,Bangalore,Furnished,12543681,1361,666
1993,Plot Area,Jaipur,Furnished,12543538,1235,619
2005,Super Area,Ranchi,Unfurnished,12543508,1271,621
2007,Carpet Area,Indore,Furnished,12543448,1297,629
1997,Carpet Area,Nagpur,Furnished,12543352,1284,654
2007,Carpet Area,Noida,Unfurnished,12543293,1307,654
2017,Plot Area,Chennai,Furnished,12543090,1323,661
2002,Super Area,Jaipur,Unfurnished,12543060,1297,645
2006,Carpet Area,Agra,Furnished,12542864,1340,655
2015,Carpet Area,Coimbatore,Furnished,12542780,1284,633
2006,Plot Area,Patna,Furnished,12542747,1257,647
1995,Plot Area,Meerut,Furnished,12542674,1306,661
2019,Super Area,Thane,Semi-Furnished,12542614,1245,638
1993,Plot Area,Lucknow,Unfurnished,12542543,1297,648
2000,Carpet Area,Ludhiana,Semi-Furnished,12542373,1254,635
2013,Plot Area,Coimbatore,Semi-Furnished,12542318,1340,669
1996,Plot Area,Surat,Furnished,12542011,1315,662
2008,Built Area,Noida,Unfurnished,12541974,1256,632
2003,Plot Area,Navi Mumbai,Furnished,12541919,1371,686
2008,Carpet Area,Pune,Semi-Furnished,12541762,1326,650
2003,Plot Area,Vijayawada,Unfurnished,12541358,1288,649
1992,Carpet Area,Bhopal,Unfurnished,12541272,1296,644
2020,Super Area,Mysore,Semi-Furnished,12541095,1298,653
2002,Super Area,Coimbatore,Unfurnished,12541005,1257,627
2001,Built Area,Coimbatore,Semi-Furnished,12540943,1293,648
1995,Plot Area,Ranchi,Unfurnished,12540901,1253,627
2021,Super Area,Navi Mumbai,Furnished,12540886,1321,665
2000,Built Area,Agra,Unfurnished,12540794,1339,667
2002,Built Area,Nagpur,Semi-Furnished,12540793,1286,628
1994,Super Area,Varanasi,Semi-Furnished,12540661,1248,626
2014,Built Area,Vijayawada,Semi-Furnished,12540570,1285,650
1996,Plot Area,Jaipur,Unfurnished,12540421,1269,639
2007,Plot Area,Navi Mumbai,Unfurnished,12540277,1309,647
2018,Carpet Area,Surat,Furnished,12540122,1279,634
2013,Super Area,Indore,Semi-Furnished,12540062,1268,642
1998,Super Area,Ghaziabad,Semi-Furnished,12540016,1343,664
1993,Carpet Area,Ranchi,Semi-Furnished,12539977,1308,649
1991,Plot Area,Bhopal,Furnished,12539959,1269,650
2005,Built Area,Meerut,Furnished,12539938,1310,651
2003,Plot Area,Coimbatore,Semi-Furnished,12539820,1283,632
2006,Carpet Area,Vadodara,Unfurnished,12539638,1274,621
1994,Plot Area,Delhi,Furnished,12539566,1255,633
1994,Carpet Area,Ghaziabad,Unfurnished,12539556,1277,648
1992,Plot Area,Faridabad,Furnished,12539133,1196,616
2007,Built Area,Thane,Furnished,12539124,1252,633
2000,Plot Area,Jodhpur,Furnished,12538961,1389,683
2004,Plot Area,Bhopal,Unfurnished,12538709,1266,634
2012,Built Area,Nagpur,Furnished,12538428,1244,623
2009,Built Area,Chandigarh,Semi-Furnished,12538314,1281,640
1997,Super Area,Faridabad,Furnished,12538216,1283,643
2007,Super Area,Surat,Unfurnished,12537796,1214,612
2018,Carpet Area,Mumbai,Unfurnished,12537733,1255,642
2021,Built Area,Kolkata,Unfurnished,12537731,1328,689
2011,Carpet Area,Jodhpur,Furnished,12537643,1266,646
2018,Plot Area,Thane,Semi-Furnished,12537574,1268,646
2019,Plot Area,Bangalore,Unfurnished,12537546,1340,675
2019,Plot Area,Bangalore,Semi-Furnished,12537453,1259,643
2005,Plot Area,Aurangabad,Furnished,12537430,1272,637
2007,Super Area,Bangalore,Unfurnished,12537398,1253,629
2011,Built Area,Jodhpur,Semi-Furnished,12537378,1345,653
2011,Plot Area,Chennai,Furnished,12537257,1267,628
2010,Carpet Area,Kolkata,Unfurnished,12536962,1243,630
1998,Carpet Area,Lucknow,Furnished,12536685,1283,646
1990,Carpet Area,Ghaziabad,Unfurnished,12536627,1293,645
2000,Super Area,Rajkot,Semi-Furnished,12536601,1216,619
2016,Plot Area,Vijayawada,Semi-Furnished,12536548,1217,619
1997,Super Area,Chennai,Unfurnished,12536427,1260,639
2005,Super Area,Amritsar,Semi-Furnished,12536365,1312,638
2000,Carpet Area,Aurangabad,Furnished,12536192,1271,643
2009,Carpet Area,Hyderabad,Semi-Furnished,12536188,1235,624
2004,Built Area,Ludhiana,Furnished,12536133,1253,617
2013,Super Area,Faridabad,Unfurnished,12536128,1301,637
2007,Carpet Area,Visakhapatnam,Semi-Furnished,12536024,1280,640
2000,Built Area,Delhi,Semi-Furnished,12535888,1230,618
1995,Built Area,Mangalore,Semi-Furnished,12535883,1342,670
2015,Plot Area,Delhi,Semi-Furnished,12535801,1269,640
1993,Super Area,Kalyan-Dombivli,Semi-Furnished,12535550,1297,639
2010,Carpet Area,Visakhapatnam,Furnished,12535464,1314,660
1997,Carpet Area,Navi Mumbai,Furnished,12535342,1339,660
1993,Carpet Area,Kanpur,Unfurnished,12535311,1343,659
2019,Plot Area,Nagpur,Furnished,12535291,1274,636
2020,Plot Area,Surat,Furnished,12535261,1262,635
2001,Super Area,Chandigarh,Unfurnished,12535075,1302,640
2007,Super Area,Kalyan-Dombivli,Furnished,12535060,1284,646
2018,Super Area,Ahmedabad,Furnished,12535017,1268,633
1992,Carpet Area,Indore,Semi-Furnished,12534945,1331,672
1993,Carpet Area,Surat,Furnished,12534914,1232,626
2006,Plot Area,Meerut,Semi-Furnished,12534897,1278,645
2004,Built Area,Visakhapatnam,Unfurnished,12534740,1280,634
1995,Carpet Area,Mysore,Semi-Furnished,12534688,1268,637
2004,Super Area,Jaipur,Semi-Furnished,12534651,1307,638
2014,Plot Area,Lucknow,Semi-Furnished,12534547,1278,626
2015,Carpet Area,Patna,Semi-Furnished,12534449,1232,623
1999,Built Area,Surat,Furnished,12534358,1266,642
2021,Built Area,Mysore,Furnished,12534306,1264,633
1995,Plot Area,Faridabad,Semi-Furnished,12534256,1289,641
2016,Built Area,Vadodara,Semi-Furnished,12534226,1326,660
2018,Carpet Area,Hyderabad,Semi-Furnished,12534224,1370,660
2001,Plot Area,Indore,Semi-Furnished,12534189,1303,658
2000,Plot Area,Nashik,Unfurnished,12534147,1238,619
2013,Carpet Area,Faridabad,Furnished,12534046,1260,628
2013,Built Area,Rajkot,Furnished,12533776,1258,634
1995,Carpet Area,Ludhiana,Furnished,12533721,1338,656
2015,Plot Area,Jaipur,Unfurnished,12533659,1303,647
2007,Plot Area,Aurangabad,Unfurnished,12533613,1286,638
2013,Plot Area,Amritsar,Semi-Furnished,12533552,1252,630
2015,Super Area,Chennai,Semi-Furnished,12533392,1281,638
2002,Super Area,Mumbai,Furnished,12533358,1364,682
1997,Built Area,Navi Mumbai,Unfurnished,12533257,1239,623
2015,Super Area,Agra,Semi-Furnished,12533174,1299,659
2009,Built Area,Bhopal,Unfurnished,12533123,1310,661
2006,Built Area,Gwalior,Unfurnished,12533046,1327,651
2017,Carpet Area,Nagpur,Furnished,12532745,1257,641
1992,Carpet Area,Indore,Furnished,12532737,1243,633
2016,Carpet Area,Chandigarh,Semi-Furnished,12532673,1284,637
2003,Carpet Area,Agra,Furnished,12532368,1304,660
1997,Plot Area,Bangalore,Semi-Furnished,12532262,1312,657
2018,Plot Area,Ahmedabad,Furnished,12532204,1327,664
2009,Carpet Area,Coimbatore,Furnished,12532091,1244,630
1999,Built Area,Jaipur,Unfurnished,12532040,1271,627
2012,Plot Area,Thane,Unfurnished,12531807,1295,657
2000,Super Area,Mysore,Unfurnished,12531771,1263,644
2003,Built Area,Kalyan-Dombivli,Unfurnished,12531549,1358,658
2002,Carpet Area,Navi Mumbai,Furnished,12531452,1329,657
2019,Plot Area,Delhi,Unfurnished,12531432,1272,630
1993,Super Area,Mysore,Unfurnished,12531382,1294,649
2007,Carpet Area,Rajkot,Unfurnished,12531355,1253,640
2018,Super Area,Lucknow,Unfurnished,12531154,1324,647
1996,Carpet Area,Chandigarh,Semi-Furnished,12531121,1284,629
2021,Built Area,Amritsar,Semi-Furnished,12530971,1279,642
2020,Plot Area,Kolkata,Unfurnished,12530969,1270,633
2008,Built Area,Gwalior,Unfurnished,12530967,1283,635
2019,Plot Area,Meerut,Semi-Furnished,12530913,1294,640
1991,Carpet Area,Ghaziabad,Furnished,12530888,1275,632
2019,Super Area,Nashik,Semi-Furnished,12530816,1307,652
2006,Super Area,Mysore,Unfurnished,12530724,1289,647
1993,Built Area,Gwalior,Unfurnished,12530500,1345,656
1998,Plot Area,Bangalore,Unfurnished,12530436,1304,647
2019,Carpet Area,Kanpur,Semi-Furnished,12530409,1349,664
2016,Built Area,Kolkata,Furnished,12530188,1275,636
2007,Super Area,Indore,Furnished,12529952,1361,662
2013,Plot Area,Faridabad,Semi-Furnished,12529931,1241,620
1994,Built Area,Nashik,Unfurnished,12529702,1356,665
1992,Plot Area,Kalyan-Dombivli,Unfurnished,12529447,1278,628
2013,Super Area,Ghaziabad,Semi-Furnished,12529402,1337,670
2010,Plot Area,Vadodara,Furnished,12529091,1293,634
2019,Super Area,Thane,Furnished,12528507,1263,634
2019,Carpet Area,Hyderabad,Semi-Furnished,12528501,1256,641
1999,Plot Area,Bangalore,Unfurnished,12528363,1303,655
2021,Plot Area,Coimbatore,Furnished,12528312,1282,642
1994,Plot Area,Jodhpur,Furnished,12528252,1309,639
2018,Carpet Area,Rajkot,Semi-Furnished,12528170,1340,671
2001,Carpet Area,Bangalore,Unfurnished,12528109,1267,640
2018,Plot Area,Jaipur,Unfurnished,12528065,1347,649
2008,Built Area,Navi Mumbai,Semi-Furnished,12528002,1345,670
2006,Plot Area,Navi Mumbai,Furnished,12527942,1332,677
1995,Plot Area,Ghaziabad,Furnished,12527904,1290,647
2002,Plot Area,Ahmedabad,Unfurnished,12527884,1235,630
1993,Plot Area,Ghaziabad,Furnished,12527839,1333,660
1990,Carpet Area,Meerut,Semi-Furnished,12527723,1281,643
1999,Super Area,Jaipur,Unfurnished,12527306,1302,644
1995,Super Area,Ludhiana,Semi-Furnished,12527256,1328,656
2020,Super Area,Indore,Furnished,12527145,1299,643
2018,Built Area,Mumbai,Unfurnished,12527136,1300,654
2008,Super Area,Varanasi,Unfurnished,12527060,1265,639
2009,Carpet Area,Delhi,Unfurnished,12527042,1254,631
2008,Built Area,Jodhpur,Semi-Furnished,12527010,1326,659
2006,Built Area,Vadodara,Furnished,12526937,1230,616
2000,Plot Area,Delhi,Semi-Furnished,12526825,1304,642
1994,Plot Area,Chennai,Unfurnished,12526778,1264,635
2007,Built Area,Bhopal,Furnished,12526765,1205,622
2015,Plot Area,Delhi,Unfurnished,12526758,1344,666
1992,Carpet Area,Agra,Furnished,12526746,1301,657
1999,Super Area,Surat,Unfurnished,12526730,1272,644
1999,Super Area,Noida,Unfurnished,12526541,1297,655
2008,Plot Area,Aurangabad,Unfurnished,12526505,1200,606
1999,Built Area,Chandigarh,Furnished,12526460,1275,637
2008,Super Area,Navi Mumbai,Unfurnished,12526132,1270,634
2005,Carpet Area,Varanasi,Unfurnished,12526055,1324,657
2006,Super Area,Faridabad,Semi-Furnished,12525801,1307,645
2001,Built Area,Mumbai,Semi-Furnished,12525752,1298,638
2005,Plot Area,Thane,Furnished,12525710,1298,653
1996,Plot Area,Pune,Unfurnished,12525704,1225,614
1993,Super Area,Navi Mumbai,Furnished,12525576,1341,664
1993,Carpet Area,Noida,Furnished,12525344,1238,638
1997,Plot Area,Patna,Semi-Furnished,12525273,1320,654
2006,Super Area,Vadodara,Semi-Furnished,12525032,1322,664
2011,Carpet Area,Chennai,Furnished,12525028,1255,612
2018,Carpet Area,Hyderabad,Furnished,12524883,1253,632
2018,Built Area,Chennai,Furnished,12524826,1284,649
1998,Plot Area,Coimbatore,Furnished,12524603,1333,675
2007,Built Area,Hyderabad,Semi-Furnished,12524322,1326,647
2016,Carpet Area,Mangalore,Furnished,12524315,1245,645
1996,Built Area,Thane,Unfurnished,12524266,1264,621
2007,Built Area,Nagpur,Unfurnished,12524256,1259,631
1994,Plot Area,Vadodara,Semi-Furnished,12524183,1316,646
1991,Super Area,Mysore,Furnished,12524043,1226,628
2000,Carpet Area,Navi Mumbai,Semi-Furnished,12523982,1313,655
2019,Super Area,Hyderabad,Unfurnished,12523975,1249,633
2006,Carpet Area,Delhi,Unfurnished,12523864,1237,620
2017,Built Area,Coimbatore,Unfurnished,12523852,1271,646
2011,Super Area,Agra,Furnished,12523617,1281,654
1991,Plot Area,Ahmedabad,Semi-Furnished,12523488,1331,655
1997,Plot Area,Bangalore,Unfurnished,12523483,1219,630
1995,Carpet Area,Coimbatore,Furnished,12523446,1313,656
1997,Built Area,Patna,Unfurnished,12523337,1271,642
1998,Built Area,Jodhpur,Semi-Furnished,12523227,1248,622
1992,Built Area,Bhopal,Furnished,12522996,1267,641
1990,Built Area,Kalyan-Dombivli,Furnished,12522947,1311,656
1990,Plot Area,Bhopal,Furnished,12522810,1292,631
2020,Super Area,Gwalior,Unfurnished,12522667,1289,645
1992,Plot Area,Kolkata,Semi-Furnished,12522445,1309,640
2002,Plot Area,Agra,Unfurnished,12522425,1272,648
1999,Plot Area,Aurangabad,Unfurnished,12522420,1276,636
1993,Super Area,Jaipur,Furnished,12522344,1259,623
2019,Carpet Area,Kolkata,Furnished,12522204,1294,649
1994,Plot Area,Indore,Semi-Furnished,12521809,1299,642
2009,Super Area,Surat,Semi-Furnished,12521790,1309,637
2010,Carpet Area,Gwalior,Semi-Furnished,12521611,1345,670
1993,Carpet Area,Amritsar,Unfurnished,12521567,1280,640
2007,Super Area,Ahmedabad,Unfurnished,12521547,1271,644
2006,Plot Area,Chandigarh,Semi-Furnished,12521436,1307,646
1999,Carpet Area,Delhi,Semi-Furnished,12521367,1302,653
1996,Plot Area,Ranchi,Furnished,12521129,1222,617
2001,Super Area,Visakhapatnam,Furnished,12520859,1263,636
2003,Carpet Area,Gwalior,Unfurnished,12520807,1317,657
1997,Built Area,Indore,Unfurnished,12520626,1277,637
2009,Super Area,Jaipur,Semi-Furnished,12520576,1245,636
2018,Built Area,Ludhiana,Furnished,12520573,1292,654
1996,Built Area,Patna,Unfurnished,12520501,1281,644
1993,Built Area,Patna,Unfurnished,12520481,1237,641
1994,Plot Area,Bangalore,Furnished,12520408,1284,651
2002,Built Area,Pune,Semi-Furnished,12520247,1391,669
2003,Built Area,Indore,Furnished,12519921,1276,645
2002,Built Area,Mumbai,Furnished,12519848,1243,641
2017,Built Area,Bhopal,Unfurnished,12519797,1257,640
1992,Carpet Area,Aurangabad,Unfurnished,12519640,1330,652
1996,Carpet Area,Ranchi,Unfurnished,12519520,1337,678
2018,Carpet Area,Jaipur,Unfurnished,12519512,1325,659
2014,Built Area,Ahmedabad,Furnished,12519413,1261,642
1999,Plot Area,Agra,Semi-Furnished,12519084,1323,641
1999,Built Area,Chennai,Furnished,12518986,1288,643
2021,Built Area,Chennai,Semi-Furnished,12518955,1302,656
2007,Plot Area,Chandigarh,Semi-Furnished,12518921,1299,649
2017,Built Area,Patna,Unfurnished,12518793,1272,649
2013,Plot Area,Bhopal,Unfurnished,12518687,1268,628
2012,Built Area,Indore,Semi-Furnished,12518344,1339,668
2020,Super Area,Visakhapatnam,Semi-Furnished,12518316,1289,647
2004,Plot Area,Noida,Furnished,12518299,1299,630
2000,Carpet Area,Bhopal,Furnished,12518245,1309,661
1995,Carpet Area,Rajkot,Unfurnished,12518126,1263,643
1993,Built Area,Thane,Furnished,12518034,1268,648
1991,Super Area,Navi Mumbai,Semi-Furnished,12517912,1309,657
2015,Built Area,Meerut,Furnished,12517783,1329,652
1997,Carpet Area,Ahmedabad,Unfurnished,12517735,1393,689
2021,Carpet Area,Vijayawada,Furnished,12517707,1235,617
2005,Carpet Area,Noida,Semi-Furnished,12517633,1180,598
2004,Carpet Area,Ghaziabad,Semi-Furnished,12517515,1257,618
2001,Plot Area,Amritsar,Unfurnished,12517126,1298,639
1995,Plot Area,Nashik,Furnished,12517018,1351,674
2004,Built Area,Delhi,Unfurnished,12516865,1290,641
2002,Built Area,Jodhpur,Semi-Furnished,12516590,1269,634
2021,Carpet Area,Kolkata,Semi-Furnished,12516564,1310,642
2013,Super Area,Ludhiana,Furnished,12516553,1316,661
2020,Built Area,Visakhapatnam,Unfurnished,12516446,1275,625
1999,Carpet Area,Jaipur,Furnished,12516404,1248,647
2007,Built Area,Coimbatore,Semi-Furnished,12516403,1318,653
2006,Plot Area,Hyderabad,Unfurnished,12515988,1316,639
1995,Carpet Area,Nagpur,Furnished,12515843,1251,630
2015,Built Area,Kolkata,Furnished,12515760,1271,636
1995,Carpet Area,Kalyan-Dombivli,Semi-Furnished,12515746,1281,657
1993,Plot Area,Gwalior,Unfurnished,12515646,1314,662
1991,Carpet Area,Pune,Semi-Furnished,12515395,1300,661
1994,Built Area,Thane,Semi-Furnished,12515273,1284,663
2003,Carpet Area,Faridabad,Semi-Furnished,12515246,1315,659
2011,Carpet Area,Navi Mumbai,Furnished,12515167,1288,662
1996,Super Area,Bhopal,Furnished,12515046,1256,632
1996,Super Area,Kolkata,Semi-Furnished,12514991,1312,650
2019,Super Area,Chandigarh,Unfurnished,12514980,1348,670
2009,Plot Area,Coimbatore,Unfurnished,12514974,1229,642
2016,Carpet Area,Navi Mumbai,Semi-Furnished,12514860,1239,624
2020,Carpet Area,Mumbai,Unfurnished,12514781,1323,673
2008,Built Area,Coimbatore,Furnished,12514653,1307,656
2020,Super Area,Vijayawada,Unfurnished,12514598,1308,653
2003,Super Area,Surat,Furnished,12514595,1253,628
2009,Built Area,Vijayawada,Unfurnished,12514370,1272,639
2010,Super Area,Ranchi,Unfurnished,12514313,1304,641
2009,Carpet Area,Indore,Furnished,12514256,1284,629
2019,Super Area,Rajkot,Unfurnished,12514247,1242,623
2005,Super Area,Thane,Furnished,12514142,1266,639
2016,Built Area,Meerut,Semi-Furnished,12513945,1331,669
2021,Plot Area,Gwalior,Unfurnished,12513832,1323,665
2017,Super Area,Ghaziabad,Unfurnished,12513669,1341,670
2013,Carpet Area,Nashik,Unfurnished,12513655,1376,678
2000,Plot Area,Patna,Unfurnished,12513188,1255,643
2000,Super Area,Delhi,Semi-Furnished,12512861,1278,642
2021,Carpet Area,Indore,Unfurnished,12512765,1252,616
2011,Carpet Area,Gwalior,Furnished,12512762,1353,658
2008,Plot Area,Kolkata,Semi-Furnished,12512558,1315,661
1990,Plot Area,Nashik,Furnished,12512531,1252,633
2001,Built Area,Noida,Furnished,12512459,1307,639
2016,Built Area,Ahmedabad,Furnished,12512366,1306,647
2002,Super Area,Visakhapatnam,Furnished,12512336,1316,662
2019,Plot Area,Ghaziabad,Semi-Furnished,12512323,1266,640
2019,Built Area,Ranchi,Furnished,12511948,1291,630
1996,Built Area,Pune,Unfurnished,12511794,1273,644
2000,Super Area,Gwalior,Semi-Furnished,12511783,1275,646
1991,Carpet Area,Nagpur,Furnished,12511727,1314,662
1998,Super Area,Navi Mumbai,Semi-Furnished,12511711,1308,637
2016,Carpet Area,Meerut,Semi-Furnished,12511664,1268,625
2003,Carpet Area,Chandigarh,Unfurnished,12511596,1297,657
2017,Plot Area,Indore,Unfurnished,12511464,1247,645
1991,Plot Area,Bhopal,Semi-Furnished,12511345,1287,637
2018,Carpet Area,Rajkot,Unfurnished,12511334,1289,648
2003,Plot Area,Ranchi,Semi-Furnished,12511279,1290,635
1998,Plot Area,Chandigarh,Semi-Furnished,12511158,1283,642
2014,Plot Area,Aurangabad,Unfurnished,12511118,1279,625
2009,Plot Area,Indore,Semi-Furnished,12511094,1299,659
2014,Plot Area,Agra,Furnished,12511092,1378,687
2009,Built Area,Jodhpur,Furnished,12511090,1291,642
2004,Plot Area,Amritsar,Semi-Furnished,12511061,1270,643
2013,Built Area,Coimbatore,Semi-Furnished,12510916,1288,628
2012,Built Area,Meerut,Semi-Furnished,12510762,1324,663
2020,Plot Area,Lucknow,Furnished,12510729,1257,636
2008,Carpet Area,Ludhiana,Furnished,12510669,1307,642
2010,Carpet Area,Ahmedabad,Semi-Furnished,12510607,1293,644
2021,Built Area,Jaipur,Unfurnished,12510533,1295,652
2015,Built Area,Amritsar,Furnished,12510162,1293,641
1995,Carpet Area,Ludhiana,Unfurnished,12509913,1319,655
2015,Super Area,Jodhpur,Unfurnished,12509808,1269,645
2001,Carpet Area,Thane,Semi-Furnished,12509733,1269,625
2006,Plot Area,Kalyan-Dombivli,Semi-Furnished,12509685,1280,657
2016,Super Area,Kolkata,Furnished,12509543,1322,644
2005,Super Area,Aurangabad,Semi-Furnished,12509199,1279,631
2018,Super Area,Meerut,Furnished,12508977,1340,671
1990,Plot Area,Hyderabad,Semi-Furnished,12508897,1317,663
2009,Super Area,Indore,Semi-Furnished,12508888,1335,667
1999,Plot Area,Thane,Semi-Furnished,12508871,1364,668
1995,Super Area,Patna,Unfurnished,12508868,1305,655
1992,Super Area,Mysore,Unfurnished,12508806,1273,629
2019,Super Area,Amritsar,Unfurnished,12508740,1285,628
2015,Plot Area,Jodhpur,Semi-Furnished,12508693,1271,638
1999,Carpet Area,Noida,Furnished,12508654,1340,669
1997,Super Area,Ghaziabad,Unfurnished,12508366,1274,643
2010,Super Area,Visakhapatnam,Furnished,12508297,1375,669
2013,Super Area,Meerut,Unfurnished,12508094,1298,643
2006,Carpet Area,Kolkata,Unfurnished,12508033,1274,645
2016,Carpet Area,Varanasi,Unfurnished,12507884,1284,647
2020,Plot Area,Meerut,Unfurnished,12507820,1269,644
1999,Super Area,Delhi,Unfurnished,12507595,1280,652
2016,Built Area,Kolkata,Unfurnished,12507510,1289,665
2001,Plot Area,Bangalore,Semi-Furnished,12507391,1313,650
2006,Super Area,Pune,Semi-Furnished,12507007,1258,631
2004,Plot Area,Hyderabad,Unfurnished,12506985,1336,660
2000,Carpet Area,Visakhapatnam,Semi-Furnished,12506974,1291,655
2017,Plot Area,Vijayawada,Furnished,12506773,1303,641
2018,Plot Area,Ludhiana,Semi-Furnished,12506768,1318,661
2015,Super Area,Delhi,Unfurnished,12506748,1247,631
2010,Built Area,Visakhapatnam,Unfurnished,12506711,1330,672
2000,Built Area,Indore,Furnished,12506596,1316,654
1996,Plot Area,Chennai,Unfurnished,12506561,1240,639
1993,Plot Area,Chandigarh,Furnished,12506457,1271,637
1990,Plot Area,Ludhiana,Semi-Furnished,12506238,1310,638
2010,Carpet Area,Rajkot,Furnished,12506211,1299,642
1990,Carpet Area,Agra,Furnished,12506139,1274,654
1992,Carpet Area,Meerut,Furnished,12506029,1379,655
2007,Super Area,Visakhapatnam,Semi-Furnished,12505940,1313,638
1994,Built Area,Kalyan-Dombivli,Unfurnished,12505921,1305,659
2008,Plot Area,Ranchi,Unfurnished,12505767,1312,636
2017,Built Area,Amritsar,Semi-Furnished,12505676,1261,640
2005,Carpet Area,Ludhiana,Unfurnished,12505638,1305,642
1992,Plot Area,Kolkata,Furnished,12505567,1324,647
2006,Plot Area,Ghaziabad,Unfurnished,12505506,1263,631
1995,Super Area,Mumbai,Unfurnished,12505372,1335,658
1992,Carpet Area,Gwalior,Furnished,12505290,1262,643
2008,Carpet Area,Indore,Semi-Furnished,12505091,1249,626
1993,Built Area,Chandigarh,Unfurnished,12504961,1334,669
2013,Super Area,Vijayawada,Semi-Furnished,12504940,1300,631
1997,Carpet Area,Vijayawada,Unfurnished,12504925,1299,662
1996,Plot Area,Mangalore,Unfurnished,12504794,1366,660
2020,Built Area,Rajkot,Furnished,12504784,1293,653
2012,Built Area,Bangalore,Semi-Furnished,12504655,1351,661
2008,Super Area,Thane,Semi-Furnished,12504548,1305,645
1998,Built Area,Rajkot,Furnished,12504394,1277,625
2010,Super Area,Faridabad,Furnished,12504308,1320,646
1994,Super Area,Nagpur,Semi-Furnished,12504270,1275,638
2003,Plot Area,Navi Mumbai,Semi-Furnished,12504187,1285,633
2011,Plot Area,Kanpur,Unfurnished,12504098,1336,656
2009,Plot Area,Agra,Furnished,12503533,1262,636
1998,Built Area,Nashik,Furnished,12503512,1244,620
2019,Plot Area,Ranchi,Unfurnished,12503511,1322,657
1999,Super Area,Ranchi,Unfurnished,12503384,1270,634
2005,Built Area,Nashik,Unfurnished,12503380,1324,662
2019,Super Area,Mumbai,Unfurnished,12503321,1322,660
2009,Super Area,Delhi,Semi-Furnished,12503280,1247,604
2006,Plot Area,Delhi,Unfurnished,12503078,1284,635
2018,Plot Area,Ludhiana,Unfurnished,12503047,1329,651
2009,Carpet Area,Varanasi,Unfurnished,12503042,1264,634
2006,Built Area,Noida,Semi-Furnished,12502882,1253,623
2015,Plot Area,Chandigarh,Semi-Furnished,12502822,1324,655
2014,Super Area,Ranchi,Semi-Furnished,12502753,1291,644
2015,Plot Area,Hyderabad,Semi-Furnished,12502713,1260,631
2009,Super Area,Mangalore,Furnished,12502668,1251,644
1992,Carpet Area,Navi Mumbai,Semi-Furnished,12502506,1207,612
1992,Plot Area,Varanasi,Furnished,12502335,1335,658
2014,Built Area,Bangalore,Semi-Furnished,12502172,1322,662
1998,Super Area,Hyderabad,Unfurnished,12501569,1340,656
2007,Carpet Area,Ahmedabad,Furnished,12501540,1356,672
2012,Built Area,Chennai,Semi-Furnished,12501448,1294,627
1998,Plot Area,Aurangabad,Furnished,12501079,1372,666
1994,Super Area,Patna,Semi-Furnished,12500818,1285,640
2002,Plot Area,Bhopal,Unfurnished,12500818,1261,627
2008,Built Area,Mangalore,Semi-Furnished,12500707,1273,637
2010,Super Area,Bangalore,Furnished,12500478,1250,649
2014,Built Area,Amritsar,Unfurnished,12500384,1224,614
1997,Plot Area,Mysore,Furnished,12500360,1308,656
2020,Plot Area,Ranchi,Semi-Furnished,12500322,1264,661
2003,Plot Area,Jodhpur,Furnished,12500077,1257,642
1998,Carpet Area,Agra,Unfurnished,12499999,1298,647
2016,Built Area,Bangalore,Furnished,12499931,1273,651
2018,Carpet Area,Ghaziabad,Unfurnished,12499918,1309,644
2000,Plot Area,Vijayawada,Unfurnished,12499569,1236,630
2004,Carpet Area,Hyderabad,Unfurnished,12499459,1241,621
1992,Carpet Area,Ghaziabad,Semi-Furnished,12499056,1265,635
1995,Built Area,Nashik,Semi-Furnished,12499028,1225,617
1990,Built Area,Hyderabad,Unfurnished,12499023,1370,693
2009,Super Area,Chandigarh,Furnished,12498923,1332,661
1992,Built Area,Jodhpur,Unfurnished,12498884,1263,621
2019,Plot Area,Chennai,Semi-Furnished,12498864,1292,639
2006,Super Area,Ahmedabad,Furnished,12498443,1270,646
2015,Super Area,Mumbai,Furnished,12498384,1370,670
1998,Built Area,Hyderabad,Semi-Furnished,12498253,1268,622
2018,Built Area,Faridabad,Unfurnished,12498171,1318,652
2005,Super Area,Mangalore,Semi-Furnished,12498146,1299,645
1998,Super Area,Coimbatore,Furnished,12498072,1243,602
2006,Super Area,Delhi,Semi-Furnished,12497840,1285,646
1993,Built Area,Pune,Furnished,12497800,1264,630
1996,Super Area,Patna,Semi-Furnished,12497738,1312,656
1997,Plot Area,Jaipur,Unfurnished,12497550,1243,620
2001,Super Area,Chennai,Unfurnished,12497471,1228,622
2020,Built Area,Aurangabad,Unfurnished,12497243,1328,658
2002,Carpet Area,Chennai,Unfurnished,12497058,1265,647
1992,Super Area,Ranchi,Semi-Furnished,12496958,1301,647
2021,Plot Area,Bhopal,Furnished,12496921,1297,640
2001,Built Area,Nagpur,Furnished,12496888,1304,663
2019,Plot Area,Lucknow,Furnished,12496639,1293,651
2000,Plot Area,Jaipur,Unfurnished,12496590,1264,665
1995,Built Area,Bhopal,Unfurnished,12496572,1208,616
2015,Carpet Area,Nashik,Unfurnished,12496400,1343,661
2021,Super Area,Ranchi,Semi-Furnished,12496375,1350,664
2003,Built Area,Nagpur,Semi-Furnished,12496214,1283,648
2020,Super Area,Mumbai,Furnished,12496137,1316,654
2000,Super Area,Mumbai,Furnished,12496134,1310,663
2008,Carpet Area,Chennai,Semi-Furnished,12496082,1325,664
2019,Super Area,Nashik,Furnished,12495881,1297,649
2019,Built Area,Jaipur,Unfurnished,12495465,1355,654
2008,Super Area,Vijayawada,Semi-Furnished,12495452,1257,619
1991,Plot Area,Coimbatore,Unfurnished,12495364,1291,653
2002,Plot Area,Thane,Furnished,12495339,1282,642
1992,Super Area,Navi Mumbai,Furnished,12495199,1369,667
2009,Plot Area,Faridabad,Semi-Furnished,12495084,1353,682
2016,Super Area,Chennai,Semi-Furnished,12494993,1308,650
2013,Built Area,Aurangabad,Unfurnished,12494885,1280,643
1990,Carpet Area,Nagpur,Unfurnished,12494786,1334,656
2017,Super Area,Nashik,Unfurnished,12494754,1329,644
2020,Built Area,Bhopal,Semi-Furnished,12494632,1290,663
1998,Super Area,Mysore,Semi-Furnished,12494589,1333,671
2016,Carpet Area,Agra,Semi-Furnished,12494572,1217,612
1995,Plot Area,Kanpur,Unfurnished,12494458,1324,649
2021,Plot Area,Noida,Semi-Furnished,12494414,1351,651
1994,Super Area,Chandigarh,Semi-Furnished,12494180,1229,625
1991,Carpet Area,Mumbai,Unfurnished,12494037,1321,657
1994,Plot Area,Chennai,Semi-Furnished,12493515,1284,655
1990,Carpet Area,Nashik,Semi-Furnished,12493410,1266,620
1991,Plot Area,Ghaziabad,Furnished,12493348,1316,650
1992,Built Area,Mumbai,Unfurnished,12493325,1409,690
1990,Built Area,Mangalore,Unfurnished,12493207,1302,645
1995,Super Area,Meerut,Semi-Furnished,12493054,1262,635
2010,Built Area,Chennai,Furnished,12492982,1268,635
2011,Plot Area,Pune,Furnished,12492870,1307,645
1991,Built Area,Chennai,Unfurnished,12492756,1255,630
2021,Carpet Area,Coimbatore,Unfurnished,12492682,1271,641
1999,Built Area,Kalyan-Dombivli,Unfurnished,12492660,1259,631
2007,Plot Area,Hyderabad,Semi-Furnished,12492427,1290,640
2006,Plot Area,Noida,Unfurnished,12492304,1317,648
1997,Super Area,Mangalore,Furnished,12492029,1225,613
2000,Carpet Area,Vijayawada,Unfurnished,12491997,1295,667
2019,Carpet Area,Kalyan-Dombivli,Semi-Furnished,12491528,1286,646
1994,Carpet Area,Faridabad,Furnished,12491300,1294,648
1995,Carpet Area,Kalyan-Dombivli,Unfurnished,12491167,1332,662
2005,Plot Area,Visakhapatnam,Unfurnished,12491113,1305,653
1993,Plot Area,Meerut,Semi-Furnished,12491098,1232,636
2010,Plot Area,Agra,Unfurnished,12491035,1292,668
2001,Carpet Area,Mumbai,Unfurnished,12490874,1247,641
2004,Super Area,Bangalore,Furnished,12490871,1262,645
2001,Plot Area,Nagpur,Unfurnished,12490847,1301,659
2016,Carpet Area,Meerut,Unfurnished,12490796,1365,655
2016,Built Area,Navi Mumbai,Furnished,12490689,1282,643
2011,Carpet Area,Mangalore,Semi-Furnished,12490586,1200,630
2013,Plot Area,Kolkata,Semi-Furnished,12490584,1261,642
2020,Plot Area,Jaipur,Furnished,12489930,1321,661
1999,Super Area,Kanpur,Unfurnished,12489917,1269,637
1999,Carpet Area,Kalyan-Dombivli,Furnished,12489892,1231,620
2019,Built Area,Nashik,Semi-Furnished,12489817,1352,676
1999,Super Area,Noida,Furnished,12489771,1266,639
2016,Built Area,Aurangabad,Furnished,12489740,1240,631
2018,Plot Area,Kalyan-Dombivli,Semi-Furnished,12489725,1306,643
2005,Super Area,Nagpur,Semi-Furnished,12489497,1268,646
1998,Super Area,Ludhiana,Semi-Furnished,12488968,1263,642
1993,Built Area,Lucknow,Furnished,12488729,1267,639
2013,Plot Area,Kalyan-Dombivli,Furnished,12488496,1293,649
1998,Built Area,Kolkata,Furnished,12488093,1308,649
2020,Carpet Area,Surat,Unfurnished,12487789,1326,645
2009,Built Area,Kolkata,Unfurnished,12487679,1289,639
1990,Built Area,Nashik,Unfurnished,12487593,1303,653
1999,Built Area,Ahmedabad,Furnished,12487578,1284,640
2012,Built Area,Kanpur,Semi-Furnished,12487463,1288,642
2001,Built Area,Mysore,Semi-Furnished,12487355,1239,618
2017,Built Area,Nashik,Semi-Furnished,12487152,1281,645
1991,Carpet Area,Ghaziabad,Unfurnished,12487130,1279,623
2016,Built Area,Surat,Semi-Furnished,12486993,1294,638
1993,Super Area,Vijayawada,Semi-Furnished,12486929,1332,644
2002,Plot Area,Rajkot,Furnished,12486889,1319,658
2004,Carpet Area,Meerut,Unfurnished,12486875,1308,654
2017,Plot Area,Lucknow,Unfurnished,12486796,1293,654
2014,Plot Area,Ghaziabad,Furnished,12486596,1298,640
1992,Built Area,Meerut,Furnished,12486492,1270,634
2020,Built Area,Ludhiana,Semi-Furnished,12486374,1240,626
2012,Plot Area,Nagpur,Unfurnished,12486371,1301,653
2001,Carpet Area,Navi Mumbai,Semi-Furnished,12486275,1305,642
1992,Plot Area,Indore,Semi-Furnished,12485949,1292,659
2003,Plot Area,Hyderabad,Semi-Furnished,12485832,1277,632
2011,Plot Area,Kalyan-Dombivli,Unfurnished,12485728,1347,646
1997,Built Area,Faridabad,Furnished,12485566,1301,641
2018,Carpet Area,Gwalior,Unfurnished,12485526,1311,672
2018,Built Area,Delhi,Unfurnished,12485275,1224,612
2000,Super Area,Ludhiana,Unfurnished,12485157,1293,650
2019,Built Area,Nagpur,Semi-Furnished,12484908,1301,649
2017,Plot Area,Delhi,Semi-Furnished,12484813,1360,674
2013,Carpet Area,Aurangabad,Furnished,12484787,1301,651
2017,Built Area,Kalyan-Dombivli,Semi-Furnished,12484720,1313,650
1992,Built Area,Coimbatore,Furnished,12484672,1305,658
1995,Built Area,Ludhiana,Furnished,12484546,1274,639
2000,Super Area,Chandigarh,Unfurnished,12484436,1267,639
2018,Super Area,Navi Mumbai,Semi-Furnished,12484228,1242,633
2012,Built Area,Visakhapatnam,Semi-Furnished,12484182,1278,644
2020,Built Area,Noida,Unfurnished,12484104,1271,637
1990,Plot Area,Bangalore,Unfurnished,12483911,1253,636
2012,Carpet Area,Kolkata,Semi-Furnished,12483774,1243,615
2002,Built Area,Ludhiana,Semi-Furnished,12483542,1362,662
2003,Plot Area,Vijayawada,Furnished,12483497,1336,668
1995,Super Area,Lucknow,Unfurnished,12483487,1330,665
1994,Built Area,Mumbai,Unfurnished,12483477,1368,674
1990,Carpet Area,Bangalore,Furnished,12483347,1287,646
2001,Built Area,Ranchi,Unfurnished,12483209,1252,631
2018,Carpet Area,Indore,Unfurnished,12483051,1288,634
1998,Plot Area,Patna,Furnished,12483038,1262,650
2018,Built Area,Vadodara,Furnished,12483036,1227,622
1999,Plot Area,Varanasi,Unfurnished,12482879,1271,634
2008,Carpet Area,Patna,Semi-Furnished,12482859,1216,619
2012,Super Area,Chennai,Unfurnished,12482808,1287,644
2014,Plot Area,Kanpur,Furnished,12482663,1354,659
2014,Super Area,Thane,Semi-Furnished,12482626,1340,667
2018,Built Area,Surat,Semi-Furnished,12482577,1255,649
2013,Plot Area,Vadodara,Semi-Furnished,12482122,1325,663
2006,Plot Area,Kanpur,Semi-Furnished,12481976,1274,648
1998,Plot Area,Rajkot,Semi-Furnished,12481849,1276,647
1991,Plot Area,Kanpur,Unfurnished,12481745,1270,636
1998,Plot Area,Vijayawada,Unfurnished,12481740,1297,645
2001,Plot Area,Nagpur,Semi-Furnished,12481714,1401,684
2021,Plot Area,Kalyan-Dombivli,Semi-Furnished,12481680,1329,664
1994,Built Area,Amritsar,Unfurnished,12481628,1351,665
2019,Carpet Area,Visakhapatnam,Semi-Furnished,12481543,1268,637
2006,Carpet Area,Surat,Semi-Furnished,12481540,1240,627
2008,Super Area,Nashik,Semi-Furnished,12481365,1253,628
2002,Super Area,Coimbatore,Furnished,12481261,1316,659
2002,Super Area,Noida,Semi-Furnished,12481112,1339,669
2008,Carpet Area,Rajkot,Unfurnished,12481009,1166,624
2020,Built Area,Patna,Semi-Furnished,12480732,1300,644
2019,Super Area,Gwalior,Unfurnished,12480682,1319,654
2008,Super Area,Nashik,Furnished,12480550,1208,597
2005,Carpet Area,Gwalior,Semi-Furnished,12480268,1279,635
2001,Built Area,Vadodara,Furnished,12480050,1230,614
2015,Super Area,Amritsar,Furnished,12479926,1236,619
2002,Built Area,Visakhapatnam,Furnished,12479834,1285,634
2018,Super Area,Visakhapatnam,Semi-Furnished,12479748,1303,651
2003,Built Area,Chennai,Unfurnished,12479726,1311,644
2014,Built Area,Ludhiana,Semi-Furnished,12479717,1301,658
2018,Plot Area,Mysore,Unfurnished,12479427,1269,645
2013,Built Area,Hyderabad,Semi-Furnished,12479390,1220,608
2010,Plot Area,Lucknow,Furnished,12479376,1299,655
1995,Built Area,Jodhpur,Unfurnished,12479333,1245,619
2000,Plot Area,Rajkot,Furnished,12478981,1363,688
2003,Super Area,Delhi,Unfurnished,12478967,1358,658
2010,Built Area,Lucknow,Unfurnished,12478705,1268,632
1997,Plot Area,Navi Mumbai,Semi-Furnished,12478630,1286,647
2006,Built Area,Patna,Unfurnished,12478620,1358,673
2010,Plot Area,Noida,Semi-Furnished,12478612,1263,637
2013,Super Area,Kalyan-Dombivli,Semi-Furnished,12478255,1320,653
2014,Built Area,Bhopal,Furnished,12478246,1298,646
2015,Carpet Area,Ranchi,Semi-Furnished,12478140,1286,644
1999,Built Area,Ghaziabad,Furnished,12478126,1232,635
2021,Carpet Area,Agra,Semi-Furnished,12478005,1238,616
2001,Built Area,Chennai,Semi-Furnished,12478003,1340,659
2012,Carpet Area,Agra,Furnished,12477968,1204,616
2011,Super Area,Vadodara,Furnished,12477581,1248,618
2017,Built Area,Mysore,Unfurnished,12477341,1314,660
2015,Carpet Area,Amritsar,Unfurnished,12477111,1329,649
1992,Carpet Area,Ahmedabad,Semi-Furnished,12477023,1254,626
1991,Plot Area,Varanasi,Unfurnished,12476933,1304,657
2013,Built Area,Meerut,Unfurnished,12476850,1301,650
1997,Super Area,Lucknow,Unfurnished,12476814,1293,643
2004,Super Area,Faridabad,Semi-Furnished,12476779,1280,638
2005,Built Area,Indore,Unfurnished,12476761,1289,638
1996,Carpet Area,Faridabad,Semi-Furnished,12476630,1212,616
2018,Super Area,Rajkot,Furnished,12476418,1304,656
2004,Super Area,Ludhiana,Unfurnished,12476315,1249,623
1996,Plot Area,Navi Mumbai,Semi-Furnished,12476287,1264,635
2012,Built Area,Vadodara,Furnished,12476278,1283,634
2019,Super Area,Noida,Unfurnished,12476089,1330,646
1993,Super Area,Gwalior,Furnished,12475953,1277,633
2021,Built Area,Chandigarh,Furnished,12475703,1301,651
2016,Built Area,Rajkot,Furnished,12475667,1257,635
2015,Plot Area,Kanpur,Semi-Furnished,12475603,1285,655
1992,Built Area,Navi Mumbai,Furnished,12475491,1317,651
2008,Super Area,Bhopal,Unfurnished,12475454,1322,646
1990,Carpet Area,Vijayawada,Furnished,12475300,1230,627
1997,Built Area,Varanasi,Furnished,12475268,1356,674
2004,Built Area,Mangalore,Unfurnished,12474921,1351,647
2015,Super Area,Thane,Semi-Furnished,12474752,1281,638
1999,Super Area,Ghaziabad,Unfurnished,12474721,1311,660
2016,Plot Area,Navi Mumbai,Furnished,12474665,1290,636
2007,Carpet Area,Kanpur,Unfurnished,12474591,1303,657
1998,Plot Area,Nashik,Furnished,12474352,1254,627
2019,Plot Area,Kolkata,Furnished,12474317,1269,640
2015,Plot Area,Noida,Furnished,12474222,1272,630
2017,Carpet Area,Noida,Semi-Furnished,12474101,1281,634
2016,Plot Area,Ranchi,Furnished,12474036,1297,641
1996,Carpet Area,Kalyan-Dombivli,Furnished,12473920,1332,670
2003,Super Area,Mangalore,Furnished,12473896,1260,631
2013,Plot Area,Jaipur,Unfurnished,12473621,1331,652
1999,Super Area,Indore,Semi-Furnished,12473608,1216,625
2017,Plot Area,Rajkot,Unfurnished,12473468,1193,619
2009,Super Area,Hyderabad,Semi-Furnished,12473174,1355,681
2020,Carpet Area,Bangalore,Furnished,12473106,1262,640
2015,Carpet Area,Noida,Furnished,12473076,1328,669
2000,Carpet Area,Nashik,Semi-Furnished,12472892,1259,626
1995,Built Area,Chennai,Semi-Furnished,12472826,1285,631
2010,Super Area,Noida,Unfurnished,12472553,1315,663
2014,Carpet Area,Noida,Semi-Furnished,12472534,1293,662
1996,Super Area,Faridabad,Unfurnished,12472524,1330,654
2011,Super Area,Hyderabad,Semi-Furnished,12472499,1291,638
2006,Plot Area,Mangalore,Furnished,12472471,1312,633
2001,Super Area,Mysore,Furnished,12472425,1300,657
1991,Carpet Area,Chandigarh,Semi-Furnished,12472317,1251,634
1996,Plot Area,Lucknow,Unfurnished,12472302,1328,661
2015,Plot Area,Nashik,Unfurnished,12472271,1260,629
2020,Carpet Area,Bhopal,Furnished,12472267,1303,653
2003,Built Area,Pune,Unfurnished,12472088,1251,642
2003,Carpet Area,Kanpur,Semi-Furnished,12472016,1312,662
1993,Built Area,Chennai,Unfurnished,12471961,1304,639
2020,Super Area,Faridabad,Furnished,12471767,1355,674
2006,Plot Area,Chennai,Unfurnished,12471742,1283,640
2011,Plot Area,Hyderabad,Furnished,12471649,1375,683
1993,Plot Area,Bangalore,Furnished,12471243,1273,639
2014,Super Area,Varanasi,Unfurnished,12471125,1203,603
1999,Plot Area,Mangalore,Unfurnished,12471077,1243,625
1998,Super Area,Kalyan-Dombivli,Furnished,12470721,1266,644
2013,Plot Area,Surat,Furnished,12470713,1326,663
2009,Carpet Area,Ghaziabad,Semi-Furnished,12470671,1270,625
1992,Built Area,Gwalior,Furnished,12470607,1270,641
1998,Built Area,Coimbatore,Furnished,12470551,1251,614
2018,Built Area,Amritsar,Furnished,12470405,1263,620
2014,Built Area,Visakhapatnam,Unfurnished,12470133,1304,653
1998,Built Area,Noida,Semi-Furnished,12470054,1344,661
1991,Built Area,Patna,Unfurnished,12469850,1290,653
2011,Plot Area,Ahmedabad,Furnished,12469686,1285,647
2002,Carpet Area,Ahmedabad,Unfurnished,12469662,1241,612
2005,Plot Area,Agra,Unfurnished,12469549,1280,638
1997,Plot Area,Varanasi,Unfurnished,12469416,1324,662
1990,Plot Area,Navi Mumbai,Unfurnished,12469228,1262,638
2019,Carpet Area,Kalyan-Dombivli,Unfurnished,12469129,1339,687
1991,Carpet Area,Surat,Unfurnished,12468921,1302,641
2009,Built Area,Ahmedabad,Furnished,12468439,1327,650
2018,Plot Area,Delhi,Semi-Furnished,12468253,1265,640
1992,Carpet Area,Ludhiana,Semi-Furnished,12468205,1238,632
1993,Built Area,Rajkot,Unfurnished,12468202,1290,648
2012,Super Area,Bhopal,Semi-Furnished,12468196,1260,634
2011,Built Area,Delhi,Unfurnished,12467933,1275,635
2018,Carpet Area,Nagpur,Semi-Furnished,12467926,1263,632
2015,Super Area,Vadodara,Furnished,12467822,1251,628
1991,Plot Area,Vijayawada,Furnished,12467820,1316,659
1990,Carpet Area,Ahmedabad,Furnished,12467738,1267,632
1992,Built Area,Delhi,Semi-Furnished,12467613,1272,633
2021,Super Area,Jaipur,Semi-Furnished,12467609,1303,645
2002,Super Area,Nagpur,Semi-Furnished,12467409,1332,651
1997,Carpet Area,Delhi,Furnished,12467181,1312,660
2017,Super Area,Ludhiana,Furnished,12467126,1298,656
2015,Built Area,Jaipur,Semi-Furnished,12467022,1270,624
2015,Built Area,Ghaziabad,Furnished,12466886,1274,638
2013,Plot Area,Delhi,Unfurnished,12466750,1223,609
1999,Super Area,Faridabad,Unfurnished,12466699,1296,643
2020,Plot Area,Jodhpur,Semi-Furnished,12466594,1281,638
2006,Super Area,Nagpur,Semi-Furnished,12466570,1272,639
2017,Carpet Area,Faridabad,Semi-Furnished,12466371,1299,644
2003,Built Area,Mumbai,Furnished,12466347,1308,652
2014,Carpet Area,Ahmedabad,Unfurnished,12466310,1297,641
1998,Carpet Area,Aurangabad,Semi-Furnished,12466288,1319,655
1994,Super Area,Navi Mumbai,Semi-Furnished,12466249,1356,666
1997,Built Area,Noida,Semi-Furnished,12465935,1219,625
2013,Super Area,Ludhiana,Semi-Furnished,12465918,1335,659
2018,Plot Area,Bhopal,Semi-Furnished,12465737,1310,645
1999,Plot Area,Indore,Furnished,12465656,1246,623
2006,Plot Area,Ahmedabad,Semi-Furnished,12465402,1274,633
2021,Super Area,Ghaziabad,Furnished,12464882,1298,643
2002,Carpet Area,Nagpur,Semi-Furnished,12464794,1279,646
2011,Plot Area,Jaipur,Semi-Furnished,12464338,1355,670
2017,Built Area,Chandigarh,Semi-Furnished,12464269,1263,636
1991,Plot Area,Jaipur,Furnished,12464156,1262,632
1993,Carpet Area,Patna,Unfurnished,12464130,1334,667
2000,Plot Area,Noida,Semi-Furnished,12464083,1275,657
1998,Built Area,Varanasi,Semi-Furnished,12463922,1254,618
2014,Super Area,Bhopal,Furnished,12463788,1307,660
2020,Plot Area,Chandigarh,Furnished,12463705,1278,646
2018,Built Area,Jodhpur,Unfurnished,12463639,1303,661
2009,Built Area,Pune,Furnished,12463616,1264,656
2002,Plot Area,Noida,Furnished,12463477,1276,630
2004,Super Area,Delhi,Furnished,12463411,1238,614
2014,Carpet Area,Faridabad,Semi-Furnished,12463378,1313,638
1994,Built Area,Indore,Semi-Furnished,12463370,1290,649
2008,Plot Area,Meerut,Semi-Furnished,12463352,1267,651
1998,Super Area,Jodhpur,Furnished,12463337,1299,658
2014,Carpet Area,Amritsar,Furnished,12463217,1364,663
2014,Built Area,Navi Mumbai,Furnished,12463154,1342,676
2004,Carpet Area,Amritsar,Semi-Furnished,12463004,1256,627
2009,Super Area,Navi Mumbai,Semi-Furnished,12462979,1396,678
2009,Carpet Area,Vadodara,Unfurnished,12462475,1353,657
2007,Super Area,Nashik,Unfurnished,12462431,1277,648
1998,Built Area,Gwalior,Furnished,12462389,1298,646
1999,Carpet Area,Gwalior,Semi-Furnished,12462351,1305,630
1999,Super Area,Kalyan-Dombivli,Semi-Furnished,12461978,1284,638
2000,Carpet Area,Meerut,Semi-Furnished,12461963,1314,652
2004,Plot Area,Nashik,Semi-Furnished,12461825,1322,655
2008,Built Area,Bangalore,Unfurnished,12461718,1286,651
2012,Super Area,Indore,Furnished,12461705,1348,673
2007,Super Area,Aurangabad,Furnished,12461599,1268,644
1990,Plot Area,Varanasi,Semi-Furnished,12461557,1234,615
2019,Super Area,Aurangabad,Semi-Furnished,12461552,1323,648
1995,Plot Area,Navi Mumbai,Furnished,12461539,1329,666
1996,Carpet Area,Aurangabad,Furnished,12461255,1325,660
2015,Carpet Area,Hyderabad,Unfurnished,12461108,1252,627
1992,Super Area,Pune,Semi-Furnished,12461075,1259,641
2003,Built Area,Ghaziabad,Unfurnished,12461065,1276,642
2015,Built Area,Rajkot,Unfurnished,12461046,1268,650
2010,Super Area,Hyderabad,Furnished,12460986,1233,630
2006,Carpet Area,Meerut,Furnished,12460791,1287,635
2012,Super Area,Ahmedabad,Semi-Furnished,12460782,1311,658
2020,Built Area,Amritsar,Semi-Furnished,12460755,1269,645
1992,Plot Area,Vijayawada,Furnished,12460740,1194,619
2016,Plot Area,Meerut,Unfurnished,12460724,1314,655
2005,Super Area,Mangalore,Furnished,12460624,1263,636
1993,Plot Area,Bhopal,Furnished,12460496,1271,657
2000,Built Area,Ghaziabad,Unfurnished,12460361,1287,645
2009,Built Area,Vadodara,Semi-Furnished,12460312,1326,668
2019,Super Area,Varanasi,Semi-Furnished,12460285,1329,677
2014,Super Area,Delhi,Unfurnished,12460187,1330,657
2021,Super Area,Surat,Furnished,12460184,1282,645
2021,Built Area,Jodhpur,Semi-Furnished,12460046,1264,638
1997,Built Area,Meerut,Semi-Furnished,12459835,1267,634
2013,Plot Area,Aurangabad,Semi-Furnished,12459395,1320,673
1990,Carpet Area,Thane,Unfurnished,12459296,1276,641
1996,Carpet Area,Hyderabad,Furnished,12459102,1244,618
2003,Carpet Area,Chandigarh,Furnished,12458983,1243,630
2000,Plot Area,Gwalior,Furnished,12458645,1278,630
2011,Carpet Area,Mumbai,Semi-Furnished,12458476,1326,666
1995,Plot Area,Patna,Unfurnished,12458458,1288,645
2019,Carpet Area,Indore,Unfurnished,12458409,1240,624
2012,Plot Area,Mumbai,Semi-Furnished,12458385,1209,618
2012,Super Area,Nashik,Unfurnished,12458376,1258,637
1995,Built Area,Noida,Semi-Furnished,12458371,1272,646
1991,Super Area,Delhi,Furnished,12458361,1257,636
1993,Built Area,Kalyan-Dombivli,Semi-Furnished,12458323,1312,645
2014,Carpet Area,Kalyan-Dombivli,Furnished,12458246,1298,648
2016,Plot Area,Ludhiana,Furnished,12458047,1316,660
2003,Built Area,Ludhiana,Unfurnished,12457902,1212,617
2019,Super Area,Ghaziabad,Semi-Furnished,12457899,1257,663
2013,Plot Area,Gwalior,Semi-Furnished,12457819,1299,661
2015,Plot Area,Gwalior,Furnished,12457745,1254,629
2012,Built Area,Vadodara,Semi-Furnished,12457570,1290,646
1999,Super Area,Amritsar,Unfurnished,12457514,1305,641
1998,Super Area,Kolkata,Semi-Furnished,12457407,1277,627
1997,Built Area,Jodhpur,Unfurnished,12457152,1284,641
2000,Super Area,Hyderabad,Semi-Furnished,12457054,1321,657
1992,Carpet Area,Varanasi,Furnished,12457022,1307,646
2002,Built Area,Mumbai,Semi-Furnished,12456924,1309,640
2002,Super Area,Vadodara,Unfurnished,12456855,1275,651
2005,Carpet Area,Patna,Unfurnished,12456838,1311,651
2002,Carpet Area,Ghaziabad,Semi-Furnished,12456812,1333,681
2016,Built Area,Vijayawada,Unfurnished,12456656,1241,625
2011,Plot Area,Aurangabad,Unfurnished,12456547,1244,630
2001,Plot Area,Kolkata,Furnished,12456042,1222,625
1991,Super Area,Agra,Furnished,12456005,1270,634
2013,Super Area,Kanpur,Unfurnished,12455942,1171,597
1996,Carpet Area,Navi Mumbai,Semi-Furnished,12455802,1213,609
1994,Built Area,Jodhpur,Unfurnished,12455313,1309,654
1994,Built Area,Ludhiana,Semi-Furnished,12455285,1311,660
2013,Super Area,Visakhapatnam,Furnished,12455263,1317,660
1999,Plot Area,Vijayawada,Unfurnished,12455060,1278,648
2009,Super Area,Rajkot,Semi-Furnished,12454880,1296,657
2005,Carpet Area,Surat,Semi-Furnished,12454647,1329,660
2014,Carpet Area,Mysore,Unfurnished,12454556,1290,644
2005,Carpet Area,Mysore,Unfurnished,12454499,1337,656
1991,Carpet Area,Vadodara,Furnished,12454374,1254,639
1999,Carpet Area,Faridabad,Unfurnished,12454313,1341,661
1990,Super Area,Varanasi,Furnished,12454293,1225,611
2007,Super Area,Navi Mumbai,Unfurnished,12453875,1278,646
2004,Super Area,Mysore,Furnished,12453681,1287,635
1991,Built Area,Aurangabad,Furnished,12453646,1285,637
2016,Super Area,Agra,Unfurnished,12453633,1286,643
2018,Super Area,Kanpur,Semi-Furnished,12453476,1326,671
2018,Plot Area,Jodhpur,Unfurnished,12453284,1337,661
2013,Plot Area,Kanpur,Furnished,12453145,1210,611
1997,Built Area,Kalyan-Dombivli,Semi-Furnished,12453128,1293,643
2006,Plot Area,Delhi,Semi-Furnished,12453106,1303,654
2016,Super Area,Gwalior,Semi-Furnished,12453045,1310,668
2013,Super Area,Mumbai,Semi-Furnished,12452891,1219,616
1991,Built Area,Nagpur,Unfurnished,12452449,1277,625
2006,Built Area,Amritsar,Unfurnished,12452216,1293,654
2004,Plot Area,Chandigarh,Unfurnished,12452155,1231,633
2000,Built Area,Ludhiana,Furnished,12452149,1313,673
1998,Built Area,Navi Mumbai,Semi-Furnished,12452052,1287,648
2015,Built Area,Vijayawada,Furnished,12451940,1267,627
2003,Plot Area,Amritsar,Semi-Furnished,12451924,1253,624
2004,Carpet Area,Pune,Furnished,12451824,1259,639
2001,Built Area,Ghaziabad,Unfurnished,12451650,1290,642
1994,Plot Area,Pune,Semi-Furnished,12451628,1312,668
2010,Built Area,Aurangabad,Unfurnished,12451532,1239,631
1994,Plot Area,Chandigarh,Furnished,12451445,1230,637
1999,Carpet Area,Ahmedabad,Unfurnished,12451399,1351,660
1998,Carpet Area,Lucknow,Unfurnished,12451158,1232,621
2020,Carpet Area,Vijayawada,Furnished,12450986,1320,640
1993,Carpet Area,Nashik,Semi-Furnished,12450951,1300,644
2015,Super Area,Vadodara,Semi-Furnished,12450840,1296,648
1990,Super Area,Jodhpur,Furnished,12450692,1315,668
1996,Built Area,Delhi,Semi-Furnished,12450466,1280,657
2002,Carpet Area,Pune,Furnished,12450438,1263,625
2019,Plot Area,Pune,Semi-Furnished,12450388,1246,604
2007,Built Area,Jodhpur,Furnished,12450375,1313,655
2013,Carpet Area,Lucknow,Furnished,12450106,1279,639
2018,Plot Area,Jodhpur,Furnished,12449891,1374,673
2009,Built Area,Chennai,Semi-Furnished,12449827,1250,633
2002,Super Area,Thane,Unfurnished,12449807,1312,651
2017,Plot Area,Kolkata,Furnished,12449653,1338,669
1992,Super Area,Kanpur,Semi-Furnished,12449419,1323,662
1996,Super Area,Kanpur,Furnished,12449316,1301,658
1999,Super Area,Patna,Semi-Furnished,12449189,1286,656
2009,Carpet Area,Meerut,Furnished,12449037,1307,651
1991,Plot Area,Nashik,Semi-Furnished,12448695,1297,632
1991,Carpet Area,Lucknow,Unfurnished,12448598,1309,656
2011,Plot Area,Bhopal,Semi-Furnished,12448463,1235,626
1994,Carpet Area,Ghaziabad,Furnished,12448334,1201,616
1994,Carpet Area,Noida,Unfurnished,12448301,1307,657
2020,Carpet Area,Delhi,Unfurnished,12447992,1361,691
2017,Built Area,Ghaziabad,Unfurnished,12447758,1273,636
1999,Built Area,Nashik,Unfurnished,12447706,1318,660
2021,Plot Area,Mumbai,Furnished,12447698,1352,663
2006,Plot Area,Nashik,Furnished,12447029,1277,632
2015,Super Area,Bangalore,Semi-Furnished,12446688,1313,651
2005,Plot Area,Vadodara,Unfurnished,12446595,1275,631
2012,Carpet Area,Bhopal,Unfurnished,12446394,1243,617
2009,Built Area,Rajkot,Unfurnished,12446032,1289,640
1995,Plot Area,Bangalore,Semi-Furnished,12445936,1298,632
1995,Super Area,Gwalior,Furnished,12445901,1260,633
2010,Super Area,Kanpur,Semi-Furnished,12445867,1365,664
2000,Built Area,Mangalore,Semi-Furnished,12445863,1306,662
2012,Plot Area,Agra,Semi-Furnished,12445827,1315,646
2005,Built Area,Nashik,Semi-Furnished,12445735,1234,633
2020,Plot Area,Meerut,Semi-Furnished,12445711,1295,646
2003,Plot Area,Mysore,Furnished,12445697,1306,649
1990,Carpet Area,Surat,Semi-Furnished,12445616,1303,654
2009,Plot Area,Ahmedabad,Semi-Furnished,12445608,1258,625
1994,Carpet Area,Thane,Furnished,12445567,1332,657
2011,Super Area,Faridabad,Unfurnished,12445469,1300,655
2018,Carpet Area,Kanpur,Unfurnished,12445409,1279,633
1996,Plot Area,Chennai,Furnished,12445383,1269,627
1999,Built Area,Varanasi,Furnished,12445315,1254,615
1997,Carpet Area,Mumbai,Unfurnished,12445260,1258,636
1998,Carpet Area,Ahmedabad,Unfurnished,12444961,1279,653
2007,Carpet Area,Coimbatore,Semi-Furnished,12444893,1261,629
2007,Super Area,Hyderabad,Furnished,12444442,1311,650
2007,Plot Area,Pune,Furnished,12444210,1285,651
2001,Plot Area,Chandigarh,Furnished,12443834,1317,659
2006,Plot Area,Mysore,Unfurnished,12443647,1230,629
2012,Carpet Area,Patna,Semi-Furnished,12443561,1339,671
2012,Carpet Area,Jaipur,Furnished,12443532,1266,636
2012,Built Area,Chandigarh,Furnished,12443458,1239,617
1994,Built Area,Visakhapatnam,Furnished,12443247,1285,628
2009,Plot Area,Kalyan-Dombivli,Furnished,12443099,1272,635
2019,Super Area,Jaipur,Unfurnished,12443090,1248,632
2002,Carpet Area,Chandigarh,Furnished,12442986,1285,643
2005,Built Area,Nagpur,Furnished,12442984,1267,637
2021,Built Area,Agra,Unfurnished,12442976,1256,639
2009,Carpet Area,Rajkot,Semi-Furnished,12442975,1257,630
2003,Carpet Area,Noida,Semi-Furnished,12442522,1324,649
2016,Super Area,Ludhiana,Furnished,12442429,1258,637
2012,Built Area,Kanpur,Unfurnished,12442180,1306,647
2001,Super Area,Pune,Unfurnished,12442060,1273,660
2019,Built Area,Mysore,Furnished,12441970,1322,655
2005,Built Area,Coimbatore,Furnished,12441912,1211,609
2012,Carpet Area,Surat,Furnished,12441820,1245,629
1990,Built Area,Pune,Unfurnished,12441666,1254,631
1993,Plot Area,Amritsar,Unfurnished,12441596,1276,661
2003,Plot Area,Nagpur,Furnished,12441273,1289,633
2015,Built Area,Ranchi,Furnished,12441201,1249,627
1996,Super Area,Patna,Furnished,12440979,1269,643
2010,Super Area,Thane,Semi-Furnished,12440937,1294,644
2005,Carpet Area,Ahmedabad,Semi-Furnished,12440794,1283,638
1991,Plot Area,Surat,Furnished,12440624,1309,646
2014,Super Area,Ahmedabad,Furnished,12440619,1265,636
2014,Super Area,Meerut,Furnished,12440442,1259,633
1999,Super Area,Chandigarh,Furnished,12440375,1282,645
2017,Plot Area,Chennai,Unfurnished,12440344,1280,649
2006,Carpet Area,Mysore,Furnished,12440256,1275,647
2016,Carpet Area,Gwalior,Unfurnished,12440207,1282,640
2007,Plot Area,Nagpur,Semi-Furnished,12440150,1287,645
2003,Plot Area,Visakhapatnam,Unfurnished,12440054,1297,648
2003,Plot Area,Jaipur,Unfurnished,12440036,1245,638
2001,Plot Area,Mangalore,Furnished,12440027,1260,640
1995,Built Area,Coimbatore,Furnished,12440003,1348,657
2021,Super Area,Chandigarh,Furnished,12439862,1315,646
1993,Carpet Area,Navi Mumbai,Unfurnished,12439622,1318,654
1993,Plot Area,Patna,Unfurnished,12439568,1310,649
1996,Plot Area,Delhi,Semi-Furnished,12439380,1267,634
2016,Built Area,Ranchi,Furnished,12439211,1296,635
2009,Super Area,Nagpur,Furnished,12439186,1271,635
2002,Carpet Area,Thane,Unfurnished,12439131,1311,659
2000,Carpet Area,Hyderabad,Unfurnished,12438911,1320,668
2005,Super Area,Meerut,Furnished,12438695,1352,649
2011,Plot Area,Noida,Semi-Furnished,12438634,1266,645
2021,Plot Area,Jaipur,Semi-Furnished,12438602,1298,645
2000,Super Area,Pune,Semi-Furnished,12438573,1280,648
2014,Super Area,Gwalior,Semi-Furnished,12438569,1269,637
2015,Carpet Area,Mumbai,Unfurnished,12438301,1272,647
1992,Carpet Area,Mysore,Semi-Furnished,12437994,1314,655
2000,Built Area,Jodhpur,Furnished,12437874,1224,621
2014,Carpet Area,Hyderabad,Unfurnished,12437695,1249,623
1995,Carpet Area,Thane,Semi-Furnished,12437663,1301,645
2019,Plot Area,Jaipur,Furnished,12437655,1278,653
2001,Super Area,Delhi,Unfurnished,12437609,1254,640
2000,Built Area,Chennai,Furnished,12437263,1305,647
1999,Super Area,Pune,Furnished,12437170,1313,654
1994,Super Area,Noida,Semi-Furnished,12437077,1243,642
1998,Built Area,Nashik,Semi-Furnished,12437057,1284,640
2004,Plot Area,Chennai,Semi-Furnished,12437044,1268,636
2003,Super Area,Navi Mumbai,Furnished,12436977,1271,645
1996,Carpet Area,Ghaziabad,Furnished,12436898,1311,670
2016,Plot Area,Amritsar,Unfurnished,12436727,1373,662
2002,Plot Area,Vadodara,Furnished,12436633,1275,642
2012,Built Area,Nashik,Semi-Furnished,12436606,1247,629
2005,Super Area,Thane,Unfurnished,12436415,1300,647
1998,Carpet Area,Surat,Furnished,12436310,1254,626
1998,Carpet Area,Pune,Semi-Furnished,12436303,1312,640
2020,Built Area,Nagpur,Furnished,12435944,1305,651
2019,Carpet Area,Thane,Furnished,12435469,1241,626
2016,Plot Area,Mangalore,Semi-Furnished,12435306,1344,666
1994,Super Area,Kalyan-Dombivli,Semi-Furnished,12435254,1270,631
2000,Carpet Area,Jodhpur,Furnished,12434918,1249,629
1991,Built Area,Surat,Semi-Furnished,12434880,1334,679
1999,Built Area,Navi Mumbai,Furnished,12434876,1269,645
2018,Super Area,Mysore,Semi-Furnished,12434874,1301,653
1996,Built Area,Vijayawada,Semi-Furnished,12434666,1289,649
2019,Super Area,Chennai,Furnished,12434637,1210,598
1993,Built Area,Kolkata,Semi-Furnished,12434354,1292,648
1990,Plot Area,Nashik,Semi-Furnished,12434344,1339,669
2008,Super Area,Chandigarh,Furnished,12434235,1320,641
2016,Plot Area,Rajkot,Furnished,12434231,1216,623
2005,Carpet Area,Agra,Unfurnished,12434001,1301,641
2012,Built Area,Ghaziabad,Semi-Furnished,12433799,1269,618
2015,Super Area,Noida,Furnished,12433693,1280,639
2008,Carpet Area,Nagpur,Furnished,12433677,1361,676
2014,Carpet Area,Ranchi,Furnished,12433564,1326,665
1990,Carpet Area,Delhi,Unfurnished,12433352,1282,637
1997,Plot Area,Mangalore,Unfurnished,12433287,1254,632
2008,Super Area,Chandigarh,Semi-Furnished,12433240,1318,656
2004,Built Area,Vijayawada,Unfurnished,12433156,1269,637
2000,Carpet Area,Visakhapatnam,Unfurnished,12432977,1305,649
1994,Plot Area,Ludhiana,Semi-Furnished,12432825,1251,635
2018,Plot Area,Patna,Unfurnished,12432817,1330,671
2003,Super Area,Gwalior,Unfurnished,12432730,1282,642
2016,Super Area,Noida,Semi-Furnished,12432683,1270,640
1999,Carpet Area,Nashik,Semi-Furnished,12432346,1283,630
2003,Built Area,Thane,Furnished,12432312,1313,654
2014,Super Area,Ahmedabad,Unfurnished,12432147,1296,637
2014,Built Area,Jodhpur,Semi-Furnished,12432129,1361,679
2021,Plot Area,Aurangabad,Furnished,12432083,1268,626
2005,Super Area,Varanasi,Unfurnished,12431988,1352,677
1992,Super Area,Agra,Furnished,12431920,1337,668
2017,Built Area,Indore,Unfurnished,12431875,1324,653
2017,Built Area,Chandigarh,Unfurnished,12431719,1312,655
2014,Built Area,Coimbatore,Unfurnished,12431382,1292,634
2020,Plot Area,Vadodara,Semi-Furnished,12431153,1264,633
2008,Built Area,Coimbatore,Semi-Furnished,12431103,1287,637
2015,Built Area,Thane,Semi-Furnished,12430836,1345,677
1995,Super Area,Surat,Unfurnished,12430526,1238,612
1999,Carpet Area,Bangalore,Unfurnished,12430505,1243,619
1998,Built Area,Chandigarh,Furnished,12430468,1305,654
2021,Plot Area,Delhi,Furnished,12430144,1282,648
2011,Built Area,Faridabad,Semi-Furnished,12429937,1353,669
1992,Plot Area,Visakhapatnam,Unfurnished,12429723,1330,668
2002,Plot Area,Ludhiana,Furnished,12429565,1241,629
2000,Carpet Area,Patna,Unfurnished,12429538,1261,633
1990,Super Area,Noida,Semi-Furnished,12429207,1291,640
2000,Plot Area,Agra,Semi-Furnished,12429194,1294,637
1996,Super Area,Kalyan-Dombivli,Semi-Furnished,12429188,1317,653
1999,Super Area,Nagpur,Semi-Furnished,12429151,1255,639
2008,Super Area,Kanpur,Semi-Furnished,12429093,1215,606
1996,Carpet Area,Meerut,Semi-Furnished,12429059,1269,640
2003,Carpet Area,Aurangabad,Semi-Furnished,12428979,1228,629
2015,Built Area,Ludhiana,Unfurnished,12428967,1357,662
2005,Super Area,Vijayawada,Furnished,12428943,1236,639
2006,Plot Area,Mumbai,Unfurnished,12428819,1311,659
2010,Plot Area,Bhopal,Furnished,12428798,1300,662
2015,Carpet Area,Ahmedabad,Semi-Furnished,12428728,1310,648
1991,Super Area,Faridabad,Furnished,12428651,1280,638
2016,Carpet Area,Vadodara,Unfurnished,12428578,1227,616
2001,Plot Area,Noida,Unfurnished,12428533,1249,629
2019,Super Area,Bhopal,Furnished,12428507,1244,616
1991,Super Area,Ghaziabad,Furnished,12428141,1378,682
2008,Carpet Area,Ludhiana,Unfurnished,12428126,1333,641
2016,Built Area,Jodhpur,Semi-Furnished,12427955,1300,660
2002,Built Area,Meerut,Unfurnished,12427954,1203,608
2002,Built Area,Ranchi,Furnished,12427782,1237,634
2014,Built Area,Lucknow,Semi-Furnished,12427530,1256,631
2000,Built Area,Nagpur,Furnished,12427310,1305,655
2007,Built Area,Navi Mumbai,Semi-Furnished,12427075,1333,673
2017,Carpet Area,Mangalore,Furnished,12426900,1275,634
2020,Carpet Area,Indore,Furnished,12426900,1232,642
2003,Built Area,Patna,Unfurnished,12426804,1277,641
2010,Built Area,Varanasi,Furnished,12426701,1288,644
1997,Built Area,Thane,Furnished,12426566,1286,639
2013,Plot Area,Jodhpur,Unfurnished,12426491,1287,651
1995,Plot Area,Varanasi,Unfurnished,12426369,1344,675
1997,Super Area,Coimbatore,Unfurnished,12425993,1321,659
2019,Built Area,Surat,Unfurnished,12425917,1258,645
1991,Plot Area,Nashik,Unfurnished,12425853,1286,648
2021,Built Area,Mumbai,Unfurnished,12425404,1286,647
2017,Super Area,Mysore,Furnished,12425200,1261,636
1991,Super Area,Mangalore,Semi-Furnished,12425171,1303,654
2018,Built Area,Kanpur,Unfurnished,12425068,1326,656
1990,Carpet Area,Jaipur,Semi-Furnished,12424946,1319,643
2012,Plot Area,Chandigarh,Unfurnished,12424847,1281,638
1996,Super Area,Gwalior,Furnished,12424806,1300,643
1997,Plot Area,Varanasi,Semi-Furnished,12424757,1337,655
2003,Carpet Area,Varanasi,Semi-Furnished,12424727,1321,656
2015,Built Area,Jaipur,Unfurnished,12424675,1341,652
1991,Built Area,Navi Mumbai,Furnished,12424388,1314,663
2004,Super Area,Meerut,Unfurnished,12424364,1269,628
2021,Carpet Area,Gwalior,Furnished,12424276,1237,622
2004,Plot Area,Kanpur,Unfurnished,12424230,1257,630
2005,Built Area,Chennai,Unfurnished,12424213,1272,645
1999,Plot Area,Visakhapatnam,Semi-Furnished,12424118,1296,649
2002,Super Area,Ludhiana,Unfurnished,12424050,1318,655
2001,Plot Area,Lucknow,Furnished,12423964,1268,644
2016,Plot Area,Ghaziabad,Furnished,12423684,1213,625
1991,Built Area,Mumbai,Semi-Furnished,12423669,1336,656
2009,Super Area,Kolkata,Unfurnished,12423500,1312,668
1991,Super Area,Nagpur,Furnished,12423432,1231,618
2010,Super Area,Rajkot,Furnished,12423420,1320,652
2010,Built Area,Ghaziabad,Semi-Furnished,12423329,1258,635
1991,Carpet Area,Vadodara,Semi-Furnished,12423046,1187,595
1990,Super Area,Noida,Unfurnished,12423033,1257,638
2016,Super Area,Hyderabad,Furnished,12422837,1278,655
2001,Super Area,Coimbatore,Unfurnished,12422824,1290,640
2017,Plot Area,Faridabad,Semi-Furnished,12422636,1304,660
2018,Plot Area,Pune,Unfurnished,12422596,1253,635
2000,Super Area,Chennai,Semi-Furnished,12422392,1328,658
1996,Plot Area,Kalyan-Dombivli,Semi-Furnished,12422282,1296,633
2007,Built Area,Varanasi,Furnished,12422234,1282,628
1996,Plot Area,Kanpur,Furnished,12422152,1278,634
1998,Plot Area,Ghaziabad,Furnished,12422030,1301,649
2018,Carpet Area,Faridabad,Unfurnished,12422017,1350,660
2020,Carpet Area,Mumbai,Semi-Furnished,12421986,1245,626
2003,Super Area,Coimbatore,Semi-Furnished,12421873,1296,663
2017,Super Area,Mangalore,Semi-Furnished,12421716,1265,649
2020,Super Area,Coimbatore,Semi-Furnished,12421656,1299,638
2005,Plot Area,Mysore,Semi-Furnished,12421594,1289,642
1993,Built Area,Rajkot,Semi-Furnished,12421592,1206,600
2007,Carpet Area,Noida,Semi-Furnished,12421452,1226,628
2021,Super Area,Hyderabad,Semi-Furnished,12421346,1294,642
2019,Carpet Area,Delhi,Semi-Furnished,12421238,1241,635
2009,Super Area,Varanasi,Unfurnished,12421159,1275,628
1992,Super Area,Navi Mumbai,Semi-Furnished,12421127,1305,658
2009,Built Area,Ranchi,Unfurnished,12420995,1253,645
2018,Plot Area,Ranchi,Semi-Furnished,12420967,1294,640
2007,Plot Area,Noida,Semi-Furnished,12420909,1315,639
1995,Built Area,Meerut,Unfurnished,12420589,1277,633
2012,Plot Area,Varanasi,Semi-Furnished,12420401,1216,620
2019,Plot Area,Thane,Furnished,12420157,1333,661
1994,Plot Area,Jaipur,Furnished,12419938,1281,632
2003,Carpet Area,Faridabad,Unfurnished,12419708,1274,644
2003,Plot Area,Kalyan-Dombivli,Semi-Furnished,12419412,1317,645
2013,Carpet Area,Ranchi,Furnished,12419401,1358,676
2000,Built Area,Mumbai,Unfurnished,12419249,1323,659
2010,Plot Area,Navi Mumbai,Semi-Furnished,12419140,1281,640
1996,Super Area,Rajkot,Unfurnished,12419081,1298,644
2001,Carpet Area,Jodhpur,Unfurnished,12419044,1326,657
2000,Built Area,Kalyan-Dombivli,Furnished,12419003,1271,635
2000,Plot Area,Mangalore,Unfurnished,12418830,1274,645
2011,Plot Area,Ghaziabad,Furnished,12418583,1251,637
2012,Plot Area,Vijayawada,Semi-Furnished,12418550,1289,649
1998,Built Area,Gwalior,Semi-Furnished,12418544,1332,658
2020,Carpet Area,Vijayawada,Semi-Furnished,12418492,1247,624
2017,Built Area,Chandigarh,Furnished,12418468,1297,658
2014,Carpet Area,Mumbai,Semi-Furnished,12418296,1343,652
2005,Super Area,Ranchi,Semi-Furnished,12418277,1312,650
2017,Built Area,Agra,Unfurnished,12418273,1316,653
2017,Carpet Area,Mangalore,Unfurnished,12418154,1209,604
2019,Plot Area,Jodhpur,Semi-Furnished,12418061,1240,621
2013,Carpet Area,Mangalore,Unfurnished,12418009,1280,631
1998,Plot Area,Faridabad,Furnished,12417529,1271,638
1992,Plot Area,Agra,Semi-Furnished,12417517,1303,649
2009,Carpet Area,Coimbatore,Semi-Furnished,12417500,1255,620
2020,Built Area,Amritsar,Furnished,12417299,1331,649
2002,Plot Area,Jodhpur,Semi-Furnished,12417091,1241,641
2009,Super Area,Jodhpur,Furnished,12417077,1239,620
1995,Plot Area,Kolkata,Semi-Furnished,12417050,1298,635
2017,Built Area,Jodhpur,Unfurnished,12417031,1350,659
2021,Plot Area,Ahmedabad,Semi-Furnished,12417004,1253,631
2015,Built Area,Hyderabad,Semi-Furnished,12416999,1295,655
2002,Super Area,Varanasi,Unfurnished,12416917,1281,637
2008,Plot Area,Ahmedabad,Unfurnished,12416785,1300,644
1993,Built Area,Pune,Unfurnished,12416718,1322,649
1996,Carpet Area,Nagpur,Semi-Furnished,12416711,1261,626
1994,Plot Area,Ahmedabad,Unfurnished,12416576,1295,628
2002,Super Area,Kanpur,Semi-Furnished,12416573,1294,653
2019,Plot Area,Vijayawada,Semi-Furnished,12416501,1298,656
2015,Carpet Area,Amritsar,Semi-Furnished,12416435,1315,668
2012,Built Area,Varanasi,Furnished,12416354,1327,659
2019,Carpet Area,Ghaziabad,Unfurnished,12416219,1235,626
2012,Built Area,Mysore,Semi-Furnished,12416011,1315,649
2004,Plot Area,Jodhpur,Furnished,12416000,1298,655
2021,Plot Area,Ranchi,Unfurnished,12415916,1270,621
1994,Carpet Area,Chandigarh,Furnished,12415729,1233,635
2017,Plot Area,Lucknow,Furnished,12415709,1208,618
2018,Super Area,Thane,Semi-Furnished,12415360,1274,623
2014,Built Area,Nagpur,Furnished,12415153,1247,616
2007,Built Area,Kalyan-Dombivli,Furnished,12415151,1338,665
2020,Plot Area,Ludhiana,Furnished,12415128,1321,639
1992,Built Area,Kanpur,Semi-Furnished,12414921,1313,651
2002,Carpet Area,Lucknow,Semi-Furnished,12414829,1317,651
2015,Carpet Area,Visakhapatnam,Semi-Furnished,12414818,1196,609
2021,Carpet Area,Jaipur,Semi-Furnished,12414637,1386,680
2009,Super Area,Lucknow,Semi-Furnished,12414526,1360,663
2000,Carpet Area,Bangalore,Semi-Furnished,12414419,1260,628
2001,Plot Area,Thane,Furnished,12414386,1295,643
2001,Carpet Area,Varanasi,Furnished,12414236,1307,643
1997,Carpet Area,Jodhpur,Unfurnished,12414225,1297,637
1999,Carpet Area,Faridabad,Semi-Furnished,12414146,1335,653
1991,Built Area,Chennai,Semi-Furnished,12414059,1310,662
1995,Built Area,Indore,Semi-Furnished,12414014,1334,659
2020,Built Area,Varanasi,Semi-Furnished,12413814,1280,648
2012,Built Area,Pune,Furnished,12413765,1263,641
2019,Built Area,Chennai,Semi-Furnished,12413617,1327,653
2021,Carpet Area,Gwalior,Semi-Furnished,12413602,1279,636
1996,Built Area,Amritsar,Furnished,12413550,1302,659
2014,Plot Area,Varanasi,Furnished,12413493,1288,629
2013,Super Area,Coimbatore,Furnished,12413459,1276,639
1995,Super Area,Meerut,Unfurnished,12413381,1242,623
2014,Carpet Area,Nagpur,Unfurnished,12413336,1228,621
2000,Carpet Area,Surat,Unfurnished,12412973,1286,631
2014,Carpet Area,Visakhapatnam,Unfurnished,12412941,1330,673
2013,Built Area,Lucknow,Semi-Furnished,12412880,1216,613
1990,Built Area,Gwalior,Furnished,12412742,1251,642
2004,Super Area,Nashik,Semi-Furnished,12412627,1330,658
2019,Carpet Area,Kanpur,Furnished,12412457,1318,659
2000,Built Area,Chennai,Unfurnished,12412386,1285,643
2001,Super Area,Vijayawada,Unfurnished,12412282,1258,639
1999,Built Area,Ranchi,Furnished,12412244,1296,657
2010,Carpet Area,Mysore,Furnished,12412205,1277,639
2017,Plot Area,Bangalore,Semi-Furnished,12412133,1323,636
2008,Super Area,Meerut,Unfurnished,12412084,1241,632
2010,Plot Area,Lucknow,Semi-Furnished,12411935,1310,642
1997,Carpet Area,Ahmedabad,Furnished,12411736,1291,639
2011,Plot Area,Nashik,Semi-Furnished,12411702,1266,645
1999,Super Area,Rajkot,Unfurnished,12411552,1329,652
2011,Plot Area,Nashik,Unfurnished,12411452,1296,633
1999,Super Area,Patna,Furnished,12411379,1227,615
2012,Super Area,Thane,Furnished,12411231,1331,654
1994,Carpet Area,Nagpur,Semi-Furnished,12411075,1289,632
1998,Plot Area,Nashik,Unfurnished,12410660,1318,666
2014,Plot Area,Jaipur,Furnished,12410363,1268,646
2006,Carpet Area,Indore,Furnished,12410269,1328,667
1995,Plot Area,Navi Mumbai,Semi-Furnished,12410204,1227,619
1994,Built Area,Faridabad,Unfurnished,12410193,1297,645
2006,Built Area,Surat,Semi-Furnished,12410129,1292,635
1998,Plot Area,Patna,Unfurnished,12409962,1373,683
2007,Carpet Area,Nashik,Furnished,12409933,1257,632
1994,Carpet Area,Lucknow,Furnished,12409892,1269,649
1990,Super Area,Pune,Furnished,12409878,1300,633
2010,Carpet Area,Aurangabad,Furnished,12409877,1313,648
1996,Super Area,Bhopal,Unfurnished,12409667,1335,680
1994,Plot Area,Kanpur,Semi-Furnished,12409563,1299,662
2010,Plot Area,Visakhapatnam,Semi-Furnished,12409490,1280,625
2009,Super Area,Indore,Furnished,12409479,1340,672
2014,Built Area,Amritsar,Semi-Furnished,12409464,1308,656
2019,Plot Area,Noida,Furnished,12409334,1280,642
2003,Carpet Area,Surat,Furnished,12409239,1308,639
2015,Super Area,Ranchi,Unfurnished,12409187,1287,646
1993,Built Area,Ranchi,Semi-Furnished,12409107,1338,667
2020,Super Area,Rajkot,Semi-Furnished,12409097,1318,654
2005,Super Area,Visakhapatnam,Furnished,12408934,1346,668
1990,Carpet Area,Surat,Unfurnished,12408758,1303,651
2006,Plot Area,Ranchi,Furnished,12408733,1304,631
2016,Built Area,Bhopal,Unfurnished,12408623,1278,647
2000,Built Area,Aurangabad,Furnished,12408539,1302,643
2017,Super Area,Chennai,Unfurnished,12408530,1193,600
2013,Carpet Area,Rajkot,Furnished,12408451,1334,654
1990,Built Area,Mangalore,Semi-Furnished,12408379,1312,648
1990,Super Area,Rajkot,Furnished,12407964,1242,635
2005,Plot Area,Indore,Semi-Furnished,12407755,1288,641
2013,Carpet Area,Surat,Furnished,12407660,1276,642
2013,Super Area,Aurangabad,Furnished,12407600,1272,648
2007,Plot Area,Nagpur,Furnished,12407422,1295,646
2013,Carpet Area,Faridabad,Semi-Furnished,12407238,1332,655
2002,Super Area,Aurangabad,Semi-Furnished,12407147,1279,632
2017,Carpet Area,Thane,Semi-Furnished,12406798,1252,631
2007,Built Area,Indore,Semi-Furnished,12406726,1290,637
2010,Super Area,Mangalore,Unfurnished,12406709,1256,609
2014,Plot Area,Kalyan-Dombivli,Furnished,12406621,1280,638
1995,Carpet Area,Chandigarh,Semi-Furnished,12406421,1273,646
1992,Carpet Area,Mangalore,Semi-Furnished,12405870,1227,616
2000,Carpet Area,Faridabad,Unfurnished,12405643,1284,640
2014,Carpet Area,Kolkata,Furnished,12405452,1293,651
1994,Built Area,Indore,Unfurnished,12405352,1347,665
2019,Plot Area,Patna,Furnished,12405099,1309,648
2017,Super Area,Mumbai,Furnished,12405020,1312,650
2015,Plot Area,Kolkata,Furnished,12404981,1282,652
2005,Plot Area,Lucknow,Semi-Furnished,12404947,1288,649
2005,Carpet Area,Delhi,Unfurnished,12404928,1320,662
2001,Super Area,Surat,Furnished,12404907,1309,644
2012,Built Area,Thane,Furnished,12404782,1273,642
2017,Built Area,Hyderabad,Semi-Furnished,12404771,1250,625
2000,Super Area,Nagpur,Unfurnished,12404723,1314,657
2012,Carpet Area,Vadodara,Furnished,12404570,1265,617
2002,Super Area,Mangalore,Unfurnished,12404511,1302,657
2018,Plot Area,Faridabad,Semi-Furnished,12404413,1252,636
2016,Super Area,Ranchi,Furnished,12404353,1322,652
2006,Carpet Area,Kalyan-Dombivli,Furnished,12404326,1337,659
2014,Plot Area,Indore,Furnished,12404299,1319,655
1997,Plot Area,Delhi,Semi-Furnished,12404263,1306,638
2015,Plot Area,Ghaziabad,Furnished,12404132,1368,692
1994,Carpet Area,Vijayawada,Semi-Furnished,12404056,1253,627
2019,Carpet Area,Meerut,Unfurnished,12404005,1251,638
2006,Built Area,Coimbatore,Unfurnished,12403954,1399,679
2020,Carpet Area,Thane,Semi-Furnished,12403918,1215,629
1995,Super Area,Chennai,Furnished,12403908,1322,658
1996,Built Area,Rajkot,Furnished,12403866,1274,629
2015,Built Area,Ranchi,Semi-Furnished,12403720,1213,614
1997,Carpet Area,Jaipur,Semi-Furnished,12403642,1359,670
1993,Plot Area,Nashik,Unfurnished,12403557,1293,651
1996,Super Area,Kolkata,Furnished,12403221,1292,631
2019,Built Area,Surat,Furnished,12403063,1256,647
2000,Carpet Area,Nagpur,Unfurnished,12403042,1233,611
2011,Super Area,Chennai,Semi-Furnished,12402979,1288,652
2011,Super Area,Patna,Semi-Furnished,12402860,1328,658
1997,Built Area,Mangalore,Furnished,12402826,1295,651
2015,Carpet Area,Coimbatore,Semi-Furnished,12402758,1273,646
2000,Super Area,Ludhiana,Semi-Furnished,12402514,1356,661
2007,Plot Area,Chandigarh,Unfurnished,12402480,1334,656
2011,Built Area,Navi Mumbai,Semi-Furnished,12402469,1276,637
2018,Plot Area,Bangalore,Semi-Furnished,12402374,1258,620
1998,Super Area,Aurangabad,Furnished,12402243,1247,627
2016,Carpet Area,Lucknow,Unfurnished,12402215,1299,647
1993,Super Area,Chennai,Unfurnished,12401817,1296,654
1990,Built Area,Ludhiana,Furnished,12401771,1318,638
2017,Super Area,Noida,Semi-Furnished,12401658,1353,672
2000,Built Area,Noida,Furnished,12401605,1325,662
2016,Super Area,Nashik,Unfurnished,12401440,1288,644
2010,Super Area,Bhopal,Furnished,12401338,1318,640
2014,Super Area,Visakhapatnam,Unfurnished,12401183,1180,608
2002,Carpet Area,Patna,Semi-Furnished,12401175,1342,663
2017,Carpet Area,Lucknow,Semi-Furnished,12401007,1246,635
2009,Plot Area,Visakhapatnam,Unfurnished,12400953,1277,640
2011,Carpet Area,Amritsar,Semi-Furnished,12400898,1302,645
1992,Plot Area,Hyderabad,Unfurnished,12400893,1264,633
2000,Plot Area,Nagpur,Unfurnished,12400794,1290,646
2021,Carpet Area,Ranchi,Furnished,12400489,1276,640
2008,Super Area,Rajkot,Furnished,12400451,1304,642
1993,Built Area,Jaipur,Semi-Furnished,12400273,1381,675
2013,Carpet Area,Bhopal,Unfurnished,12400165,1251,620
2004,Plot Area,Bangalore,Furnished,12400155,1307,643
2012,Carpet Area,Lucknow,Furnished,12400147,1305,652
2014,Super Area,Nagpur,Unfurnished,12400132,1251,638
1994,Carpet Area,Gwalior,Semi-Furnished,12400130,1286,641
2010,Carpet Area,Chennai,Unfurnished,12400095,1233,625
2012,Carpet Area,Pune,Unfurnished,12399947,1208,617
2002,Super Area,Surat,Semi-Furnished,12399855,1333,663
1995,Plot Area,Meerut,Unfurnished,12399514,1232,626
1996,Carpet Area,Chennai,Furnished,12399475,1280,660
2010,Built Area,Kanpur,Semi-Furnished,12399469,1271,650
2003,Super Area,Meerut,Semi-Furnished,12399388,1292,645
1991,Carpet Area,Amritsar,Unfurnished,12399187,1346,658
1999,Plot Area,Chandigarh,Furnished,12399100,1219,623
2014,Super Area,Vijayawada,Semi-Furnished,12398973,1199,586
2005,Super Area,Vadodara,Unfurnished,12398913,1252,619
2014,Plot Area,Bangalore,Unfurnished,12398771,1317,653
2001,Plot Area,Meerut,Unfurnished,12398714,1304,663
2011,Plot Area,Indore,Semi-Furnished,12398680,1249,626
2015,Carpet Area,Meerut,Furnished,12398638,1288,656
2020,Plot Area,Kalyan-Dombivli,Unfurnished,12398612,1244,624
1994,Carpet Area,Pune,Semi-Furnished,12398424,1245,619
1998,Plot Area,Thane,Furnished,12398423,1375,661
2004,Built Area,Noida,Unfurnished,12398418,1256,631
2019,Built Area,Aurangabad,Furnished,12398127,1348,662
1997,Built Area,Visakhapatnam,Unfurnished,12398108,1238,639
2000,Plot Area,Navi Mumbai,Semi-Furnished,12398094,1298,648
2013,Built Area,Faridabad,Furnished,12398043,1307,653
2020,Built Area,Gwalior,Semi-Furnished,12397969,1271,647
2017,Carpet Area,Bhopal,Furnished,12397893,1319,651
1998,Plot Area,Rajkot,Furnished,12397767,1237,635
2003,Plot Area,Mysore,Semi-Furnished,12397761,1303,646
2000,Plot Area,Hyderabad,Furnished,12397617,1199,606
1995,Plot Area,Pune,Semi-Furnished,12397564,1300,641
2000,Plot Area,Gwalior,Unfurnished,12397417,1307,654
1994,Plot Area,Lucknow,Semi-Furnished,12397195,1284,627
1992,Plot Area,Ahmedabad,Semi-Furnished,12397025,1275,646
1990,Super Area,Coimbatore,Unfurnished,12396954,1298,641
2021,Plot Area,Aurangabad,Semi-Furnished,12396891,1326,650
2005,Plot Area,Chandigarh,Furnished,12396864,1255,634
2003,Super Area,Pune,Furnished,12396740,1253,641
2019,Built Area,Ghaziabad,Semi-Furnished,12396665,1273,637
1994,Plot Area,Ranchi,Furnished,12396613,1275,634
2008,Plot Area,Mysore,Semi-Furnished,12396424,1190,614
2012,Carpet Area,Nagpur,Unfurnished,12396391,1274,636
2006,Plot Area,Vijayawada,Semi-Furnished,12396110,1302,659
2016,Built Area,Bangalore,Unfurnished,12396010,1281,643
2009,Super Area,Pune,Unfurnished,12395921,1299,655
2005,Carpet Area,Nashik,Unfurnished,12395498,1257,640
2019,Carpet Area,Visakhapatnam,Unfurnished,12395311,1215,603
2014,Built Area,Kolkata,Unfurnished,12395299,1197,614
2005,Plot Area,Kanpur,Semi-Furnished,12395207,1260,628
2007,Plot Area,Jodhpur,Furnished,12395054,1379,667
1999,Super Area,Aurangabad,Unfurnished,12395018,1268,636
1996,Super Area,Varanasi,Unfurnished,12394691,1251,619
2000,Carpet Area,Delhi,Semi-Furnished,12394617,1289,649
2014,Carpet Area,Coimbatore,Unfurnished,12394549,1275,637
2007,Built Area,Vijayawada,Semi-Furnished,12394487,1228,618
1992,Super Area,Pune,Unfurnished,12394461,1297,652
2010,Super Area,Agra,Unfurnished,12394400,1213,621
2014,Plot Area,Thane,Unfurnished,12394344,1282,651
2003,Plot Area,Kalyan-Dombivli,Furnished,12394289,1333,647
1990,Super Area,Amritsar,Semi-Furnished,12394275,1249,627
1999,Carpet Area,Patna,Unfurnished,12394253,1308,651
2018,Plot Area,Bangalore,Unfurnished,12394154,1328,665
2020,Super Area,Navi Mumbai,Semi-Furnished,12394118,1239,631
2004,Super Area,Vadodara,Furnished,12393969,1347,661
2010,Plot Area,Kolkata,Furnished,12393817,1321,656
2000,Super Area,Delhi,Unfurnished,12393015,1313,657
1992,Plot Area,Agra,Unfurnished,12393012,1312,647
1994,Carpet Area,Visakhapatnam,Furnished,12392950,1332,644
2011,Plot Area,Nagpur,Semi-Furnished,12392917,1297,648
2009,Built Area,Kalyan-Dombivli,Semi-Furnished,12392909,1324,667
2001,Built Area,Nashik,Unfurnished,12392841,1206,609
1995,Super Area,Jaipur,Semi-Furnished,12392642,1283,639
1996,Super Area,Pune,Semi-Furnished,12392370,1326,645
2015,Built Area,Chennai,Unfurnished,12392250,1254,631
2006,Built Area,Rajkot,Unfurnished,12392152,1255,641
2003,Plot Area,Mumbai,Semi-Furnished,12391696,1265,644
2000,Carpet Area,Patna,Furnished,12391686,1315,657
1996,Super Area,Agra,Unfurnished,12391561,1288,632
2021,Built Area,Faridabad,Semi-Furnished,12391513,1319,655
2010,Super Area,Bangalore,Semi-Furnished,12391428,1280,661
2001,Plot Area,Hyderabad,Semi-Furnished,12391383,1309,655
2008,Plot Area,Ranchi,Furnished,12391159,1316,659
1992,Plot Area,Gwalior,Unfurnished,12391149,1271,633
1998,Plot Area,Noida,Semi-Furnished,12390625,1279,639
2005,Super Area,Ghaziabad,Furnished,12390446,1269,643
2002,Built Area,Visakhapatnam,Unfurnished,12390443,1287,637
2012,Plot Area,Aurangabad,Semi-Furnished,12390415,1341,653
2009,Built Area,Delhi,Furnished,12390323,1308,648
1994,Built Area,Bhopal,Unfurnished,12390258,1283,632
2014,Built Area,Delhi,Unfurnished,12389798,1339,661
2018,Super Area,Rajkot,Semi-Furnished,12389570,1272,624
2017,Plot Area,Pune,Unfurnished,12389335,1234,631
2000,Built Area,Indore,Unfurnished,12389316,1349,669
2018,Built Area,Hyderabad,Semi-Furnished,12388800,1285,631
2005,Built Area,Surat,Furnished,12388664,1300,634
2018,Carpet Area,Kanpur,Semi-Furnished,12388650,1293,632
2014,Built Area,Ranchi,Furnished,12388638,1272,638
2001,Carpet Area,Noida,Furnished,12388595,1309,654
1994,Carpet Area,Lucknow,Unfurnished,12388359,1307,649
1991,Super Area,Lucknow,Unfurnished,12388355,1308,650
2010,Super Area,Lucknow,Furnished,12388195,1318,638
1992,Super Area,Bangalore,Furnished,12388178,1351,675
2020,Super Area,Chandigarh,Unfurnished,12387813,1202,625
2005,Super Area,Kanpur,Furnished,12387742,1244,632
2015,Super Area,Mangalore,Furnished,12387611,1295,663
2003,Carpet Area,Chennai,Unfurnished,12387538,1307,652
2005,Carpet Area,Vadodara,Unfurnished,12387478,1219,613
2006,Carpet Area,Pune,Semi-Furnished,12387387,1295,643
2018,Carpet Area,Coimbatore,Semi-Furnished,12387375,1268,642
1992,Super Area,Delhi,Furnished,12387157,1263,646
2006,Built Area,Visakhapatnam,Unfurnished,12387107,1243,616
2005,Carpet Area,Noida,Furnished,12387089,1252,627
2004,Built Area,Surat,Furnished,12387022,1331,641
1997,Plot Area,Varanasi,Furnished,12386975,1239,622
2010,Plot Area,Kalyan-Dombivli,Semi-Furnished,12386863,1299,640
2019,Super Area,Mysore,Semi-Furnished,12386844,1274,634
1998,Built Area,Pune,Furnished,12386715,1312,662
2018,Built Area,Indore,Semi-Furnished,12386482,1289,645
1996,Built Area,Vadodara,Furnished,12386476,1262,636
2007,Super Area,Patna,Semi-Furnished,12386457,1362,659
2012,Plot Area,Mangalore,Semi-Furnished,12386325,1280,640
1998,Built Area,Pune,Semi-Furnished,12386266,1289,630
1991,Built Area,Navi Mumbai,Semi-Furnished,12386251,1281,625
1992,Super Area,Mumbai,Furnished,12386218,1292,651
1999,Super Area,Vijayawada,Semi-Furnished,12386171,1261,645
1996,Super Area,Faridabad,Semi-Furnished,12386029,1319,658
2008,Super Area,Mumbai,Furnished,12385910,1295,647
2017,Built Area,Lucknow,Unfurnished,12385797,1188,618
2003,Plot Area,Bhopal,Unfurnished,12385570,1257,631
2013,Carpet Area,Nashik,Furnished,12385378,1288,643
2000,Built Area,Coimbatore,Furnished,12385353,1240,613
2011,Carpet Area,Ghaziabad,Unfurnished,12385165,1285,646
2006,Built Area,Agra,Unfurnished,12385006,1352,665
1998,Built Area,Noida,Furnished,12384994,1292,648
2007,Plot Area,Gwalior,Unfurnished,12384923,1306,632
2003,Built Area,Bangalore,Unfurnished,12384764,1272,641
2016,Carpet Area,Mysore,Unfurnished,12384751,1292,650
2020,Carpet Area,Kalyan-Dombivli,Furnished,12384658,1302,652
2016,Carpet Area,Jodhpur,Furnished,12384607,1317,654
2020,Super Area,Indore,Unfurnished,12384355,1300,645
2016,Built Area,Lucknow,Furnished,12384328,1331,655
2021,Super Area,Vadodara,Furnished,12384309,1301,650
2015,Carpet Area,Mangalore,Furnished,12384269,1173,604
2019,Super Area,Aurangabad,Unfurnished,12384238,1285,661
2007,Built Area,Noida,Unfurnished,12383998,1339,656
1998,Carpet Area,Navi Mumbai,Unfurnished,12383940,1215,620
2015,Plot Area,Surat,Furnished,12383931,1281,642
2000,Super Area,Nagpur,Semi-Furnished,12383846,1238,632
2011,Super Area,Visakhapatnam,Unfurnished,12383646,1297,649
2001,Built Area,Gwalior,Semi-Furnished,12383575,1360,670
1998,Carpet Area,Ghaziabad,Furnished,12383565,1279,641
2021,Super Area,Varanasi,Semi-Furnished,12383353,1282,636
2010,Super Area,Jaipur,Furnished,12383173,1235,612
2000,Super Area,Nashik,Semi-Furnished,12382993,1290,633
2017,Built Area,Ahmedabad,Furnished,12382885,1235,626
2017,Super Area,Jodhpur,Furnished,12382786,1264,629
1990,Built Area,Patna,Unfurnished,12382759,1246,633
2008,Carpet Area,Amritsar,Semi-Furnished,12382707,1326,669
2015,Super Area,Nagpur,Unfurnished,12382034,1319,669
2002,Plot Area,Kolkata,Semi-Furnished,12382001,1319,655
2010,Built Area,Navi Mumbai,Furnished,12381915,1334,674
1998,Plot Area,Faridabad,Semi-Furnished,12381604,1275,635
2000,Plot Area,Surat,Semi-Furnished,12381400,1271,630
2008,Built Area,Visakhapatnam,Unfurnished,12381389,1261,645
2002,Plot Area,Faridabad,Unfurnished,12381384,1265,631
2000,Super Area,Surat,Unfurnished,12381345,1287,651
2011,Plot Area,Nashik,Furnished,12381218,1202,619
1993,Super Area,Ahmedabad,Furnished,12381158,1273,650
2018,Built Area,Ahmedabad,Furnished,12381108,1309,650
2014,Super Area,Mangalore,Unfurnished,12380554,1256,639
1992,Built Area,Ludhiana,Unfurnished,12380374,1232,635
2010,Super Area,Navi Mumbai,Semi-Furnished,12380351,1226,625
2010,Super Area,Mumbai,Unfurnished,12380221,1178,604
2021,Built Area,Ghaziabad,Furnished,12380153,1237,626
1993,Carpet Area,Aurangabad,Furnished,12380108,1306,647
2006,Super Area,Thane,Semi-Furnished,12379866,1278,640
2016,Built Area,Mumbai,Furnished,12379740,1296,643
2009,Built Area,Bangalore,Unfurnished,12379728,1304,628
1998,Super Area,Indore,Unfurnished,12379649,1292,643
2002,Built Area,Kolkata,Unfurnished,12379621,1313,647
1991,Plot Area,Thane,Semi-Furnished,12379544,1288,651
1990,Built Area,Vadodara,Semi-Furnished,12379508,1332,654
2002,Super Area,Faridabad,Furnished,12379366,1276,650
1991,Plot Area,Indore,Unfurnished,12379234,1243,640
2020,Carpet Area,Noida,Semi-Furnished,12379161,1293,635
1993,Built Area,Faridabad,Semi-Furnished,12379147,1302,654
2006,Built Area,Mumbai,Semi-Furnished,12379075,1250,626
1993,Built Area,Surat,Unfurnished,12379006,1333,651
2003,Carpet Area,Indore,Unfurnished,12378806,1244,634
2009,Built Area,Patna,Unfurnished,12378624,1267,617
2004,Carpet Area,Kanpur,Unfurnished,12378229,1299,638
1991,Carpet Area,Nagpur,Semi-Furnished,12378133,1235,610
2019,Built Area,Pune,Furnished,12378028,1294,633
2011,Carpet Area,Coimbatore,Furnished,12377937,1295,644
2009,Plot Area,Thane,Unfurnished,12377828,1258,635
2005,Plot Area,Ludhiana,Unfurnished,12377654,1276,647
2008,Built Area,Kanpur,Furnished,12377076,1368,668
2009,Carpet Area,Ludhiana,Unfurnished,12376991,1296,656
1993,Plot Area,Varanasi,Furnished,12376892,1205,607
1993,Built Area,Kalyan-Dombivli,Unfurnished,12376875,1323,660
1991,Built Area,Pune,Furnished,12376774,1358,657
2004,Carpet Area,Vadodara,Furnished,12376661,1285,638
1990,Built Area,Amritsar,Semi-Furnished,12376602,1292,637
2014,Built Area,Rajkot,Unfurnished,12376550,1257,626
1996,Plot Area,Varanasi,Unfurnished,12376452,1259,630
2005,Plot Area,Aurangabad,Unfurnished,12376430,1301,663
2012,Super Area,Delhi,Furnished,12376299,1225,612
2013,Carpet Area,Vadodara,Unfurnished,12376296,1286,645
2014,Carpet Area,Kanpur,Unfurnished,12376239,1228,619
2020,Carpet Area,Varanasi,Furnished,12376221,1218,608
1999,Super Area,Bhopal,Semi-Furnished,12376001,1280,654
2002,Built Area,Noida,Furnished,12375966,1283,632
2017,Plot Area,Mumbai,Unfurnished,12375891,1333,668
1993,Carpet Area,Gwalior,Semi-Furnished,12375525,1327,660
2003,Plot Area,Surat,Semi-Furnished,12375328,1254,629
1994,Carpet Area,Aurangabad,Furnished,12375166,1289,640
2002,Built Area,Mysore,Semi-Furnished,12375035,1226,613
2003,Carpet Area,Coimbatore,Unfurnished,12374772,1312,648
2008,Plot Area,Patna,Unfurnished,12374202,1280,642
2020,Plot Area,Pune,Semi-Furnished,12374067,1253,617
2009,Plot Area,Mysore,Unfurnished,12374001,1295,664
2009,Carpet Area,Vadodara,Furnished,12373869,1300,653
1995,Plot Area,Patna,Furnished,12373858,1327,662
1996,Plot Area,Agra,Furnished,12373771,1264,628
2004,Plot Area,Jodhpur,Semi-Furnished,12373533,1323,655
1994,Built Area,Rajkot,Furnished,12373485,1302,630
2013,Carpet Area,Kanpur,Furnished,12373447,1323,649
2013,Built Area,Kanpur,Furnished,12373398,1325,660
1996,Built Area,Bangalore,Furnished,12373357,1322,655
1996,Built Area,Kalyan-Dombivli,Furnished,12373337,1330,642
1997,Carpet Area,Navi Mumbai,Unfurnished,12373289,1275,644
2021,Super Area,Visakhapatnam,Semi-Furnished,12373105,1265,647
1998,Super Area,Nashik,Furnished,12372863,1194,617
2004,Built Area,Thane,Semi-Furnished,12372858,1307,651
1998,Plot Area,Ghaziabad,Semi-Furnished,12372701,1253,635
2000,Carpet Area,Mangalore,Furnished,12372697,1216,629
2001,Super Area,Mumbai,Furnished,12372156,1223,624
2012,Plot Area,Amritsar,Unfurnished,12372105,1280,634
2011,Plot Area,Jaipur,Unfurnished,12372062,1276,642
1999,Super Area,Coimbatore,Semi-Furnished,12372020,1282,643
2019,Plot Area,Visakhapatnam,Unfurnished,12371850,1314,643
1997,Super Area,Ahmedabad,Semi-Furnished,12371753,1221,627
1991,Built Area,Vadodara,Semi-Furnished,12371717,1319,657
1991,Plot Area,Noida,Semi-Furnished,12371366,1308,645
2007,Built Area,Lucknow,Unfurnished,12371221,1272,654
2003,Super Area,Thane,Furnished,12371097,1268,641
1996,Carpet Area,Kalyan-Dombivli,Unfurnished,12371013,1238,627
1995,Plot Area,Ranchi,Furnished,12370933,1333,656
1995,Built Area,Navi Mumbai,Furnished,12370802,1314,657
2002,Carpet Area,Coimbatore,Unfurnished,12370442,1223,617
2015,Built Area,Bangalore,Furnished,12370126,1314,648
2007,Built Area,Kalyan-Dombivli,Unfurnished,12370112,1327,674
1994,Carpet Area,Vadodara,Semi-Furnished,12370041,1282,644
2013,Carpet Area,Mumbai,Furnished,12369959,1199,615
2009,Super Area,Nashik,Furnished,12369952,1221,645
1995,Super Area,Gwalior,Unfurnished,12369863,1215,639
2006,Super Area,Bangalore,Unfurnished,12369847,1288,633
2013,Built Area,Aurangabad,Semi-Furnished,12369788,1305,652
1995,Super Area,Lucknow,Semi-Furnished,12369768,1312,661
2005,Built Area,Navi Mumbai,Furnished,12369767,1238,613
2017,Carpet Area,Delhi,Furnished,12369648,1332,643
1993,Plot Area,Coimbatore,Semi-Furnished,12369486,1264,634
1997,Carpet Area,Jaipur,Unfurnished,12369389,1296,639
1994,Super Area,Pune,Semi-Furnished,12369351,1245,629
2010,Carpet Area,Amritsar,Semi-Furnished,12369297,1241,625
2005,Super Area,Noida,Semi-Furnished,12369198,1317,650
2016,Carpet Area,Thane,Unfurnished,12368930,1344,681
1993,Plot Area,Nagpur,Unfurnished,12368870,1301,635
2005,Super Area,Meerut,Unfurnished,12368791,1260,628
2009,Super Area,Navi Mumbai,Furnished,12368455,1256,641
1999,Plot Area,Kolkata,Semi-Furnished,12368445,1317,650
2009,Plot Area,Chennai,Semi-Furnished,12368283,1264,637
2000,Plot Area,Bhopal,Unfurnished,12368000,1335,658
1992,Built Area,Mysore,Furnished,12367815,1335,650
2019,Carpet Area,Noida,Semi-Furnished,12367524,1277,637
2003,Built Area,Nagpur,Furnished,12367449,1276,635
2018,Plot Area,Faridabad,Furnished,12367269,1260,641
2011,Built Area,Hyderabad,Semi-Furnished,12367162,1213,607
2001,Built Area,Mysore,Unfurnished,12367008,1299,655
2007,Built Area,Lucknow,Semi-Furnished,12366711,1352,673
2021,Plot Area,Lucknow,Semi-Furnished,12366656,1290,644
1997,Plot Area,Coimbatore,Semi-Furnished,12366641,1203,613
2020,Carpet Area,Ranchi,Unfurnished,12366599,1297,655
2018,Carpet Area,Lucknow,Semi-Furnished,12366579,1220,622
1997,Built Area,Patna,Furnished,12366491,1248,627
2011,Carpet Area,Nagpur,Unfurnished,12366395,1290,636
2004,Carpet Area,Ghaziabad,Unfurnished,12366108,1301,675
1994,Built Area,Thane,Furnished,12366034,1252,627
1998,Carpet Area,Visakhapatnam,Unfurnished,12366026,1264,614
2011,Carpet Area,Amritsar,Furnished,12365947,1248,623
2017,Plot Area,Surat,Furnished,12365809,1249,632
2004,Carpet Area,Chennai,Furnished,12365764,1292,656
2011,Plot Area,Faridabad,Unfurnished,12365741,1300,644
2019,Built Area,Agra,Unfurnished,12365588,1256,645
1992,Super Area,Noida,Semi-Furnished,12365389,1205,616
2003,Plot Area,Ahmedabad,Furnished,12365387,1293,653
2007,Plot Area,Ahmedabad,Furnished,12365358,1337,662
2003,Super Area,Delhi,Semi-Furnished,12365275,1337,655
2019,Built Area,Mumbai,Unfurnished,12365092,1245,630
1995,Super Area,Chennai,Unfurnished,12365006,1305,623
2014,Carpet Area,Coimbatore,Furnished,12364984,1293,635
1996,Super Area,Navi Mumbai,Semi-Furnished,12364937,1337,658
2007,Carpet Area,Hyderabad,Unfurnished,12364720,1338,662
1992,Super Area,Amritsar,Semi-Furnished,12364638,1263,645
1997,Carpet Area,Noida,Furnished,12364621,1239,627
1990,Super Area,Vadodara,Furnished,12364602,1315,661
2007,Carpet Area,Visakhapatnam,Unfurnished,12364403,1281,646
2020,Built Area,Delhi,Unfurnished,12364357,1252,634
2020,Plot Area,Noida,Furnished,12364253,1267,636
1997,Built Area,Bangalore,Furnished,12364214,1243,637
2016,Built Area,Ludhiana,Furnished,12364062,1291,650
2005,Super Area,Ahmedabad,Furnished,12363885,1225,613
2003,Super Area,Varanasi,Furnished,12363328,1297,664
2011,Plot Area,Chandigarh,Semi-Furnished,12363245,1292,640
2006,Super Area,Surat,Furnished,12363152,1284,639
2001,Super Area,Amritsar,Semi-Furnished,12363150,1336,643
2007,Built Area,Rajkot,Semi-Furnished,12363027,1361,680
2021,Super Area,Amritsar,Furnished,12362757,1322,656
2014,Plot Area,Pune,Furnished,12362653,1278,631
2000,Super Area,Delhi,Furnished,12362641,1299,655
2000,Built Area,Varanasi,Furnished,12362493,1263,625
2009,Carpet Area,Kalyan-Dombivli,Unfurnished,12362072,1301,650
1993,Carpet Area,Chandigarh,Unfurnished,12361882,1247,609
2002,Super Area,Vadodara,Semi-Furnished,12361801,1313,669
2015,Built Area,Amritsar,Semi-Furnished,12361764,1248,621
1996,Built Area,Noida,Semi-Furnished,12361541,1244,634
2019,Plot Area,Nashik,Furnished,12361510,1269,647
1999,Plot Area,Faridabad,Furnished,12361024,1348,672
2011,Built Area,Ghaziabad,Furnished,12360933,1268,636
1990,Carpet Area,Bhopal,Furnished,12360796,1301,641
1992,Built Area,Surat,Semi-Furnished,12360663,1279,645
1993,Super Area,Vadodara,Furnished,12360662,1275,642
2012,Super Area,Meerut,Unfurnished,12360442,1286,628
2013,Carpet Area,Coimbatore,Furnished,12360285,1317,663
2000,Built Area,Mangalore,Furnished,12360054,1258,636
2017,Carpet Area,Patna,Semi-Furnished,12359971,1261,634
2010,Carpet Area,Delhi,Unfurnished,12359915,1194,607
2018,Carpet Area,Thane,Furnished,12359883,1312,653
2004,Plot Area,Agra,Unfurnished,12359869,1221,625
1994,Built Area,Varanasi,Furnished,12359687,1296,638
1992,Built Area,Ghaziabad,Furnished,12359685,1321,654
1990,Built Area,Rajkot,Furnished,12359563,1248,611
2020,Super Area,Kalyan-Dombivli,Unfurnished,12359542,1263,641
2011,Super Area,Navi Mumbai,Semi-Furnished,12359443,1302,666
1996,Built Area,Jaipur,Furnished,12359392,1217,625
2021,Plot Area,Kolkata,Furnished,12359178,1286,650
1997,Plot Area,Kolkata,Semi-Furnished,12359167,1292,666
2015,Carpet Area,Ludhiana,Furnished,12359122,1239,633
2003,Plot Area,Indore,Furnished,12358971,1200,606
2002,Plot Area,Chennai,Furnished,12358933,1283,651
2008,Carpet Area,Lucknow,Unfurnished,12358677,1257,638
2006,Super Area,Ahmedabad,Semi-Furnished,12358661,1271,652
2015,Plot Area,Ghaziabad,Unfurnished,12358571,1275,645
1991,Built Area,Coimbatore,Unfurnished,12358438,1271,644
1993,Super Area,Jaipur,Unfurnished,12358410,1313,659
2020,Carpet Area,Vadodara,Unfurnished,12358188,1292,647
1997,Carpet Area,Ludhiana,Unfurnished,12358166,1288,647
1996,Plot Area,Patna,Furnished,12358131,1234,615
1990,Plot Area,Vadodara,Furnished,12358017,1301,657
1994,Super Area,Visakhapatnam,Unfurnished,12357830,1227,622
1995,Plot Area,Jodhpur,Unfurnished,12357761,1300,645
2012,Plot Area,Ahmedabad,Furnished,12357722,1380,676
2000,Plot Area,Nashik,Semi-Furnished,12357668,1268,642
2007,Carpet Area,Aurangabad,Furnished,12357526,1258,618
2012,Plot Area,Kolkata,Semi-Furnished,12357434,1299,658
2000,Built Area,Nashik,Furnished,12357360,1277,647
2003,Built Area,Thane,Unfurnished,12357237,1358,666
1994,Super Area,Indore,Semi-Furnished,12357162,1281,622
1997,Plot Area,Mumbai,Furnished,12357133,1270,625
2021,Built Area,Bhopal,Unfurnished,12357131,1282,648
2006,Carpet Area,Jaipur,Furnished,12356854,1279,636
2010,Carpet Area,Varanasi,Semi-Furnished,12356828,1252,619
2002,Built Area,Thane,Furnished,12356523,1306,655
2000,Plot Area,Meerut,Semi-Furnished,12356438,1319,653
1994,Carpet Area,Ranchi,Unfurnished,12356378,1302,657
2011,Carpet Area,Delhi,Semi-Furnished,12356362,1293,641
2021,Plot Area,Mangalore,Semi-Furnished,12356315,1263,642
1992,Super Area,Ghaziabad,Unfurnished,12356292,1195,616
2009,Super Area,Hyderabad,Furnished,12356205,1252,623
2012,Built Area,Gwalior,Furnished,12355860,1235,617
1990,Built Area,Varanasi,Unfurnished,12355562,1226,627
2007,Built Area,Gwalior,Semi-Furnished,12355368,1302,647
2004,Carpet Area,Vijayawada,Furnished,12354981,1326,647
2012,Super Area,Thane,Unfurnished,12354981,1246,613
2004,Super Area,Delhi,Semi-Furnished,12354869,1279,633
2009,Carpet Area,Meerut,Semi-Furnished,12354444,1226,632
2006,Carpet Area,Amritsar,Semi-Furnished,12354375,1297,649
1998,Carpet Area,Coimbatore,Furnished,12354266,1283,620
2015,Super Area,Patna,Semi-Furnished,12354137,1326,674
2016,Super Area,Coimbatore,Semi-Furnished,12353993,1253,637
2014,Built Area,Bangalore,Furnished,12353936,1325,652
2016,Carpet Area,Pune,Semi-Furnished,12353648,1266,625
2017,Plot Area,Bhopal,Furnished,12353615,1307,656
2006,Carpet Area,Kanpur,Furnished,12353609,1320,644
2018,Built Area,Navi Mumbai,Semi-Furnished,12353466,1295,655
2017,Built Area,Mangalore,Unfurnished,12353117,1271,634
1996,Plot Area,Visakhapatnam,Furnished,12352790,1372,673
2015,Built Area,Coimbatore,Furnished,12352687,1317,654
2013,Built Area,Ludhiana,Furnished,12352630,1307,648
1991,Super Area,Meerut,Unfurnished,12352438,1333,673
2010,Plot Area,Hyderabad,Semi-Furnished,12352353,1349,671
2013,Carpet Area,Chennai,Unfurnished,12352273,1262,644
2021,Super Area,Vadodara,Unfurnished,12352092,1256,631
1999,Carpet Area,Kalyan-Dombivli,Unfurnished,12351913,1244,635
2017,Super Area,Vadodara,Semi-Furnished,12351901,1230,616
1996,Built Area,Bangalore,Unfurnished,12351747,1285,651
1993,Carpet Area,Faridabad,Unfurnished,12351622,1326,654
1999,Super Area,Surat,Furnished,12351107,1252,628
2016,Built Area,Chennai,Furnished,12350979,1238,620
2006,Super Area,Indore,Semi-Furnished,12350822,1274,639
2007,Super Area,Mysore,Furnished,12350803,1293,645
2006,Built Area,Chennai,Unfurnished,12350714,1257,627
2002,Super Area,Pune,Semi-Furnished,12350681,1307,653
1997,Built Area,Agra,Unfurnished,12350414,1371,664
1992,Carpet Area,Ghaziabad,Unfurnished,12350127,1270,632
2005,Plot Area,Bangalore,Unfurnished,12350092,1256,630
1993,Plot Area,Rajkot,Semi-Furnished,12350004,1268,627
2016,Super Area,Thane,Semi-Furnished,12349857,1312,652
1991,Plot Area,Visakhapatnam,Unfurnished,12349760,1271,634
2004,Built Area,Kanpur,Unfurnished,12349572,1329,647
2012,Plot Area,Meerut,Unfurnished,12349445,1313,644
1999,Carpet Area,Lucknow,Unfurnished,12349353,1248,626
2012,Built Area,Hyderabad,Semi-Furnished,12349329,1252,629
2010,Carpet Area,Nagpur,Furnished,12349269,1304,641
2011,Built Area,Rajkot,Furnished,12349062,1266,632
2012,Super Area,Meerut,Furnished,12348909,1249,622
2001,Carpet Area,Aurangabad,Semi-Furnished,12348884,1275,636
2006,Built Area,Bangalore,Semi-Furnished,12348842,1235,622
2008,Carpet Area,Chandigarh,Semi-Furnished,12348823,1326,662
1990,Super Area,Meerut,Semi-Furnished,12348720,1295,658
2013,Plot Area,Jodhpur,Semi-Furnished,12348537,1272,609
2001,Plot Area,Kolkata,Semi-Furnished,12348522,1231,616
2009,Super Area,Noida,Unfurnished,12348156,1242,630
1998,Super Area,Amritsar,Semi-Furnished,12348091,1202,609
2021,Built Area,Lucknow,Unfurnished,12347901,1271,638
2013,Built Area,Kanpur,Semi-Furnished,12347772,1334,672
2013,Super Area,Amritsar,Unfurnished,12347640,1245,618
2002,Super Area,Ranchi,Unfurnished,12347583,1198,606
2006,Super Area,Mysore,Furnished,12347553,1285,638
2011,Super Area,Noida,Unfurnished,12347538,1315,649
2008,Super Area,Visakhapatnam,Unfurnished,12347357,1307,644
2006,Carpet Area,Jodhpur,Unfurnished,12347165,1304,657
2001,Built Area,Indore,Unfurnished,12347118,1258,620
1995,Plot Area,Patna,Semi-Furnished,12347051,1230,619
2000,Carpet Area,Ghaziabad,Unfurnished,12347039,1229,630
2016,Plot Area,Amritsar,Furnished,12346775,1324,648
2009,Plot Area,Rajkot,Semi-Furnished,12346734,1221,636
2014,Plot Area,Navi Mumbai,Unfurnished,12346704,1287,648
2011,Super Area,Bhopal,Furnished,12346689,1250,616
1993,Built Area,Bhopal,Unfurnished,12346608,1211,610
2011,Carpet Area,Nagpur,Semi-Furnished,12346502,1303,651
2006,Built Area,Mysore,Semi-Furnished,12346496,1278,631
2018,Built Area,Vadodara,Unfurnished,12346480,1303,659
1997,Built Area,Indore,Furnished,12346365,1268,631
1993,Built Area,Indore,Furnished,12346261,1272,641
1994,Plot Area,Faridabad,Unfurnished,12346211,1300,638
2003,Super Area,Agra,Unfurnished,12346067,1270,622
2016,Plot Area,Chandigarh,Furnished,12345532,1280,648
1999,Plot Area,Nashik,Semi-Furnished,12345382,1259,627
2014,Carpet Area,Lucknow,Furnished,12345329,1307,644
2011,Plot Area,Agra,Furnished,12345299,1234,630
1994,Built Area,Lucknow,Unfurnished,12345219,1377,695
2001,Super Area,Faridabad,Semi-Furnished,12345179,1310,639
2016,Plot Area,Nagpur,Furnished,12345041,1296,660
2012,Carpet Area,Chennai,Unfurnished,12344957,1376,660
2003,Plot Area,Kanpur,Unfurnished,12344920,1263,617
2008,Plot Area,Pune,Semi-Furnished,12344883,1246,633
2009,Super Area,Mumbai,Unfurnished,12344369,1246,641
2012,Built Area,Pune,Unfurnished,12344348,1267,622
2009,Super Area,Chennai,Semi-Furnished,12344318,1242,629
1992,Built Area,Agra,Unfurnished,12343976,1182,602
1995,Plot Area,Mangalore,Semi-Furnished,12343946,1290,638
2012,Plot Area,Jodhpur,Unfurnished,12343815,1319,660
2013,Carpet Area,Lucknow,Semi-Furnished,12343746,1328,648
2008,Carpet Area,Meerut,Furnished,12343549,1272,630
2004,Super Area,Kalyan-Dombivli,Unfurnished,12343197,1236,620
2011,Plot Area,Patna,Furnished,12343153,1269,625
2002,Carpet Area,Gwalior,Unfurnished,12343119,1303,645
2002,Plot Area,Bhopal,Furnished,12342768,1323,662
2014,Carpet Area,Agra,Furnished,12342662,1297,639
1997,Super Area,Lucknow,Furnished,12342640,1295,649
1995,Super Area,Ahmedabad,Semi-Furnished,12342609,1271,629
2021,Carpet Area,Amritsar,Semi-Furnished,12342555,1284,655
2015,Super Area,Rajkot,Semi-Furnished,12342241,1291,648
2006,Carpet Area,Nagpur,Unfurnished,12341897,1264,645
2004,Super Area,Aurangabad,Semi-Furnished,12341721,1231,620
2012,Built Area,Visakhapatnam,Furnished,12341375,1294,652
2003,Built Area,Ghaziabad,Semi-Furnished,12341359,1307,640
2010,Carpet Area,Nashik,Furnished,12341120,1328,676
2005,Built Area,Hyderabad,Unfurnished,12341041,1257,636
1992,Built Area,Nashik,Furnished,12340883,1288,644
2015,Built Area,Indore,Unfurnished,12340843,1315,641
2000,Super Area,Meerut,Semi-Furnished,12340687,1271,625
1996,Carpet Area,Vijayawada,Semi-Furnished,12340638,1283,632
2020,Carpet Area,Nagpur,Semi-Furnished,12340582,1256,636
2007,Plot Area,Ludhiana,Unfurnished,12340577,1292,647
2004,Carpet Area,Vadodara,Semi-Furnished,12340490,1300,648
2014,Super Area,Surat,Furnished,12340409,1269,645
2012,Built Area,Indore,Furnished,12340358,1253,639
2020,Carpet Area,Kanpur,Furnished,12340230,1240,618
2011,Super Area,Gwalior,Unfurnished,12340060,1319,654
1997,Built Area,Nashik,Furnished,12339954,1297,636
1990,Built Area,Thane,Furnished,12339825,1253,616
2012,Super Area,Patna,Furnished,12339778,1276,639
1997,Carpet Area,Jodhpur,Semi-Furnished,12339592,1280,640
2007,Built Area,Coimbatore,Unfurnished,12339589,1238,619
2020,Super Area,Ghaziabad,Semi-Furnished,12339553,1333,655
1995,Super Area,Indore,Furnished,12339533,1268,630
2012,Plot Area,Patna,Furnished,12339410,1271,638
1999,Plot Area,Coimbatore,Semi-Furnished,12339276,1245,639
2005,Carpet Area,Nashik,Semi-Furnished,12339271,1324,643
1995,Built Area,Bangalore,Furnished,12338864,1256,643
2012,Super Area,Coimbatore,Furnished,12338862,1263,636
1992,Super Area,Surat,Furnished,12338827,1245,629
2000,Built Area,Bangalore,Semi-Furnished,12338749,1265,634
2011,Super Area,Ahmedabad,Unfurnished,12338721,1255,634
2011,Carpet Area,Mangalore,Unfurnished,12338682,1280,634
2019,Super Area,Visakhapatnam,Furnished,12338232,1251,614
2010,Built Area,Nashik,Semi-Furnished,12338089,1223,624
2013,Plot Area,Rajkot,Unfurnished,12337769,1279,654
1996,Super Area,Noida,Semi-Furnished,12337550,1269,636
1994,Built Area,Navi Mumbai,Semi-Furnished,12337379,1271,638
2007,Built Area,Patna,Semi-Furnished,12337277,1254,630
1992,Plot Area,Vijayawada,Semi-Furnished,12337121,1297,628
2004,Plot Area,Kanpur,Semi-Furnished,12336823,1238,616
1998,Built Area,Navi Mumbai,Unfurnished,12336763,1237,629
1990,Built Area,Mumbai,Unfurnished,12336706,1222,621
2009,Super Area,Thane,Semi-Furnished,12336560,1257,625
1999,Built Area,Vadodara,Semi-Furnished,12336477,1301,652
1995,Carpet Area,Rajkot,Semi-Furnished,12336460,1282,647
1999,Carpet Area,Meerut,Furnished,12336453,1332,663
2009,Carpet Area,Kanpur,Semi-Furnished,12336357,1274,628
1994,Super Area,Mangalore,Furnished,12336205,1306,652
2009,Built Area,Gwalior,Furnished,12336196,1287,647
1992,Carpet Area,Vadodara,Unfurnished,12336009,1246,641
2012,Plot Area,Thane,Semi-Furnished,12335834,1206,616
2002,Super Area,Faridabad,Semi-Furnished,12335491,1373,691
2012,Carpet Area,Delhi,Unfurnished,12335348,1211,617
2016,Carpet Area,Ghaziabad,Semi-Furnished,12335249,1243,634
2021,Plot Area,Visakhapatnam,Furnished,12334976,1294,647
2013,Plot Area,Bangalore,Semi-Furnished,12334973,1276,647
2005,Plot Area,Navi Mumbai,Semi-Furnished,12334407,1230,615
2010,Built Area,Chandigarh,Semi-Furnished,12334348,1279,645
2018,Plot Area,Indore,Unfurnished,12334290,1305,644
2016,Plot Area,Lucknow,Unfurnished,12334220,1257,628
2013,Carpet Area,Agra,Semi-Furnished,12334079,1321,642
2006,Built Area,Kolkata,Furnished,12334071,1290,638
2008,Carpet Area,Nashik,Semi-Furnished,12334013,1318,648
2007,Super Area,Faridabad,Semi-Furnished,12334006,1252,622
2004,Plot Area,Delhi,Unfurnished,12333025,1275,652
1990,Plot Area,Faridabad,Unfurnished,12332954,1289,642
2018,Carpet Area,Mysore,Furnished,12332900,1299,643
2007,Super Area,Ludhiana,Unfurnished,12332742,1317,644
2001,Plot Area,Kolkata,Unfurnished,12332704,1259,637
2003,Built Area,Navi Mumbai,Unfurnished,12332664,1273,641
2018,Built Area,Agra,Unfurnished,12332600,1265,638
2010,Super Area,Nashik,Semi-Furnished,12332320,1225,623
2007,Super Area,Chandigarh,Furnished,12332248,1215,602
1997,Carpet Area,Amritsar,Unfurnished,12332224,1320,658
2014,Plot Area,Varanasi,Unfurnished,12332179,1233,623
1991,Super Area,Ludhiana,Unfurnished,12331995,1316,639
2007,Carpet Area,Gwalior,Furnished,12331990,1236,616
2013,Built Area,Hyderabad,Unfurnished,12331795,1207,615
1993,Carpet Area,Jaipur,Unfurnished,12331722,1220,618
1995,Built Area,Nashik,Furnished,12331560,1304,659
2011,Built Area,Mangalore,Unfurnished,12331320,1281,652
2012,Plot Area,Ghaziabad,Furnished,12331303,1223,615
2018,Built Area,Bhopal,Semi-Furnished,12331071,1226,622
2011,Built Area,Patna,Furnished,12330683,1211,603
2006,Super Area,Amritsar,Furnished,12330654,1314,667
2015,Plot Area,Vijayawada,Semi-Furnished,12330511,1208,610
2000,Carpet Area,Gwalior,Furnished,12330176,1287,644
1994,Built Area,Gwalior,Semi-Furnished,12330147,1245,643
1990,Super Area,Bhopal,Unfurnished,12329859,1305,649
2009,Plot Area,Indore,Furnished,12329847,1303,645
1991,Plot Area,Mangalore,Unfurnished,12329800,1230,619
2006,Built Area,Pune,Semi-Furnished,12329662,1241,628
2000,Plot Area,Lucknow,Unfurnished,12329452,1328,659
2006,Carpet Area,Visakhapatnam,Furnished,12329295,1235,617
1999,Carpet Area,Jaipur,Semi-Furnished,12329272,1312,651
1999,Carpet Area,Gwalior,Unfurnished,12328988,1255,647
1991,Carpet Area,Gwalior,Semi-Furnished,12328878,1232,613
2009,Built Area,Noida,Semi-Furnished,12328764,1226,605
2015,Plot Area,Ludhiana,Unfurnished,12328650,1265,616
1991,Built Area,Ghaziabad,Semi-Furnished,12328400,1320,649
2015,Built Area,Thane,Furnished,12328352,1286,626
2009,Built Area,Agra,Unfurnished,12328333,1337,655
2008,Carpet Area,Ludhiana,Semi-Furnished,12328319,1269,630
1993,Plot Area,Vadodara,Unfurnished,12328277,1270,637
1996,Plot Area,Ranchi,Unfurnished,12328116,1341,669
2010,Plot Area,Kanpur,Unfurnished,12328060,1285,642
1997,Super Area,Gwalior,Unfurnished,12327933,1207,605
2016,Carpet Area,Surat,Semi-Furnished,12327703,1300,644
1991,Plot Area,Noida,Unfurnished,12327609,1288,641
2016,Carpet Area,Bangalore,Semi-Furnished,12327581,1316,651
1991,Carpet Area,Varanasi,Furnished,12327571,1255,635
2010,Built Area,Hyderabad,Furnished,12327554,1306,648
1996,Super Area,Coimbatore,Furnished,12327552,1254,628
2011,Built Area,Varanasi,Furnished,12327531,1191,605
1999,Built Area,Kanpur,Furnished,12327427,1303,635
2021,Plot Area,Hyderabad,Semi-Furnished,12326902,1344,662
2011,Built Area,Hyderabad,Furnished,12326891,1309,653
2004,Super Area,Mumbai,Unfurnished,12326770,1259,628
2020,Plot Area,Kolkata,Semi-Furnished,12326741,1370,664
2021,Carpet Area,Mumbai,Furnished,12326540,1228,618
2014,Super Area,Kolkata,Unfurnished,12326437,1186,602
2000,Built Area,Noida,Unfurnished,12326385,1317,657
2006,Plot Area,Pune,Furnished,12326288,1308,646
2020,Carpet Area,Nashik,Unfurnished,12326217,1248,623
1994,Carpet Area,Aurangabad,Semi-Furnished,12326123,1286,631
1999,Super Area,Nashik,Furnished,12325744,1283,639
2014,Plot Area,Thane,Furnished,12325412,1308,640
2008,Built Area,Vadodara,Furnished,12325321,1407,676
1994,Carpet Area,Surat,Semi-Furnished,12324683,1273,644
2018,Super Area,Ranchi,Unfurnished,12324613,1378,677
2002,Plot Area,Kanpur,Semi-Furnished,12324415,1279,635
2019,Plot Area,Meerut,Unfurnished,12324212,1276,637
1995,Super Area,Bhopal,Unfurnished,12324208,1298,647
2006,Built Area,Kolkata,Semi-Furnished,12323998,1300,659
2005,Carpet Area,Noida,Unfurnished,12323680,1255,625
2014,Super Area,Delhi,Semi-Furnished,12323671,1292,641
2006,Carpet Area,Coimbatore,Unfurnished,12323655,1314,645
2010,Built Area,Ludhiana,Semi-Furnished,12323568,1298,642
2018,Super Area,Surat,Furnished,12323551,1211,611
2006,Plot Area,Bhopal,Semi-Furnished,12323422,1296,640
1991,Carpet Area,Mumbai,Furnished,12323403,1261,619
2013,Built Area,Vijayawada,Unfurnished,12323280,1308,652
1995,Plot Area,Amritsar,Furnished,12323123,1270,620
2004,Plot Area,Delhi,Semi-Furnished,12323113,1272,643
1992,Built Area,Nagpur,Unfurnished,12323020,1253,626
2000,Built Area,Jodhpur,Semi-Furnished,12322683,1275,639
2017,Built Area,Delhi,Semi-Furnished,12322589,1340,654
1996,Super Area,Surat,Unfurnished,12322584,1244,631
2009,Plot Area,Mumbai,Furnished,12322519,1260,630
2020,Super Area,Mangalore,Semi-Furnished,12322470,1222,626
2019,Plot Area,Vijayawada,Furnished,12322409,1226,628
2007,Super Area,Ludhiana,Semi-Furnished,12322273,1324,647
2018,Carpet Area,Patna,Unfurnished,12322267,1305,657
2008,Super Area,Vadodara,Unfurnished,12322166,1277,651
1991,Built Area,Meerut,Unfurnished,12322090,1241,626
2014,Built Area,Kanpur,Furnished,12322084,1265,645
1994,Super Area,Coimbatore,Semi-Furnished,12322057,1306,646
2018,Plot Area,Patna,Semi-Furnished,12322047,1288,655
1992,Built Area,Bangalore,Unfurnished,12321754,1302,658
1994,Super Area,Mysore,Unfurnished,12321439,1269,638
2000,Carpet Area,Kolkata,Unfurnished,12321217,1261,625
1991,Plot Area,Chandigarh,Unfurnished,12321113,1277,632
2015,Built Area,Vadodara,Furnished,12321103,1249,617
2001,Carpet Area,Amritsar,Furnished,12320963,1312,647
2021,Built Area,Kanpur,Unfurnished,12320880,1206,612
1994,Carpet Area,Hyderabad,Furnished,12320823,1318,653
2009,Plot Area,Bangalore,Semi-Furnished,12320554,1304,649
1993,Built Area,Varanasi,Semi-Furnished,12320403,1201,620
1998,Carpet Area,Jaipur,Unfurnished,12320229,1296,647
1994,Carpet Area,Kanpur,Unfurnished,12320086,1272,640
2008,Super Area,Kolkata,Furnished,12320078,1309,642
2007,Carpet Area,Patna,Furnished,12320064,1337,672
2021,Plot Area,Hyderabad,Unfurnished,12319846,1306,669
2002,Plot Area,Mysore,Furnished,12319722,1263,621
2021,Built Area,Delhi,Furnished,12319328,1272,637
2003,Carpet Area,Agra,Semi-Furnished,12319311,1287,638
2004,Super Area,Mangalore,Semi-Furnished,12318875,1283,643
2002,Super Area,Ludhiana,Furnished,12318847,1306,658
1992,Carpet Area,Mysore,Unfurnished,12318822,1299,645
2003,Carpet Area,Vadodara,Semi-Furnished,12318794,1296,638
2009,Built Area,Kanpur,Unfurnished,12318724,1309,658
2000,Carpet Area,Chennai,Furnished,12318705,1301,637
2017,Built Area,Surat,Semi-Furnished,12318677,1261,631
1995,Built Area,Ahmedabad,Unfurnished,12318615,1224,614
2015,Built Area,Noida,Semi-Furnished,12318574,1239,619
2004,Super Area,Nagpur,Unfurnished,12318571,1283,647
1990,Built Area,Ludhiana,Semi-Furnished,12318420,1255,629
1998,Built Area,Ludhiana,Unfurnished,12318416,1141,595
1997,Built Area,Jaipur,Furnished,12317914,1258,625
2021,Carpet Area,Kanpur,Unfurnished,12317731,1328,669
1992,Plot Area,Nashik,Semi-Furnished,12317638,1256,639
2008,Built Area,Jodhpur,Unfurnished,12317625,1282,639
2010,Super Area,Coimbatore,Semi-Furnished,12317103,1222,608
2009,Plot Area,Nashik,Furnished,12317058,1331,658
1990,Super Area,Surat,Furnished,12317030,1224,613
2011,Built Area,Indore,Semi-Furnished,12316862,1299,638
2003,Super Area,Indore,Unfurnished,12316769,1293,640
1993,Super Area,Agra,Furnished,12316642,1251,639
2006,Carpet Area,Ranchi,Unfurnished,12316052,1308,644
1994,Plot Area,Bhopal,Unfurnished,12316046,1287,644
1993,Super Area,Kanpur,Semi-Furnished,12315842,1207,628
1999,Built Area,Nashik,Semi-Furnished,12315827,1269,647
2006,Built Area,Visakhapatnam,Furnished,12315609,1331,661
2011,Built Area,Chennai,Furnished,12315568,1235,636
2011,Carpet Area,Mumbai,Unfurnished,12315473,1250,628
2003,Plot Area,Surat,Unfurnished,12315242,1259,638
2018,Plot Area,Mumbai,Unfurnished,12315207,1266,638
2003,Built Area,Noida,Furnished,12315146,1293,655
2016,Super Area,Delhi,Semi-Furnished,12315106,1346,679
2008,Carpet Area,Mangalore,Unfurnished,12314450,1255,623
2019,Carpet Area,Visakhapatnam,Furnished,12314415,1254,632
2015,Plot Area,Varanasi,Furnished,12314382,1244,630
1990,Carpet Area,Jodhpur,Semi-Furnished,12314295,1280,635
2000,Built Area,Chennai,Semi-Furnished,12314274,1316,657
2017,Built Area,Mumbai,Unfurnished,12314264,1270,630
2007,Plot Area,Mysore,Furnished,12314069,1286,662
2000,Plot Area,Patna,Furnished,12314010,1193,599
2020,Built Area,Indore,Unfurnished,12313822,1240,632
2006,Built Area,Chandigarh,Unfurnished,12313748,1245,619
1998,Plot Area,Kanpur,Semi-Furnished,12313732,1263,628
2013,Built Area,Coimbatore,Unfurnished,12313716,1270,629
2006,Built Area,Kanpur,Furnished,12313639,1317,659
2014,Plot Area,Rajkot,Unfurnished,12313567,1281,633
2004,Built Area,Kolkata,Unfurnished,12313355,1305,646
2001,Super Area,Rajkot,Furnished,12313240,1267,641
1993,Carpet Area,Kalyan-Dombivli,Semi-Furnished,12313092,1283,647
2018,Built Area,Lucknow,Furnished,12312890,1232,633
1996,Plot Area,Vijayawada,Semi-Furnished,12312846,1238,627
1996,Super Area,Kanpur,Unfurnished,12312735,1328,667
1991,Carpet Area,Patna,Furnished,12312570,1307,654
2009,Super Area,Varanasi,Furnished,12312469,1251,623
2007,Built Area,Rajkot,Furnished,12312449,1277,643
1992,Plot Area,Kanpur,Furnished,12312215,1252,625
1998,Super Area,Navi Mumbai,Unfurnished,12312140,1281,641
2000,Super Area,Varanasi,Furnished,12311889,1344,656
2000,Built Area,Chandigarh,Furnished,12311601,1264,637
2012,Carpet Area,Chandigarh,Furnished,12311588,1342,678
2020,Built Area,Kanpur,Unfurnished,12311424,1252,629
2005,Carpet Area,Kolkata,Furnished,12311283,1373,677
2021,Super Area,Ahmedabad,Semi-Furnished,12311232,1278,636
2006,Built Area,Meerut,Furnished,12310974,1281,651
2011,Built Area,Ghaziabad,Unfurnished,12310776,1231,614
2018,Built Area,Noida,Semi-Furnished,12310766,1273,632
2006,Carpet Area,Ludhiana,Furnished,12310757,1269,638
1992,Plot Area,Faridabad,Unfurnished,12310665,1254,630
2006,Built Area,Aurangabad,Furnished,12310571,1230,611
2014,Super Area,Mumbai,Semi-Furnished,12310457,1254,621
2005,Plot Area,Ahmedabad,Unfurnished,12310271,1245,631
2002,Super Area,Chandigarh,Semi-Furnished,12309310,1213,602
2015,Carpet Area,Kalyan-Dombivli,Semi-Furnished,12309262,1247,623
2010,Carpet Area,Faridabad,Furnished,12309220,1288,650
1992,Built Area,Ludhiana,Semi-Furnished,12309176,1233,621
2014,Super Area,Coimbatore,Furnished,12309162,1281,633
2007,Carpet Area,Kanpur,Furnished,12309004,1270,647
2005,Super Area,Gwalior,Unfurnished,12308907,1328,651
2020,Built Area,Jodhpur,Semi-Furnished,12308814,1209,622
2006,Built Area,Ghaziabad,Semi-Furnished,12308671,1335,666
1995,Plot Area,Rajkot,Semi-Furnished,12308567,1272,630
2000,Carpet Area,Varanasi,Unfurnished,12308407,1281,647
1994,Built Area,Patna,Furnished,12308257,1178,595
1997,Plot Area,Navi Mumbai,Unfurnished,12308176,1225,634
2008,Built Area,Indore,Furnished,12308112,1368,689
1999,Built Area,Hyderabad,Unfurnished,12308052,1303,643
2021,Carpet Area,Mysore,Unfurnished,12308051,1247,629
2016,Carpet Area,Rajkot,Semi-Furnished,12307941,1271,643
2009,Super Area,Mumbai,Semi-Furnished,12307743,1225,629
1991,Carpet Area,Nashik,Semi-Furnished,12307739,1362,684
2020,Built Area,Thane,Unfurnished,12307736,1232,612
2021,Plot Area,Aurangabad,Unfurnished,12307565,1277,644
2015,Built Area,Aurangabad,Unfurnished,12307557,1242,618
2008,Carpet Area,Navi Mumbai,Furnished,12307505,1307,655
2012,Carpet Area,Ghaziabad,Unfurnished,12307350,1255,629
2002,Plot Area,Varanasi,Unfurnished,12307278,1253,639
1998,Built Area,Kolkata,Semi-Furnished,12307147,1364,672
1990,Super Area,Patna,Semi-Furnished,12307106,1254,620
1992,Plot Area,Aurangabad,Unfurnished,12307064,1278,628
2014,Super Area,Jaipur,Furnished,12307035,1240,644
1990,Built Area,Ghaziabad,Unfurnished,12306969,1288,651
1998,Super Area,Rajkot,Semi-Furnished,12306960,1250,635
2007,Built Area,Varanasi,Semi-Furnished,12306855,1302,629
2018,Carpet Area,Agra,Unfurnished,12306559,1258,621
2005,Built Area,Ahmedabad,Furnished,12306432,1343,664
1992,Carpet Area,Jaipur,Unfurnished,12306353,1295,665
2009,Super Area,Thane,Furnished,12306323,1250,619
2017,Plot Area,Mumbai,Furnished,12306241,1254,628
1993,Built Area,Ahmedabad,Semi-Furnished,12306228,1203,613
2001,Super Area,Coimbatore,Furnished,12306142,1280,633
2005,Plot Area,Ranchi,Furnished,12306048,1260,648
2014,Super Area,Rajkot,Furnished,12305994,1306,651
2012,Super Area,Amritsar,Furnished,12305983,1223,620
1993,Built Area,Rajkot,Furnished,12305583,1281,654
1990,Super Area,Kanpur,Semi-Furnished,12305533,1356,662
2004,Super Area,Kanpur,Unfurnished,12305406,1237,640
2015,Super Area,Ranchi,Furnished,12305163,1317,640
2014,Super Area,Vijayawada,Furnished,12304834,1309,635
2002,Super Area,Coimbatore,Semi-Furnished,12304826,1222,628
2004,Carpet Area,Delhi,Semi-Furnished,12304751,1255,630
2011,Carpet Area,Kolkata,Furnished,12304570,1307,648
2007,Built Area,Nashik,Unfurnished,12304417,1327,661
1997,Carpet Area,Pune,Furnished,12303775,1302,644
1991,Plot Area,Gwalior,Furnished,12303672,1309,639
2008,Built Area,Varanasi,Furnished,12303671,1207,617
1991,Built Area,Coimbatore,Furnished,12303621,1203,606
2008,Super Area,Varanasi,Semi-Furnished,12303487,1242,630
1998,Carpet Area,Pune,Furnished,12303367,1305,659
1991,Carpet Area,Nashik,Furnished,12303329,1257,622
2006,Super Area,Meerut,Unfurnished,12303245,1216,615
2004,Plot Area,Vijayawada,Unfurnished,12303142,1365,667
1998,Super Area,Mangalore,Semi-Furnished,12303138,1266,634
2007,Plot Area,Nashik,Furnished,12303089,1277,630
2017,Plot Area,Patna,Semi-Furnished,12302991,1316,657
2003,Built Area,Surat,Unfurnished,12302971,1211,632
2001,Built Area,Mysore,Furnished,12302853,1213,598
2005,Carpet Area,Lucknow,Semi-Furnished,12302807,1314,645
1999,Plot Area,Amritsar,Furnished,12302784,1248,629
2009,Plot Area,Coimbatore,Furnished,12302572,1212,590
2010,Built Area,Ahmedabad,Semi-Furnished,12302237,1245,623
2020,Super Area,Agra,Unfurnished,12301629,1232,607
2012,Carpet Area,Rajkot,Unfurnished,12301499,1245,622
2009,Plot Area,Jaipur,Furnished,12301366,1243,635
2003,Plot Area,Coimbatore,Furnished,12301291,1363,665
1996,Super Area,Rajkot,Furnished,12301269,1245,633
2002,Built Area,Vadodara,Furnished,12301007,1283,654
2010,Super Area,Indore,Unfurnished,12300858,1202,602
2015,Super Area,Aurangabad,Semi-Furnished,12300805,1318,647
1997,Carpet Area,Jaipur,Furnished,12300698,1272,640
2013,Built Area,Chandigarh,Unfurnished,12300354,1252,630
2019,Super Area,Rajkot,Semi-Furnished,12300194,1337,657
1994,Carpet Area,Bhopal,Semi-Furnished,12300074,1314,652
2012,Super Area,Delhi,Unfurnished,12300009,1179,609
2019,Carpet Area,Jaipur,Unfurnished,12299975,1321,667
1991,Carpet Area,Ghaziabad,Semi-Furnished,12299892,1305,643
2018,Built Area,Visakhapatnam,Furnished,12299833,1235,623
1991,Plot Area,Ranchi,Furnished,12299766,1305,634
2020,Carpet Area,Nagpur,Furnished,12299667,1309,656
1990,Plot Area,Mangalore,Furnished,12299516,1376,668
1992,Plot Area,Meerut,Unfurnished,12299450,1309,654
2014,Super Area,Ludhiana,Semi-Furnished,12299358,1253,634
1991,Built Area,Navi Mumbai,Unfurnished,12299175,1256,636
1992,Built Area,Kanpur,Unfurnished,12298929,1308,656
2020,Super Area,Thane,Furnished,12298769,1250,618
2004,Built Area,Bhopal,Semi-Furnished,12298748,1205,609
2000,Built Area,Noida,Semi-Furnished,12298711,1186,627
2012,Built Area,Nagpur,Semi-Furnished,12298647,1321,653
1990,Built Area,Indore,Semi-Furnished,12298479,1305,655
2008,Super Area,Pune,Semi-Furnished,12298183,1207,628
2020,Plot Area,Mysore,Semi-Furnished,12297997,1244,620
2017,Super Area,Amritsar,Semi-Furnished,12297907,1241,622
2000,Super Area,Amritsar,Semi-Furnished,12297889,1260,626
2000,Plot Area,Meerut,Unfurnished,12297872,1236,623
2000,Plot Area,Ghaziabad,Semi-Furnished,12297830,1290,661
2021,Built Area,Bhopal,Furnished,12297752,1341,654
2015,Super Area,Ranchi,Semi-Furnished,12297743,1314,653
1992,Built Area,Amritsar,Semi-Furnished,12297708,1243,629
1993,Plot Area,Kalyan-Dombivli,Unfurnished,12297652,1337,659
2001,Plot Area,Jodhpur,Furnished,12297648,1296,637
2020,Super Area,Hyderabad,Furnished,12297615,1277,634
2006,Built Area,Lucknow,Semi-Furnished,12297548,1306,642
1996,Carpet Area,Varanasi,Furnished,12297205,1274,638
2003,Carpet Area,Coimbatore,Semi-Furnished,12297068,1255,624
2016,Super Area,Navi Mumbai,Furnished,12296907,1272,637
2014,Plot Area,Nashik,Furnished,12296840,1281,646
2007,Built Area,Hyderabad,Furnished,12296765,1291,634
1992,Super Area,Aurangabad,Furnished,12296763,1300,653
2015,Plot Area,Delhi,Furnished,12296540,1224,637
2009,Built Area,Meerut,Furnished,12296405,1261,624
2010,Plot Area,Rajkot,Semi-Furnished,12296401,1292,647
1993,Super Area,Aurangabad,Unfurnished,12296395,1277,639
2001,Carpet Area,Indore,Unfurnished,12296337,1267,629
2020,Plot Area,Vijayawada,Furnished,12296174,1266,640
2020,Built Area,Noida,Furnished,12296170,1242,632
2011,Built Area,Ludhiana,Semi-Furnished,12296144,1310,657
2019,Built Area,Vadodara,Unfurnished,12295877,1288,639
2016,Built Area,Patna,Furnished,12295552,1289,629
2008,Plot Area,Nashik,Furnished,12295445,1290,641
1991,Carpet Area,Bhopal,Unfurnished,12295418,1312,646
1997,Super Area,Ghaziabad,Semi-Furnished,12295206,1307,657
2006,Plot Area,Nagpur,Furnished,12295084,1253,637
2011,Built Area,Aurangabad,Semi-Furnished,12295080,1251,627
1993,Super Area,Ludhiana,Semi-Furnished,12294942,1317,654
2004,Super Area,Ludhiana,Furnished,12294558,1316,642
1995,Built Area,Ghaziabad,Unfurnished,12294513,1304,643
2011,Plot Area,Chandigarh,Unfurnished,12294394,1239,627
2014,Super Area,Bhopal,Unfurnished,12294393,1253,635
2003,Carpet Area,Chandigarh,Semi-Furnished,12294240,1309,657
1996,Plot Area,Pune,Semi-Furnished,12294151,1283,648
1994,Carpet Area,Gwalior,Furnished,12293907,1225,619
2003,Super Area,Ghaziabad,Furnished,12293302,1290,626
1993,Super Area,Meerut,Unfurnished,12293193,1272,655
2018,Super Area,Ahmedabad,Semi-Furnished,12292947,1249,615
2006,Built Area,Ranchi,Unfurnished,12292865,1307,654
1992,Super Area,Ranchi,Unfurnished,12292822,1293,658
2002,Built Area,Bangalore,Unfurnished,12292757,1258,629
1998,Super Area,Indore,Furnished,12292689,1233,622
2019,Super Area,Chandigarh,Furnished,12292663,1228,608
2021,Built Area,Navi Mumbai,Unfurnished,12292467,1301,630
2002,Plot Area,Chennai,Semi-Furnished,12292191,1267,626
2013,Built Area,Nashik,Unfurnished,12291980,1280,650
1994,Carpet Area,Ludhiana,Furnished,12291964,1237,635
1997,Carpet Area,Coimbatore,Unfurnished,12291818,1208,612
1993,Plot Area,Hyderabad,Furnished,12291629,1273,635
1993,Carpet Area,Mysore,Furnished,12291561,1220,604
2013,Plot Area,Vijayawada,Semi-Furnished,12291558,1235,614
2020,Super Area,Aurangabad,Semi-Furnished,12291229,1284,653
1995,Carpet Area,Bhopal,Furnished,12291219,1260,625
2003,Carpet Area,Kanpur,Furnished,12291192,1299,639
2001,Carpet Area,Noida,Semi-Furnished,12291150,1263,651
2018,Carpet Area,Kalyan-Dombivli,Unfurnished,12291141,1319,673
2015,Carpet Area,Noida,Unfurnished,12290987,1288,646
1995,Carpet Area,Jaipur,Semi-Furnished,12290859,1241,617
2011,Super Area,Noida,Furnished,12290829,1252,632
2003,Super Area,Nashik,Semi-Furnished,12290178,1353,676
1991,Plot Area,Chennai,Semi-Furnished,12290116,1234,633
1997,Plot Area,Vijayawada,Unfurnished,12290110,1385,660
1995,Built Area,Aurangabad,Unfurnished,12290025,1248,620
2017,Plot Area,Mangalore,Furnished,12290024,1304,653
2003,Built Area,Meerut,Unfurnished,12290006,1276,633
1992,Built Area,Indore,Semi-Furnished,12289904,1246,628
2014,Plot Area,Noida,Furnished,12289811,1283,647
1990,Super Area,Agra,Unfurnished,12289728,1246,626
1997,Super Area,Coimbatore,Furnished,12289726,1331,658
1993,Built Area,Bhopal,Furnished,12289569,1310,645
2002,Plot Area,Gwalior,Furnished,12289516,1272,645
2009,Super Area,Ahmedabad,Unfurnished,12289439,1308,653
1998,Plot Area,Varanasi,Furnished,12289027,1313,643
1995,Plot Area,Lucknow,Furnished,12288994,1260,641
2017,Super Area,Mysore,Unfurnished,12288958,1284,644
1993,Carpet Area,Jodhpur,Furnished,12288917,1324,652
2012,Carpet Area,Indore,Semi-Furnished,12288682,1261,647
2013,Built Area,Varanasi,Furnished,12288649,1286,644
2015,Carpet Area,Nashik,Semi-Furnished,12287924,1253,622
1994,Built Area,Vijayawada,Furnished,12287910,1296,644
2008,Plot Area,Vijayawada,Semi-Furnished,12287846,1288,638
2008,Carpet Area,Surat,Furnished,12287750,1248,633
2017,Built Area,Bangalore,Semi-Furnished,12287671,1314,639
2015,Super Area,Meerut,Semi-Furnished,12287648,1225,613
2006,Built Area,Lucknow,Furnished,12287429,1307,644
2013,Built Area,Kalyan-Dombivli,Furnished,12287173,1304,659
2011,Super Area,Mumbai,Unfurnished,12287169,1283,635
2004,Built Area,Mysore,Furnished,12287154,1278,652
2017,Carpet Area,Pune,Unfurnished,12287099,1256,635
2002,Carpet Area,Rajkot,Unfurnished,12287070,1267,632
2006,Super Area,Gwalior,Furnished,12286625,1256,629
2012,Built Area,Ghaziabad,Unfurnished,12286410,1278,647
2009,Built Area,Indore,Semi-Furnished,12286334,1321,648
2009,Super Area,Meerut,Furnished,12286120,1253,618
2015,Plot Area,Kalyan-Dombivli,Furnished,12286074,1314,638
2017,Super Area,Hyderabad,Unfurnished,12285838,1270,645
2000,Super Area,Ghaziabad,Unfurnished,12285819,1247,628
2020,Plot Area,Nagpur,Furnished,12285787,1297,652
1992,Carpet Area,Gwalior,Unfurnished,12285751,1234,626
2010,Built Area,Thane,Furnished,12285737,1290,636
1991,Plot Area,Aurangabad,Semi-Furnished,12285378,1367,655
2012,Carpet Area,Patna,Furnished,12285302,1256,632
1990,Super Area,Chennai,Unfurnished,12285269,1335,666
1991,Super Area,Vadodara,Unfurnished,12285213,1292,645
2014,Super Area,Bangalore,Semi-Furnished,12285052,1304,653
2001,Carpet Area,Meerut,Semi-Furnished,12284976,1313,647
2003,Carpet Area,Mysore,Unfurnished,12284958,1270,637
2003,Carpet Area,Visakhapatnam,Furnished,12284829,1207,600
1994,Super Area,Patna,Unfurnished,12284175,1324,672
2005,Plot Area,Delhi,Semi-Furnished,12283899,1318,664
1995,Carpet Area,Gwalior,Unfurnished,12283759,1263,640
1999,Built Area,Mysore,Furnished,12283638,1208,618
2011,Plot Area,Vijayawada,Semi-Furnished,12283587,1278,643
2005,Carpet Area,Mangalore,Unfurnished,12283488,1310,656
2005,Built Area,Nagpur,Semi-Furnished,12283457,1296,639
1995,Plot Area,Ahmedabad,Furnished,12283385,1308,647
1994,Carpet Area,Meerut,Semi-Furnished,12283345,1227,622
2011,Super Area,Ludhiana,Unfurnished,12283090,1221,616
2015,Carpet Area,Ludhiana,Unfurnished,12283045,1286,638
1995,Carpet Area,Visakhapatnam,Unfurnished,12282819,1288,647
2003,Plot Area,Visakhapatnam,Semi-Furnished,12282806,1251,638
2001,Super Area,Patna,Furnished,12282717,1237,624
2019,Super Area,Bangalore,Unfurnished,12282324,1249,633
2017,Plot Area,Surat,Unfurnished,12282296,1289,647
2015,Super Area,Kanpur,Unfurnished,12282080,1236,620
2000,Built Area,Nagpur,Semi-Furnished,12282036,1294,646
2008,Plot Area,Mysore,Unfurnished,12281863,1280,627
2012,Plot Area,Nagpur,Semi-Furnished,12281735,1287,644
1998,Super Area,Bhopal,Furnished,12281521,1266,642
2006,Super Area,Patna,Furnished,12281514,1190,617
1994,Super Area,Jodhpur,Semi-Furnished,12281242,1277,658
2011,Super Area,Ranchi,Semi-Furnished,12281218,1282,662
1996,Built Area,Nagpur,Furnished,12281187,1299,661
2015,Built Area,Mumbai,Unfurnished,12281036,1281,640
2017,Built Area,Coimbatore,Semi-Furnished,12280659,1265,640
2010,Super Area,Mysore,Unfurnished,12280541,1218,612
1990,Plot Area,Chennai,Semi-Furnished,12280519,1287,642
2009,Built Area,Visakhapatnam,Semi-Furnished,12280335,1269,623
1995,Built Area,Meerut,Furnished,12280243,1272,639
2021,Carpet Area,Coimbatore,Semi-Furnished,12280116,1232,609
2015,Super Area,Aurangabad,Furnished,12279826,1248,626
1996,Carpet Area,Bangalore,Semi-Furnished,12279762,1287,644
1990,Built Area,Bangalore,Unfurnished,12279569,1321,648
2013,Built Area,Kolkata,Unfurnished,12279569,1248,643
1993,Super Area,Jodhpur,Furnished,12279563,1315,651
1998,Carpet Area,Coimbatore,Semi-Furnished,12279390,1239,622
2004,Built Area,Jodhpur,Semi-Furnished,12279324,1297,659
2020,Super Area,Bhopal,Semi-Furnished,12279289,1281,641
2008,Built Area,Agra,Unfurnished,12279109,1290,644
2007,Built Area,Aurangabad,Furnished,12279018,1323,653
2010,Plot Area,Rajkot,Unfurnished,12278688,1244,625
2015,Built Area,Visakhapatnam,Unfurnished,12278673,1339,663
2020,Built Area,Nagpur,Unfurnished,12278669,1270,636
2005,Plot Area,Patna,Semi-Furnished,12278382,1289,619
2017,Carpet Area,Noida,Unfurnished,12278266,1251,633
2011,Carpet Area,Kalyan-Dombivli,Semi-Furnished,12278152,1281,637
2000,Plot Area,Kalyan-Dombivli,Furnished,12277916,1310,654
2015,Built Area,Faridabad,Furnished,12277587,1325,658
2001,Built Area,Thane,Furnished,12277293,1287,641
2012,Plot Area,Delhi,Furnished,12277081,1235,615
2009,Carpet Area,Kalyan-Dombivli,Furnished,12277002,1273,645
2019,Super Area,Thane,Unfurnished,12276995,1253,628
2013,Carpet Area,Surat,Semi-Furnished,12276658,1303,660
1995,Built Area,Ahmedabad,Furnished,12276551,1260,632
1990,Carpet Area,Rajkot,Semi-Furnished,12276470,1236,616
2018,Carpet Area,Gwalior,Semi-Furnished,12276148,1302,661
1999,Carpet Area,Rajkot,Semi-Furnished,12276146,1302,652
1995,Built Area,Aurangabad,Semi-Furnished,12276092,1309,647
2004,Super Area,Ahmedabad,Semi-Furnished,12276071,1251,630
1996,Carpet Area,Coimbatore,Semi-Furnished,12275922,1287,627
1995,Super Area,Ghaziabad,Semi-Furnished,12275680,1261,628
1997,Built Area,Ludhiana,Semi-Furnished,12275674,1249,615
2019,Plot Area,Mumbai,Furnished,12275230,1289,649
1993,Carpet Area,Hyderabad,Furnished,12274773,1326,671
2005,Super Area,Patna,Unfurnished,12274586,1279,639
1998,Plot Area,Nagpur,Unfurnished,12274533,1226,629
2006,Plot Area,Indore,Unfurnished,12274289,1338,660
2016,Super Area,Meerut,Unfurnished,12274258,1269,627
2005,Carpet Area,Gwalior,Unfurnished,12274092,1262,652
1992,Built Area,Delhi,Furnished,12273831,1251,609
2012,Carpet Area,Lucknow,Semi-Furnished,12273766,1240,611
2004,Super Area,Jaipur,Furnished,12273724,1307,658
1994,Plot Area,Mangalore,Furnished,12273376,1310,654
2017,Plot Area,Kalyan-Dombivli,Furnished,12272975,1299,658
1991,Super Area,Hyderabad,Furnished,12272829,1279,650
2014,Carpet Area,Pune,Semi-Furnished,12272698,1290,649
1999,Super Area,Bangalore,Furnished,12272514,1254,628
2000,Built Area,Thane,Semi-Furnished,12272386,1264,641
2008,Plot Area,Lucknow,Unfurnished,12272371,1262,627
1999,Super Area,Lucknow,Unfurnished,12272345,1258,601
2008,Super Area,Mysore,Semi-Furnished,12272292,1273,629
2003,Carpet Area,Bangalore,Semi-Furnished,12272002,1234,629
2005,Super Area,Patna,Semi-Furnished,12271920,1282,620
1994,Carpet Area,Kalyan-Dombivli,Furnished,12271826,1200,624
1994,Plot Area,Gwalior,Semi-Furnished,12271606,1374,665
2014,Built Area,Navi Mumbai,Semi-Furnished,12271601,1250,631
2015,Carpet Area,Kalyan-Dombivli,Furnished,12271368,1269,633
2003,Carpet Area,Noida,Furnished,12271351,1317,654
1996,Plot Area,Patna,Semi-Furnished,12271204,1261,633
1995,Plot Area,Bhopal,Semi-Furnished,12270995,1252,631
2005,Super Area,Coimbatore,Unfurnished,12270882,1370,669
2012,Plot Area,Lucknow,Unfurnished,12270485,1261,639
2001,Carpet Area,Bhopal,Semi-Furnished,12270379,1286,655
1995,Super Area,Kalyan-Dombivli,Furnished,12270343,1229,621
1992,Carpet Area,Jodhpur,Semi-Furnished,12270167,1260,625
1995,Built Area,Gwalior,Semi-Furnished,12270163,1316,649
2000,Super Area,Jaipur,Unfurnished,12270005,1252,632
2016,Carpet Area,Pune,Furnished,12269992,1284,651
2008,Built Area,Bhopal,Unfurnished,12269937,1261,635
1994,Super Area,Vijayawada,Semi-Furnished,12269892,1219,614
1995,Super Area,Hyderabad,Unfurnished,12269874,1251,628
1992,Built Area,Kalyan-Dombivli,Furnished,12269687,1248,642
1990,Plot Area,Vadodara,Semi-Furnished,12269411,1275,642
1996,Carpet Area,Nashik,Furnished,12269399,1174,601
2000,Built Area,Coimbatore,Semi-Furnished,12269382,1268,615
1991,Super Area,Chennai,Unfurnished,12269239,1296,642
1995,Built Area,Coimbatore,Semi-Furnished,12269024,1297,634
1995,Carpet Area,Mysore,Furnished,12268816,1268,624
2012,Super Area,Lucknow,Unfurnished,12268087,1255,647
2016,Plot Area,Patna,Unfurnished,12267952,1296,640
1997,Built Area,Kanpur,Furnished,12267947,1336,641
2001,Plot Area,Bangalore,Unfurnished,12267922,1271,644
1997,Super Area,Ghaziabad,Furnished,12267890,1249,616
1997,Carpet Area,Rajkot,Furnished,12267471,1237,630
1991,Built Area,Kalyan-Dombivli,Semi-Furnished,12267436,1291,650
2011,Carpet Area,Vijayawada,Furnished,12267370,1246,631
1991,Carpet Area,Coimbatore,Semi-Furnished,12267176,1291,644
2004,Plot Area,Mysore,Furnished,12266995,1331,649
2007,Plot Area,Mumbai,Furnished,12266757,1262,648
1995,Super Area,Delhi,Semi-Furnished,12266392,1227,624
2012,Built Area,Ranchi,Furnished,12266386,1234,632
2016,Super Area,Vijayawada,Unfurnished,12266361,1326,665
2013,Built Area,Chandigarh,Semi-Furnished,12266224,1251,624
2013,Built Area,Gwalior,Semi-Furnished,12266074,1256,637
2011,Built Area,Gwalior,Semi-Furnished,12265957,1292,651
2021,Plot Area,Ranchi,Furnished,12265798,1292,640
1995,Super Area,Chandigarh,Unfurnished,12265673,1227,612
1996,Carpet Area,Indore,Semi-Furnished,12265630,1294,671
1990,Plot Area,Gwalior,Unfurnished,12265604,1327,641
1993,Super Area,Nagpur,Furnished,12265440,1246,624
1995,Carpet Area,Kanpur,Semi-Furnished,12265198,1264,636
2007,Carpet Area,Navi Mumbai,Unfurnished,12265023,1322,668
1997,Carpet Area,Meerut,Unfurnished,12264985,1276,632
2021,Carpet Area,Thane,Furnished,12264753,1283,651
2018,Super Area,Jaipur,Furnished,12264672,1274,627
1990,Built Area,Nagpur,Semi-Furnished,12264551,1226,604
2021,Super Area,Meerut,Furnished,12264380,1332,669
1990,Plot Area,Mumbai,Furnished,12263957,1304,647
2000,Built Area,Vijayawada,Semi-Furnished,12263692,1296,660
2000,Built Area,Coimbatore,Unfurnished,12263598,1290,646
2008,Plot Area,Indore,Semi-Furnished,12263243,1194,606
2020,Super Area,Varanasi,Unfurnished,12263158,1290,638
2005,Super Area,Hyderabad,Unfurnished,12262863,1295,656
2016,Built Area,Delhi,Unfurnished,12262798,1291,643
2013,Plot Area,Lucknow,Semi-Furnished,12261912,1265,627
2021,Carpet Area,Indore,Furnished,12261707,1331,659
1992,Built Area,Lucknow,Unfurnished,12261624,1275,648
2018,Super Area,Bangalore,Semi-Furnished,12261418,1271,648
1998,Plot Area,Ranchi,Semi-Furnished,12261275,1230,628
1993,Carpet Area,Meerut,Semi-Furnished,12261181,1274,654
1992,Built Area,Bhopal,Semi-Furnished,12261116,1210,616
2006,Plot Area,Ghaziabad,Semi-Furnished,12260966,1321,659
2019,Plot Area,Nagpur,Semi-Furnished,12260726,1199,609
1993,Carpet Area,Navi Mumbai,Furnished,12260623,1236,614
2011,Carpet Area,Visakhapatnam,Unfurnished,12260509,1282,642
1995,Plot Area,Coimbatore,Unfurnished,12260252,1322,651
2012,Plot Area,Varanasi,Furnished,12260218,1252,642
2017,Super Area,Chandigarh,Semi-Furnished,12260180,1253,632
2013,Carpet Area,Varanasi,Semi-Furnished,12260162,1285,659
2008,Built Area,Aurangabad,Semi-Furnished,12260128,1200,599
2012,Built Area,Mangalore,Unfurnished,12259970,1257,635
1997,Plot Area,Ludhiana,Semi-Furnished,12259968,1323,658
2007,Carpet Area,Delhi,Unfurnished,12259952,1264,628
1993,Plot Area,Kanpur,Furnished,12259876,1347,652
2019,Carpet Area,Aurangabad,Furnished,12259731,1279,618
1992,Super Area,Indore,Furnished,12259547,1293,641
2004,Super Area,Mumbai,Furnished,12259524,1310,639
1997,Plot Area,Rajkot,Furnished,12259424,1266,630
2013,Plot Area,Ludhiana,Semi-Furnished,12259403,1245,629
2009,Built Area,Mysore,Furnished,12259154,1213,609
2013,Plot Area,Surat,Semi-Furnished,12259099,1254,654
2012,Super Area,Rajkot,Furnished,12259034,1305,647
2013,Carpet Area,Mangalore,Semi-Furnished,12258896,1201,621
2015,Built Area,Thane,Unfurnished,12258605,1235,613
2007,Carpet Area,Meerut,Furnished,12258428,1308,636
2001,Built Area,Chandigarh,Semi-Furnished,12258390,1272,642
1998,Plot Area,Mysore,Unfurnished,12258380,1353,682
2005,Carpet Area,Mysore,Furnished,12258325,1242,628
1997,Super Area,Kolkata,Unfurnished,12258224,1221,620
2002,Built Area,Patna,Furnished,12258106,1258,632
2005,Built Area,Bangalore,Unfurnished,12257986,1373,659
1993,Built Area,Lucknow,Unfurnished,12257981,1297,649
2009,Built Area,Nashik,Unfurnished,12257973,1291,644
2017,Plot Area,Patna,Unfurnished,12257728,1295,663
2021,Super Area,Mysore,Semi-Furnished,12257719,1410,683
2017,Plot Area,Agra,Semi-Furnished,12257707,1289,651
1992,Built Area,Mumbai,Furnished,12257476,1249,619
2009,Built Area,Ahmedabad,Unfurnished,12257357,1200,601
2002,Carpet Area,Kanpur,Furnished,12257316,1314,650
1994,Built Area,Kolkata,Furnished,12257196,1293,640
2005,Built Area,Vijayawada,Unfurnished,12257076,1209,622
2004,Super Area,Nagpur,Furnished,12257068,1279,634
2013,Built Area,Ahmedabad,Unfurnished,12257051,1256,638
2015,Super Area,Mysore,Unfurnished,12257027,1229,612
2017,Super Area,Ahmedabad,Unfurnished,12256949,1280,644
2020,Plot Area,Gwalior,Furnished,12256918,1306,656
1991,Plot Area,Surat,Unfurnished,12256820,1294,648
2015,Plot Area,Nashik,Semi-Furnished,12256687,1305,654
2017,Plot Area,Gwalior,Unfurnished,12256588,1377,685
2005,Built Area,Gwalior,Unfurnished,12256295,1265,634
2017,Super Area,Aurangabad,Furnished,12256102,1222,617
1990,Plot Area,Thane,Semi-Furnished,12255940,1220,609
2008,Plot Area,Bhopal,Furnished,12255813,1264,633
2014,Carpet Area,Delhi,Semi-Furnished,12255761,1245,625
1996,Super Area,Ludhiana,Unfurnished,12255637,1307,653
2016,Carpet Area,Mysore,Semi-Furnished,12255337,1294,623
2021,Super Area,Jaipur,Furnished,12255288,1234,619
2002,Plot Area,Ranchi,Unfurnished,12255274,1328,659
2003,Plot Area,Ludhiana,Furnished,12255215,1323,654
1999,Plot Area,Rajkot,Unfurnished,12255156,1310,643
2001,Plot Area,Mumbai,Furnished,12255060,1231,627
2020,Built Area,Chandigarh,Furnished,12254951,1263,640
1993,Carpet Area,Mysore,Semi-Furnished,12254906,1305,652
2006,Built Area,Delhi,Semi-Furnished,12254873,1231,622
2004,Built Area,Chandigarh,Semi-Furnished,12254774,1224,617
2009,Super Area,Ghaziabad,Furnished,12254537,1257,647
2009,Carpet Area,Jodhpur,Semi-Furnished,12254410,1254,631
2001,Super Area,Ludhiana,Semi-Furnished,12254332,1230,626
1998,Carpet Area,Mumbai,Semi-Furnished,12254279,1231,612
2017,Plot Area,Pune,Furnished,12254230,1256,618
1998,Built Area,Mangalore,Furnished,12253837,1224,619
2016,Plot Area,Kalyan-Dombivli,Semi-Furnished,12253628,1273,628
2006,Carpet Area,Amritsar,Furnished,12253542,1245,624
1993,Built Area,Patna,Semi-Furnished,12253429,1349,662
1992,Carpet Area,Kalyan-Dombivli,Unfurnished,12253364,1265,655
1994,Carpet Area,Ahmedabad,Furnished,12253341,1302,652
1992,Built Area,Kalyan-Dombivli,Semi-Furnished,12253130,1317,661
2017,Super Area,Kalyan-Dombivli,Semi-Furnished,12253008,1272,641
2010,Carpet Area,Ranchi,Unfurnished,12252899,1287,647
2019,Carpet Area,Jaipur,Furnished,12252830,1300,652
2012,Super Area,Nashik,Semi-Furnished,12252808,1280,620
1997,Plot Area,Hyderabad,Furnished,12252742,1272,638
2008,Super Area,Rajkot,Semi-Furnished,12252334,1235,605
2005,Super Area,Mysore,Unfurnished,12252319,1300,649
1991,Built Area,Jodhpur,Semi-Furnished,12252156,1308,650
1994,Super Area,Kanpur,Unfurnished,12252036,1367,668
1999,Super Area,Amritsar,Semi-Furnished,12251968,1323,642
2010,Super Area,Noida,Semi-Furnished,12251954,1304,651
2014,Plot Area,Mangalore,Unfurnished,12251789,1260,608
2021,Plot Area,Kanpur,Unfurnished,12251725,1302,650
1996,Plot Area,Nashik,Unfurnished,12251363,1284,636
2003,Built Area,Lucknow,Unfurnished,12251009,1287,636
1999,Super Area,Visakhapatnam,Unfurnished,12250848,1278,655
2021,Plot Area,Varanasi,Semi-Furnished,12250685,1246,633
1997,Carpet Area,Surat,Semi-Furnished,12250684,1304,652
2017,Super Area,Navi Mumbai,Furnished,12250598,1252,634
2001,Carpet Area,Ahmedabad,Furnished,12250539,1229,640
2003,Carpet Area,Nashik,Unfurnished,12250484,1313,640
1990,Carpet Area,Lucknow,Furnished,12250402,1272,643
2007,Plot Area,Chennai,Unfurnished,12250372,1326,656
2013,Plot Area,Faridabad,Furnished,12250341,1254,641
2001,Super Area,Patna,Unfurnished,12250182,1329,648
2018,Carpet Area,Thane,Unfurnished,12250160,1324,651
1993,Carpet Area,Hyderabad,Semi-Furnished,12249832,1162,599
2005,Plot Area,Navi Mumbai,Unfurnished,12249790,1367,663
2005,Built Area,Vadodara,Unfurnished,12249751,1320,656
2012,Super Area,Navi Mumbai,Semi-Furnished,12249733,1289,644
2014,Built Area,Agra,Furnished,12249710,1380,676
2012,Built Area,Gwalior,Unfurnished,12249538,1264,643
2013,Built Area,Patna,Semi-Furnished,12249522,1259,623
2020,Plot Area,Ahmedabad,Unfurnished,12249494,1281,632
2009,Plot Area,Varanasi,Furnished,12249408,1244,623
2018,Plot Area,Aurangabad,Furnished,12248613,1252,627
2016,Carpet Area,Chennai,Unfurnished,12248409,1246,621
2007,Carpet Area,Mysore,Semi-Furnished,12248380,1261,630
1994,Built Area,Noida,Semi-Furnished,12248192,1334,645
2007,Built Area,Chennai,Furnished,12248162,1293,647
1991,Plot Area,Kolkata,Semi-Furnished,12248111,1236,625
2019,Super Area,Patna,Furnished,12247944,1238,615
2012,Plot Area,Kanpur,Unfurnished,12247930,1255,637
2021,Carpet Area,Kolkata,Furnished,12247856,1214,619
1996,Carpet Area,Ludhiana,Unfurnished,12247557,1282,632
2017,Super Area,Pune,Furnished,12247536,1310,647
1992,Carpet Area,Coimbatore,Furnished,12247225,1247,631
2021,Built Area,Amritsar,Unfurnished,12247153,1193,612
2015,Built Area,Aurangabad,Semi-Furnished,12246983,1295,640
1998,Super Area,Gwalior,Furnished,12246868,1273,626
2021,Plot Area,Bhopal,Semi-Furnished,12246688,1308,651
2021,Super Area,Thane,Unfurnished,12246672,1207,607
1992,Plot Area,Mumbai,Furnished,12246637,1217,624
2014,Super Area,Patna,Unfurnished,12246426,1285,647
2017,Carpet Area,Mysore,Semi-Furnished,12246333,1250,622
2011,Built Area,Agra,Semi-Furnished,12246193,1221,610
2018,Plot Area,Jaipur,Furnished,12246046,1345,676
2006,Carpet Area,Lucknow,Semi-Furnished,12245672,1319,656
1998,Super Area,Ahmedabad,Furnished,12245648,1295,667
2005,Built Area,Mumbai,Unfurnished,12245520,1223,626
2009,Plot Area,Nagpur,Unfurnished,12244976,1233,624
2011,Plot Area,Kanpur,Semi-Furnished,12244887,1306,663
2015,Built Area,Kanpur,Semi-Furnished,12244885,1256,632
2015,Super Area,Kolkata,Semi-Furnished,12244817,1299,646
2014,Carpet Area,Rajkot,Semi-Furnished,12244776,1303,642
2008,Built Area,Nashik,Semi-Furnished,12244742,1312,648
2002,Built Area,Mangalore,Semi-Furnished,12244633,1354,655
2002,Built Area,Varanasi,Unfurnished,12244603,1249,621
1999,Super Area,Gwalior,Unfurnished,12244578,1261,629
2001,Built Area,Bhopal,Furnished,12244399,1301,652
1998,Plot Area,Mumbai,Furnished,12244331,1245,628
2021,Carpet Area,Varanasi,Furnished,12244286,1198,614
2012,Built Area,Indore,Unfurnished,12244176,1344,658
2002,Carpet Area,Mangalore,Unfurnished,12243778,1307,657
2007,Plot Area,Patna,Furnished,12243707,1227,624
2009,Plot Area,Ghaziabad,Furnished,12243677,1265,628
2019,Built Area,Mangalore,Furnished,12243676,1271,637
2001,Super Area,Kolkata,Unfurnished,12243493,1230,611
2016,Super Area,Hyderabad,Unfurnished,12243367,1279,649
2021,Built Area,Ranchi,Furnished,12243223,1318,653
1992,Carpet Area,Varanasi,Semi-Furnished,12243148,1303,642
2006,Super Area,Visakhapatnam,Semi-Furnished,12243141,1273,656
1998,Plot Area,Kalyan-Dombivli,Unfurnished,12243138,1343,653
2019,Carpet Area,Pune,Furnished,12243080,1326,646
2019,Carpet Area,Bangalore,Unfurnished,12242974,1296,647
2012,Carpet Area,Aurangabad,Unfurnished,12242915,1324,658
2007,Built Area,Mysore,Semi-Furnished,12242872,1246,614
2013,Carpet Area,Gwalior,Furnished,12242723,1299,650
2001,Super Area,Mumbai,Semi-Furnished,12242634,1244,616
2009,Carpet Area,Kolkata,Furnished,12242611,1207,610
2016,Plot Area,Mumbai,Semi-Furnished,12242250,1290,647
1997,Carpet Area,Nagpur,Semi-Furnished,12242242,1257,632
2000,Plot Area,Ludhiana,Unfurnished,12242238,1264,638
2017,Plot Area,Visakhapatnam,Unfurnished,12242211,1332,642
2005,Super Area,Patna,Furnished,12241899,1252,633
2002,Super Area,Agra,Furnished,12241871,1226,621
2010,Built Area,Mysore,Unfurnished,12241663,1308,639
1994,Super Area,Aurangabad,Furnished,12241543,1241,616
1997,Carpet Area,Ahmedabad,Semi-Furnished,12241512,1277,638
2002,Carpet Area,Ghaziabad,Furnished,12241284,1250,625
1996,Carpet Area,Surat,Semi-Furnished,12241234,1213,609
2021,Built Area,Indore,Unfurnished,12241159,1311,656
2017,Super Area,Indore,Semi-Furnished,12241104,1241,627
2015,Built Area,Jodhpur,Semi-Furnished,12240889,1347,661
2013,Carpet Area,Patna,Semi-Furnished,12240797,1303,637
2013,Built Area,Nashik,Furnished,12240578,1343,680
2010,Super Area,Vijayawada,Furnished,12240333,1280,652
1996,Super Area,Vijayawada,Unfurnished,12239906,1254,638
2013,Plot Area,Chennai,Semi-Furnished,12239857,1250,619
1994,Super Area,Ludhiana,Semi-Furnished,12239827,1271,623
2002,Built Area,Patna,Unfurnished,12239671,1212,604
1993,Carpet Area,Kanpur,Semi-Furnished,12239479,1263,627
2011,Carpet Area,Nagpur,Furnished,12239352,1252,623
2008,Plot Area,Nagpur,Furnished,12238960,1315,654
1996,Built Area,Gwalior,Furnished,12238565,1318,641
2008,Plot Area,Noida,Semi-Furnished,12238472,1298,655
2007,Carpet Area,Surat,Furnished,12238449,1265,621
1994,Plot Area,Gwalior,Unfurnished,12238291,1313,637
1994,Built Area,Nagpur,Unfurnished,12238272,1314,655
2020,Plot Area,Chennai,Unfurnished,12237892,1270,635
2009,Carpet Area,Ghaziabad,Unfurnished,12237833,1204,616
1991,Carpet Area,Aurangabad,Unfurnished,12237759,1237,608
1994,Built Area,Delhi,Furnished,12237580,1244,611
2008,Built Area,Nashik,Furnished,12237490,1276,660
1999,Super Area,Jodhpur,Unfurnished,12237262,1258,628
1993,Carpet Area,Thane,Semi-Furnished,12237114,1259,628
1993,Built Area,Nagpur,Unfurnished,12236811,1302,648
2017,Built Area,Jaipur,Unfurnished,12236801,1349,659
2006,Built Area,Indore,Semi-Furnished,12236510,1235,627
2017,Plot Area,Kalyan-Dombivli,Unfurnished,12236397,1279,640
2021,Built Area,Nashik,Furnished,12236375,1248,631
2018,Plot Area,Aurangabad,Unfurnished,12236177,1283,633
2014,Carpet Area,Ludhiana,Furnished,12236151,1280,626
2012,Super Area,Chennai,Semi-Furnished,12236085,1288,649
2009,Super Area,Mysore,Semi-Furnished,12236032,1222,612
1998,Super Area,Kanpur,Unfurnished,12235824,1325,666
2001,Built Area,Rajkot,Semi-Furnished,12235597,1298,651
2010,Carpet Area,Patna,Furnished,12235545,1329,667
2000,Super Area,Bangalore,Furnished,12235512,1232,617
2006,Super Area,Rajkot,Furnished,12235484,1305,664
2012,Carpet Area,Mumbai,Semi-Furnished,12235267,1201,614
2016,Carpet Area,Ludhiana,Semi-Furnished,12235252,1332,652
2000,Super Area,Jodhpur,Semi-Furnished,12235187,1296,635
2010,Carpet Area,Chandigarh,Semi-Furnished,12235126,1275,646
1998,Super Area,Visakhapatnam,Furnished,12235027,1306,652
1994,Carpet Area,Amritsar,Unfurnished,12234971,1235,630
2003,Plot Area,Chandigarh,Semi-Furnished,12234903,1241,625
2006,Super Area,Aurangabad,Unfurnished,12234863,1290,651
2014,Super Area,Vadodara,Semi-Furnished,12234720,1311,651
2001,Built Area,Surat,Semi-Furnished,12234633,1306,675
2007,Plot Area,Ludhiana,Semi-Furnished,12234451,1184,603
2015,Carpet Area,Indore,Unfurnished,12234422,1259,640
1990,Carpet Area,Visakhapatnam,Semi-Furnished,12234244,1313,651
2000,Super Area,Kalyan-Dombivli,Semi-Furnished,12234189,1315,644
2001,Plot Area,Nagpur,Furnished,12234068,1348,661
1992,Super Area,Chandigarh,Semi-Furnished,12234022,1264,642
2014,Plot Area,Nagpur,Furnished,12233986,1255,625
1993,Carpet Area,Rajkot,Furnished,12233833,1310,651
1991,Plot Area,Meerut,Furnished,12233745,1279,646
2017,Carpet Area,Ahmedabad,Furnished,12233222,1214,615
1990,Built Area,Faridabad,Furnished,12233049,1290,638
2018,Super Area,Coimbatore,Semi-Furnished,12232921,1306,652
2017,Super Area,Noida,Unfurnished,12232672,1271,651
1996,Built Area,Patna,Semi-Furnished,12232552,1276,643
2002,Super Area,Nashik,Unfurnished,12232476,1334,661
2017,Plot Area,Mumbai,Semi-Furnished,12232223,1362,670
2014,Super Area,Vadodara,Unfurnished,12232104,1267,624
1997,Super Area,Amritsar,Unfurnished,12232040,1278,641
2007,Super Area,Mumbai,Semi-Furnished,12231704,1162,594
2004,Built Area,Kolkata,Furnished,12231675,1216,613
2009,Plot Area,Meerut,Unfurnished,12231583,1272,639
1991,Super Area,Indore,Furnished,12231434,1278,624
2017,Carpet Area,Vadodara,Unfurnished,12230994,1277,642
2011,Plot Area,Agra,Semi-Furnished,12230958,1197,609
1993,Plot Area,Mangalore,Furnished,12230941,1254,627
2009,Carpet Area,Coimbatore,Unfurnished,12230341,1305,650
2018,Carpet Area,Ghaziabad,Furnished,12230325,1301,634
2000,Plot Area,Ludhiana,Furnished,12230254,1280,627
1997,Super Area,Aurangabad,Furnished,12229830,1265,646
2012,Plot Area,Hyderabad,Furnished,12229751,1293,642
1990,Plot Area,Aurangabad,Semi-Furnished,12229664,1260,631
1994,Super Area,Lucknow,Furnished,12229606,1240,620
2002,Built Area,Mumbai,Unfurnished,12229585,1262,616
1993,Super Area,Kanpur,Furnished,12229554,1253,645
2011,Built Area,Lucknow,Semi-Furnished,12229350,1294,650
2016,Carpet Area,Mangalore,Unfurnished,12228883,1235,624
2002,Carpet Area,Ludhiana,Furnished,12228818,1288,645
2008,Built Area,Jaipur,Furnished,12228753,1191,597
2007,Super Area,Bhopal,Furnished,12228430,1240,618
2021,Plot Area,Agra,Furnished,12228385,1249,632
1997,Plot Area,Noida,Furnished,12228379,1354,669
1998,Plot Area,Varanasi,Semi-Furnished,12228166,1175,603
2000,Super Area,Chennai,Furnished,12228136,1248,634
2013,Carpet Area,Indore,Semi-Furnished,12228061,1260,626
1997,Plot Area,Amritsar,Unfurnished,12227986,1355,639
1997,Built Area,Navi Mumbai,Furnished,12227644,1285,640
1991,Built Area,Pune,Semi-Furnished,12227239,1161,600
2013,Plot Area,Navi Mumbai,Semi-Furnished,12226924,1273,620
2011,Plot Area,Rajkot,Unfurnished,12226762,1228,624
2014,Plot Area,Indore,Semi-Furnished,12226715,1325,660
2017,Super Area,Nagpur,Furnished,12226616,1252,632
2021,Super Area,Jaipur,Unfurnished,12226424,1226,618
2001,Super Area,Mumbai,Unfurnished,12226310,1211,610
2012,Plot Area,Aurangabad,Unfurnished,12226065,1271,642
2017,Plot Area,Mysore,Furnished,12225992,1262,622
2010,Carpet Area,Meerut,Semi-Furnished,12225871,1225,617
2010,Carpet Area,Visakhapatnam,Semi-Furnished,12225572,1304,633
2010,Super Area,Patna,Furnished,12225501,1323,667
1996,Built Area,Coimbatore,Semi-Furnished,12225383,1322,645
2010,Plot Area,Pune,Furnished,12225282,1274,636
2017,Super Area,Navi Mumbai,Unfurnished,12225107,1221,616
2011,Built Area,Mumbai,Furnished,12225098,1275,640
2016,Built Area,Nagpur,Unfurnished,12224989,1217,619
2008,Carpet Area,Pune,Unfurnished,12224978,1320,661
2008,Carpet Area,Ahmedabad,Unfurnished,12224822,1207,609
2000,Plot Area,Faridabad,Unfurnished,12224186,1307,633
2005,Plot Area,Rajkot,Semi-Furnished,12224131,1275,624
2021,Plot Area,Mysore,Furnished,12224028,1307,649
2003,Carpet Area,Jaipur,Semi-Furnished,12223906,1334,656
2011,Super Area,Indore,Unfurnished,12223653,1286,648
2016,Plot Area,Ahmedabad,Unfurnished,12223384,1247,618
2021,Built Area,Navi Mumbai,Furnished,12223335,1208,595
1998,Plot Area,Kolkata,Furnished,12223149,1228,619
2002,Plot Area,Nagpur,Unfurnished,12223016,1194,626
1991,Plot Area,Delhi,Furnished,12222998,1297,649
2020,Carpet Area,Patna,Semi-Furnished,12222892,1212,623
2012,Carpet Area,Visakhapatnam,Semi-Furnished,12222860,1242,635
2015,Super Area,Lucknow,Unfurnished,12222747,1241,609
2010,Built Area,Coimbatore,Unfurnished,12222677,1209,621
2005,Carpet Area,Bangalore,Unfurnished,12222450,1208,607
2001,Built Area,Ludhiana,Furnished,12222446,1240,614
1999,Plot Area,Patna,Semi-Furnished,12222165,1243,623
2001,Carpet Area,Kanpur,Unfurnished,12221956,1377,685
1995,Built Area,Visakhapatnam,Unfurnished,12221690,1304,634
2014,Plot Area,Chennai,Semi-Furnished,12221674,1333,660
1992,Built Area,Gwalior,Semi-Furnished,12221402,1305,646
2019,Built Area,Gwalior,Semi-Furnished,12221224,1357,650
2009,Carpet Area,Amritsar,Unfurnished,12221093,1313,634
2009,Super Area,Vijayawada,Semi-Furnished,12220962,1358,651
2013,Plot Area,Ahmedabad,Furnished,12220624,1244,636
2004,Plot Area,Mumbai,Semi-Furnished,12220563,1241,617
2008,Super Area,Kalyan-Dombivli,Unfurnished,12220448,1234,623
1999,Carpet Area,Mysore,Unfurnished,12220355,1269,622
1993,Built Area,Agra,Furnished,12220253,1332,648
1992,Built Area,Navi Mumbai,Unfurnished,12220240,1256,624
2010,Built Area,Hyderabad,Unfurnished,12219979,1226,611
1998,Built Area,Visakhapatnam,Unfurnished,12219770,1261,635
2020,Carpet Area,Varanasi,Unfurnished,12219697,1283,637
2010,Carpet Area,Mangalore,Semi-Furnished,12219680,1263,616
2000,Carpet Area,Indore,Unfurnished,12218953,1231,613
1990,Super Area,Faridabad,Semi-Furnished,12218892,1208,615
2001,Plot Area,Patna,Semi-Furnished,12218615,1296,651
2014,Super Area,Noida,Semi-Furnished,12218602,1277,637
1992,Plot Area,Ranchi,Semi-Furnished,12218503,1236,618
2000,Carpet Area,Amritsar,Semi-Furnished,12218404,1226,623
2018,Carpet Area,Delhi,Semi-Furnished,12218292,1281,638
2019,Carpet Area,Rajkot,Unfurnished,12218152,1287,625
2014,Super Area,Ghaziabad,Semi-Furnished,12218079,1252,625
2000,Super Area,Mumbai,Semi-Furnished,12217957,1254,632
2019,Super Area,Gwalior,Semi-Furnished,12217611,1289,636
2006,Super Area,Faridabad,Furnished,12217423,1324,661
2005,Super Area,Mysore,Semi-Furnished,12217193,1314,654
2015,Built Area,Nashik,Unfurnished,12216558,1251,625
1998,Plot Area,Agra,Unfurnished,12216459,1306,642
1991,Built Area,Rajkot,Furnished,12216445,1239,628
1993,Built Area,Nagpur,Furnished,12215968,1243,610
2011,Super Area,Mangalore,Semi-Furnished,12215573,1321,638
2017,Built Area,Kalyan-Dombivli,Unfurnished,12215564,1297,657
1994,Super Area,Mumbai,Unfurnished,12215534,1280,634
2020,Built Area,Gwalior,Unfurnished,12215268,1282,636
2009,Carpet Area,Chandigarh,Furnished,12215240,1204,616
2012,Plot Area,Lucknow,Furnished,12215183,1220,625
2015,Plot Area,Ahmedabad,Furnished,12215170,1243,632
2003,Plot Area,Coimbatore,Unfurnished,12215125,1275,630
1993,Plot Area,Nashik,Furnished,12214826,1278,634
1998,Carpet Area,Kanpur,Semi-Furnished,12214645,1202,625
2009,Plot Area,Amritsar,Unfurnished,12214634,1245,636
1991,Built Area,Jaipur,Unfurnished,12214515,1251,633
1997,Carpet Area,Chandigarh,Semi-Furnished,12214372,1238,624
2014,Built Area,Kalyan-Dombivli,Furnished,12214339,1312,662
2020,Carpet Area,Coimbatore,Unfurnished,12213812,1296,632
2014,Super Area,Kanpur,Semi-Furnished,12213402,1297,647
2016,Built Area,Noida,Semi-Furnished,12213347,1241,621
1995,Super Area,Nashik,Semi-Furnished,12213346,1259,635
1991,Plot Area,Surat,Semi-Furnished,12213321,1247,624
2017,Plot Area,Coimbatore,Semi-Furnished,12213279,1282,648
1990,Carpet Area,Mysore,Semi-Furnished,12213192,1260,630
2007,Super Area,Varanasi,Semi-Furnished,12213174,1288,652
1994,Carpet Area,Bhopal,Furnished,12213128,1313,647
2018,Super Area,Indore,Semi-Furnished,12213031,1288,643
1990,Carpet Area,Agra,Semi-Furnished,12212936,1288,639
1994,Plot Area,Jaipur,Unfurnished,12212929,1246,631
2010,Carpet Area,Kolkata,Furnished,12212929,1221,623
1993,Plot Area,Ranchi,Unfurnished,12212905,1298,641
1996,Super Area,Thane,Unfurnished,12212322,1309,632
2015,Super Area,Bangalore,Unfurnished,12212293,1294,637
2003,Built Area,Mangalore,Unfurnished,12212262,1269,610
1990,Plot Area,Agra,Unfurnished,12212081,1261,615
2018,Carpet Area,Indore,Semi-Furnished,12211761,1234,606
2016,Super Area,Jaipur,Unfurnished,12211510,1191,613
2020,Super Area,Kanpur,Semi-Furnished,12211414,1270,641
1993,Plot Area,Navi Mumbai,Furnished,12211187,1280,638
2019,Plot Area,Jaipur,Unfurnished,12210981,1276,636
1992,Carpet Area,Thane,Unfurnished,12210960,1274,642
2018,Built Area,Ranchi,Unfurnished,12210950,1301,648
2017,Plot Area,Faridabad,Unfurnished,12210944,1280,622
2013,Super Area,Gwalior,Furnished,12210786,1210,615
1995,Carpet Area,Kanpur,Furnished,12210651,1248,629
1990,Super Area,Faridabad,Furnished,12210514,1253,626
1993,Built Area,Indore,Unfurnished,12210416,1299,650
2006,Carpet Area,Nashik,Unfurnished,12210410,1209,615
1991,Built Area,Vadodara,Unfurnished,12209997,1274,658
2016,Plot Area,Mumbai,Furnished,12209812,1292,632
1992,Plot Area,Varanasi,Unfurnished,12209589,1328,645
2001,Plot Area,Ranchi,Unfurnished,12209517,1290,631
2019,Plot Area,Ludhiana,Semi-Furnished,12209397,1242,631
2014,Super Area,Gwalior,Unfurnished,12209086,1236,621
2015,Built Area,Vadodara,Semi-Furnished,12208956,1281,640
2014,Super Area,Ranchi,Furnished,12208890,1285,640
1993,Carpet Area,Ranchi,Furnished,12208674,1373,666
2014,Carpet Area,Ludhiana,Semi-Furnished,12208469,1285,648
1993,Plot Area,Chandigarh,Unfurnished,12208381,1227,610
2011,Super Area,Kanpur,Semi-Furnished,12207638,1236,625
1993,Super Area,Rajkot,Furnished,12207445,1230,621
2018,Built Area,Chennai,Unfurnished,12207410,1208,618
2021,Super Area,Visakhapatnam,Unfurnished,12207246,1224,616
2017,Built Area,Meerut,Furnished,12206999,1240,621
2016,Super Area,Coimbatore,Furnished,12206843,1236,623
2001,Carpet Area,Vadodara,Furnished,12206765,1282,623
1996,Carpet Area,Chandigarh,Furnished,12206733,1177,589
1999,Super Area,Kalyan-Dombivli,Furnished,12206229,1307,659
1992,Carpet Area,Thane,Semi-Furnished,12206075,1282,632
1996,Carpet Area,Varanasi,Unfurnished,12206066,1210,609
2001,Carpet Area,Bangalore,Semi-Furnished,12206024,1255,621
2014,Plot Area,Surat,Furnished,12205916,1327,651
1996,Built Area,Hyderabad,Furnished,12205866,1251,633
2018,Built Area,Patna,Unfurnished,12205840,1259,629
2012,Super Area,Bhopal,Unfurnished,12205668,1239,635
2012,Built Area,Chennai,Furnished,12205584,1256,619
2003,Super Area,Visakhapatnam,Unfurnished,12205482,1269,635
1997,Super Area,Bhopal,Unfurnished,12205393,1316,661
2007,Carpet Area,Amritsar,Semi-Furnished,12205053,1176,616
1990,Built Area,Pune,Furnished,12205014,1281,629
1993,Built Area,Indore,Semi-Furnished,12204990,1243,628
1996,Built Area,Faridabad,Semi-Furnished,12204840,1291,628
2003,Built Area,Nashik,Semi-Furnished,12204782,1304,648
2004,Built Area,Mangalore,Semi-Furnished,12204549,1284,635
2010,Super Area,Mangalore,Semi-Furnished,12204540,1303,638
2010,Built Area,Ranchi,Furnished,12204436,1315,652
1991,Plot Area,Thane,Furnished,12204352,1340,657
2009,Plot Area,Kolkata,Unfurnished,12204346,1228,617
2015,Carpet Area,Rajkot,Furnished,12204250,1261,628
2002,Plot Area,Vijayawada,Semi-Furnished,12204222,1276,654
2002,Super Area,Jodhpur,Semi-Furnished,12203998,1293,656
2015,Built Area,Visakhapatnam,Furnished,12203883,1325,654
2011,Super Area,Lucknow,Unfurnished,12203876,1274,653
2019,Super Area,Kanpur,Furnished,12203860,1214,595
1997,Carpet Area,Vadodara,Furnished,12203557,1281,620
2005,Super Area,Jodhpur,Semi-Furnished,12203542,1260,629
2015,Carpet Area,Jaipur,Semi-Furnished,12203220,1220,605
2013,Built Area,Ranchi,Unfurnished,12203110,1268,638
2000,Super Area,Thane,Unfurnished,12202988,1305,654
1997,Built Area,Kalyan-Dombivli,Furnished,12202938,1302,645
2000,Built Area,Vadodara,Semi-Furnished,12202319,1260,630
1995,Plot Area,Vadodara,Furnished,12202305,1260,626
2020,Plot Area,Mangalore,Furnished,12201970,1270,651
1995,Built Area,Surat,Unfurnished,12201957,1245,628
1993,Super Area,Chandigarh,Semi-Furnished,12201727,1231,624
2001,Plot Area,Kalyan-Dombivli,Unfurnished,12201606,1291,644
1993,Carpet Area,Amritsar,Furnished,12201329,1261,619
1999,Built Area,Meerut,Furnished,12201309,1293,642
2016,Plot Area,Varanasi,Unfurnished,12201273,1284,637
2020,Super Area,Surat,Unfurnished,12201220,1277,631
2006,Carpet Area,Ahmedabad,Unfurnished,12200960,1252,626
1998,Plot Area,Vadodara,Furnished,12200945,1277,636
2013,Built Area,Kalyan-Dombivli,Semi-Furnished,12200698,1276,641
2006,Super Area,Gwalior,Semi-Furnished,12200625,1233,613
2003,Built Area,Navi Mumbai,Semi-Furnished,12200552,1263,638
2002,Carpet Area,Ahmedabad,Furnished,12200517,1325,656
2000,Built Area,Kolkata,Unfurnished,12200367,1277,643
1996,Built Area,Ranchi,Furnished,12200245,1206,604
2013,Built Area,Ghaziabad,Semi-Furnished,12199923,1279,635
2013,Super Area,Patna,Furnished,12199604,1289,640
2016,Super Area,Vadodara,Unfurnished,12199515,1268,628
2003,Carpet Area,Amritsar,Semi-Furnished,12199513,1316,647
1999,Super Area,Chandigarh,Semi-Furnished,12199352,1302,648
2016,Plot Area,Ghaziabad,Semi-Furnished,12199270,1256,645
2005,Carpet Area,Mangalore,Semi-Furnished,12199216,1229,630
1995,Carpet Area,Navi Mumbai,Semi-Furnished,12199183,1253,633
1999,Super Area,Thane,Furnished,12199105,1255,632
1995,Built Area,Mumbai,Furnished,12199070,1298,643
2015,Plot Area,Thane,Furnished,12199036,1233,629
1997,Carpet Area,Ranchi,Unfurnished,12199030,1358,667
1999,Super Area,Meerut,Unfurnished,12198998,1277,635
1992,Built Area,Ghaziabad,Unfurnished,12198957,1277,640
2016,Carpet Area,Hyderabad,Semi-Furnished,12198431,1262,646
1994,Super Area,Coimbatore,Furnished,12198216,1300,664
2009,Plot Area,Navi Mumbai,Unfurnished,12198181,1282,627
2013,Super Area,Varanasi,Semi-Furnished,12198105,1293,645
1995,Super Area,Visakhapatnam,Semi-Furnished,12197796,1313,640
1990,Plot Area,Hyderabad,Furnished,12197660,1270,649
1993,Super Area,Visakhapatnam,Unfurnished,12197641,1215,604
1999,Super Area,Gwalior,Semi-Furnished,12197570,1202,613
2003,Built Area,Ahmedabad,Unfurnished,12197445,1298,640
2004,Built Area,Ranchi,Unfurnished,12197444,1266,645
2006,Super Area,Visakhapatnam,Furnished,12196811,1270,639
2004,Plot Area,Ghaziabad,Unfurnished,12196750,1235,625
2014,Carpet Area,Kalyan-Dombivli,Semi-Furnished,12196607,1258,628
1994,Super Area,Bangalore,Furnished,12196562,1236,613
1993,Super Area,Bhopal,Furnished,12195931,1241,610
2007,Built Area,Vijayawada,Furnished,12195928,1193,610
2011,Built Area,Vijayawada,Unfurnished,12195678,1291,635
2004,Built Area,Ghaziabad,Furnished,12195572,1327,646
2012,Super Area,Mumbai,Unfurnished,12195551,1278,641
1996,Built Area,Bangalore,Semi-Furnished,12195550,1293,639
2021,Plot Area,Varanasi,Unfurnished,12195410,1252,633
1997,Plot Area,Aurangabad,Unfurnished,12195337,1237,633
1994,Carpet Area,Mysore,Furnished,12195161,1226,609
2014,Carpet Area,Ranchi,Unfurnished,12195065,1246,630
1990,Carpet Area,Jodhpur,Unfurnished,12194879,1316,641
1996,Built Area,Chandigarh,Semi-Furnished,12194658,1320,657
2006,Built Area,Nashik,Unfurnished,12194590,1215,602
2008,Built Area,Mysore,Semi-Furnished,12194542,1252,634
1994,Plot Area,Hyderabad,Unfurnished,12194466,1265,633
1992,Plot Area,Mysore,Unfurnished,12194363,1314,645
2020,Super Area,Faridabad,Semi-Furnished,12194324,1292,630
1998,Carpet Area,Chennai,Unfurnished,12194103,1270,619
2019,Plot Area,Rajkot,Semi-Furnished,12193520,1277,644
2009,Built Area,Hyderabad,Unfurnished,12193344,1258,620
2008,Carpet Area,Vijayawada,Furnished,12193174,1274,652
2003,Built Area,Chandigarh,Semi-Furnished,12193120,1311,651
2009,Carpet Area,Patna,Furnished,12192965,1268,648
1991,Carpet Area,Ahmedabad,Unfurnished,12192881,1253,640
1996,Plot Area,Chandigarh,Furnished,12192864,1243,620
2009,Built Area,Mumbai,Furnished,12192856,1243,626
1992,Super Area,Patna,Unfurnished,12192489,1291,652
1990,Carpet Area,Navi Mumbai,Semi-Furnished,12191948,1249,622
2006,Super Area,Agra,Unfurnished,12191910,1244,630
2019,Plot Area,Delhi,Furnished,12191757,1278,643
1993,Super Area,Vadodara,Semi-Furnished,12191537,1231,630
2013,Plot Area,Nashik,Semi-Furnished,12191243,1255,638
2002,Built Area,Vadodara,Semi-Furnished,12190798,1350,668
2017,Plot Area,Ranchi,Semi-Furnished,12190667,1269,628
2018,Built Area,Mysore,Unfurnished,12190512,1248,635
2012,Built Area,Amritsar,Unfurnished,12190439,1253,623
2011,Carpet Area,Meerut,Furnished,12190417,1284,636
2012,Built Area,Vadodara,Unfurnished,12190349,1215,600
2005,Carpet Area,Chennai,Furnished,12190016,1280,625
2012,Carpet Area,Hyderabad,Unfurnished,12189951,1299,643
1993,Built Area,Surat,Semi-Furnished,12189733,1232,607
2010,Super Area,Aurangabad,Unfurnished,12189702,1198,612
1998,Carpet Area,Nashik,Furnished,12189646,1221,609
2005,Carpet Area,Meerut,Furnished,12189531,1268,639
2014,Carpet Area,Kalyan-Dombivli,Unfurnished,12189270,1283,629
1998,Plot Area,Jodhpur,Unfurnished,12189196,1266,633
1999,Super Area,Agra,Semi-Furnished,12189187,1262,636
2009,Built Area,Varanasi,Semi-Furnished,12189102,1392,676
2013,Built Area,Indore,Furnished,12188951,1261,625
2002,Super Area,Pune,Furnished,12188858,1220,622
2001,Plot Area,Thane,Unfurnished,12188718,1266,636
2016,Plot Area,Vadodara,Unfurnished,12188704,1238,623
2020,Plot Area,Bangalore,Furnished,12188219,1240,616
1998,Built Area,Vijayawada,Furnished,12188158,1288,628
1992,Plot Area,Coimbatore,Semi-Furnished,12187902,1353,680
2016,Carpet Area,Jodhpur,Semi-Furnished,12187708,1293,642
2021,Plot Area,Faridabad,Unfurnished,12187661,1224,612
2015,Super Area,Ludhiana,Semi-Furnished,12187557,1245,629
2009,Carpet Area,Meerut,Unfurnished,12187529,1241,620
2017,Plot Area,Hyderabad,Unfurnished,12187518,1226,614
1994,Plot Area,Patna,Unfurnished,12187403,1300,633
1996,Super Area,Hyderabad,Unfurnished,12187352,1204,624
1994,Super Area,Mumbai,Furnished,12187349,1273,646
2021,Plot Area,Kalyan-Dombivli,Unfurnished,12187124,1246,613
2004,Carpet Area,Kolkata,Semi-Furnished,12187033,1256,636
2007,Super Area,Ranchi,Semi-Furnished,12186957,1268,631
1990,Super Area,Kalyan-Dombivli,Furnished,12186790,1276,625
2002,Super Area,Ghaziabad,Furnished,12186459,1296,636
2015,Built Area,Delhi,Unfurnished,12186261,1195,610
2004,Carpet Area,Agra,Unfurnished,12186097,1342,660
2004,Built Area,Agra,Semi-Furnished,12185862,1252,626
2009,Carpet Area,Noida,Semi-Furnished,12185862,1187,612
2013,Super Area,Agra,Unfurnished,12185404,1307,642
1998,Super Area,Kalyan-Dombivli,Semi-Furnished,12185340,1356,666
2008,Carpet Area,Agra,Unfurnished,12185329,1268,634
2008,Carpet Area,Kolkata,Semi-Furnished,12184560,1227,614
1994,Super Area,Rajkot,Semi-Furnished,12184469,1276,629
1997,Plot Area,Chandigarh,Semi-Furnished,12184261,1257,642
2012,Built Area,Kolkata,Semi-Furnished,12184145,1259,642
2002,Carpet Area,Lucknow,Furnished,12183468,1231,619
2008,Carpet Area,Amritsar,Furnished,12183459,1240,614
1992,Built Area,Mangalore,Furnished,12183439,1291,642
2001,Carpet Area,Ahmedabad,Semi-Furnished,12183411,1277,644
1996,Plot Area,Ghaziabad,Furnished,12183328,1350,667
2007,Super Area,Indore,Unfurnished,12183242,1293,637
2002,Built Area,Navi Mumbai,Semi-Furnished,12183227,1258,627
1990,Carpet Area,Aurangabad,Furnished,12183149,1293,627
1993,Plot Area,Jaipur,Semi-Furnished,12183130,1291,627
1995,Super Area,Amritsar,Unfurnished,12183072,1173,601
2018,Super Area,Lucknow,Semi-Furnished,12182993,1347,665
2021,Plot Area,Ahmedabad,Unfurnished,12182165,1239,621
2018,Carpet Area,Navi Mumbai,Semi-Furnished,12181864,1281,632
2008,Plot Area,Lucknow,Semi-Furnished,12181779,1262,627
2008,Super Area,Mangalore,Semi-Furnished,12181588,1233,627
1991,Super Area,Varanasi,Furnished,12181395,1256,636
1990,Built Area,Lucknow,Semi-Furnished,12181383,1288,638
2021,Super Area,Ahmedabad,Unfurnished,12181243,1292,651
1999,Built Area,Thane,Furnished,12181131,1361,668
2014,Plot Area,Vijayawada,Furnished,12180885,1228,620
2009,Plot Area,Jodhpur,Unfurnished,12180592,1283,642
1999,Super Area,Mysore,Semi-Furnished,12180478,1204,606
2004,Super Area,Lucknow,Unfurnished,12180384,1250,629
2003,Built Area,Nashik,Furnished,12180131,1290,630
2000,Carpet Area,Visakhapatnam,Furnished,12180049,1261,634
2011,Plot Area,Delhi,Unfurnished,12179882,1307,660
1994,Super Area,Varanasi,Unfurnished,12179676,1254,623
2008,Super Area,Indore,Unfurnished,12179520,1259,615
2021,Carpet Area,Lucknow,Furnished,12179473,1260,638
2019,Carpet Area,Navi Mumbai,Furnished,12179147,1176,621
1995,Plot Area,Lucknow,Semi-Furnished,12178848,1286,647
2020,Super Area,Kalyan-Dombivli,Furnished,12178690,1340,656
2011,Carpet Area,Faridabad,Furnished,12178651,1225,612
1997,Built Area,Kolkata,Unfurnished,12178421,1278,630
2001,Built Area,Vijayawada,Furnished,12178421,1255,622
1999,Built Area,Pune,Semi-Furnished,12178355,1341,668
1991,Plot Area,Patna,Semi-Furnished,12178348,1283,633
2007,Super Area,Mysore,Semi-Furnished,12178127,1273,629
1995,Carpet Area,Ranchi,Unfurnished,12178096,1294,644
2010,Plot Area,Indore,Unfurnished,12178082,1230,641
2009,Built Area,Ahmedabad,Semi-Furnished,12177890,1271,628
2010,Carpet Area,Jodhpur,Semi-Furnished,12177601,1211,618
1991,Super Area,Chandigarh,Semi-Furnished,12177517,1298,649
2008,Plot Area,Kolkata,Furnished,12177497,1246,639
1998,Carpet Area,Patna,Furnished,12177448,1194,609
1997,Plot Area,Mumbai,Semi-Furnished,12177338,1323,658
1999,Carpet Area,Vadodara,Semi-Furnished,12177122,1261,644
2018,Built Area,Ghaziabad,Furnished,12177102,1253,621
2003,Super Area,Jodhpur,Furnished,12177094,1315,659
2000,Carpet Area,Ahmedabad,Furnished,12177052,1303,643
1992,Built Area,Thane,Semi-Furnished,12177045,1233,637
2000,Carpet Area,Bhopal,Semi-Furnished,12176488,1276,633
2018,Super Area,Mumbai,Semi-Furnished,12176464,1301,649
2012,Plot Area,Chandigarh,Furnished,12175777,1208,624
1994,Super Area,Lucknow,Semi-Furnished,12175658,1305,637
2015,Super Area,Indore,Semi-Furnished,12175626,1257,641
2003,Carpet Area,Varanasi,Unfurnished,12175600,1286,641
2001,Carpet Area,Mangalore,Semi-Furnished,12175538,1216,628
2020,Built Area,Rajkot,Semi-Furnished,12175500,1264,646
2009,Carpet Area,Jaipur,Furnished,12175380,1296,632
2005,Plot Area,Nashik,Semi-Furnished,12175124,1291,651
1993,Carpet Area,Bangalore,Furnished,12174794,1214,633
1998,Super Area,Thane,Furnished,12174762,1269,633
2007,Built Area,Ahmedabad,Furnished,12174690,1310,639
1993,Super Area,Aurangabad,Semi-Furnished,12174550,1292,653
2010,Plot Area,Hyderabad,Unfurnished,12174436,1296,648
1994,Plot Area,Navi Mumbai,Semi-Furnished,12174361,1320,642
2020,Plot Area,Delhi,Semi-Furnished,12174290,1292,654
2016,Super Area,Aurangabad,Semi-Furnished,12174245,1221,611
2012,Super Area,Visakhapatnam,Semi-Furnished,12174182,1200,610
2018,Super Area,Amritsar,Semi-Furnished,12173912,1260,632
2019,Super Area,Lucknow,Unfurnished,12173854,1254,620
1999,Built Area,Chandigarh,Semi-Furnished,12173801,1255,616
1994,Built Area,Pune,Unfurnished,12173682,1334,647
2001,Carpet Area,Vadodara,Semi-Furnished,12173184,1350,653
2015,Built Area,Mysore,Semi-Furnished,12173131,1242,629
2000,Super Area,Vadodara,Unfurnished,12172416,1335,665
2008,Plot Area,Hyderabad,Furnished,12172348,1279,632
2003,Super Area,Faridabad,Semi-Furnished,12172331,1279,631
1994,Built Area,Vijayawada,Unfurnished,12172323,1299,648
1998,Plot Area,Pune,Semi-Furnished,12172217,1300,643
2010,Built Area,Vadodara,Furnished,12171462,1236,632
2020,Built Area,Ludhiana,Unfurnished,12171394,1288,640
1995,Built Area,Chandigarh,Semi-Furnished,12171374,1232,612
2000,Super Area,Noida,Semi-Furnished,12171303,1255,635
1995,Super Area,Vadodara,Unfurnished,12171238,1247,628
1992,Super Area,Meerut,Unfurnished,12171003,1296,635
2002,Plot Area,Meerut,Furnished,12170943,1269,634
2010,Built Area,Aurangabad,Furnished,12170834,1280,625
1995,Built Area,Chandigarh,Furnished,12170629,1345,679
1999,Plot Area,Kanpur,Semi-Furnished,12170584,1230,616
1990,Built Area,Navi Mumbai,Semi-Furnished,12170447,1243,616
1996,Built Area,Nashik,Semi-Furnished,12170355,1257,612
2018,Plot Area,Amritsar,Semi-Furnished,12170297,1246,625
2012,Super Area,Gwalior,Unfurnished,12169824,1253,642
2016,Carpet Area,Surat,Furnished,12169567,1285,665
1999,Built Area,Faridabad,Unfurnished,12169546,1227,614
2016,Plot Area,Thane,Semi-Furnished,12169470,1302,648
1996,Carpet Area,Amritsar,Furnished,12169388,1244,636
2008,Super Area,Chennai,Furnished,12169370,1288,637
2011,Plot Area,Faridabad,Furnished,12169295,1320,658
2001,Super Area,Mangalore,Furnished,12169256,1248,638
2001,Built Area,Jaipur,Semi-Furnished,12168419,1298,664
1997,Carpet Area,Visakhapatnam,Furnished,12168151,1271,633
2003,Super Area,Noida,Unfurnished,12167736,1285,635
2000,Plot Area,Kolkata,Furnished,12167529,1253,628
2007,Built Area,Mumbai,Furnished,12167512,1307,644
2021,Carpet Area,Vijayawada,Semi-Furnished,12167356,1256,624
2004,Carpet Area,Mysore,Unfurnished,12167321,1357,663
2002,Carpet Area,Ranchi,Unfurnished,12167254,1212,612
2000,Built Area,Meerut,Semi-Furnished,12167014,1237,631
2013,Carpet Area,Nagpur,Furnished,12166930,1348,660
2006,Plot Area,Jodhpur,Furnished,12166545,1243,635
1992,Built Area,Visakhapatnam,Semi-Furnished,12165807,1256,638
1991,Super Area,Kolkata,Furnished,12165679,1287,622
2007,Built Area,Agra,Unfurnished,12165674,1287,636
2017,Plot Area,Gwalior,Semi-Furnished,12164548,1324,664
2009,Plot Area,Mangalore,Semi-Furnished,12164233,1254,627
1996,Built Area,Thane,Furnished,12163677,1270,628
1998,Carpet Area,Kalyan-Dombivli,Unfurnished,12163338,1250,630
2017,Plot Area,Kanpur,Unfurnished,12163220,1290,646
2003,Super Area,Kolkata,Furnished,12163217,1305,646
2008,Carpet Area,Kalyan-Dombivli,Furnished,12163009,1269,642
2006,Plot Area,Visakhapatnam,Semi-Furnished,12162874,1213,619
1995,Plot Area,Ranchi,Semi-Furnished,12162800,1186,592
2015,Plot Area,Mysore,Furnished,12162780,1284,638
1991,Plot Area,Rajkot,Unfurnished,12162735,1292,640
2006,Super Area,Kanpur,Semi-Furnished,12162680,1269,647
2005,Built Area,Kalyan-Dombivli,Unfurnished,12162574,1225,630
2011,Carpet Area,Agra,Furnished,12162353,1287,640
1991,Built Area,Mysore,Semi-Furnished,12162225,1262,632
1999,Built Area,Ahmedabad,Semi-Furnished,12161536,1284,627
2006,Super Area,Nagpur,Furnished,12161494,1306,653
2003,Carpet Area,Vijayawada,Furnished,12161443,1253,625
2007,Built Area,Ludhiana,Furnished,12161383,1369,674
1995,Built Area,Lucknow,Unfurnished,12161202,1280,646
2006,Super Area,Mangalore,Unfurnished,12161199,1265,633
2002,Carpet Area,Amritsar,Unfurnished,12161030,1307,635
2002,Built Area,Coimbatore,Furnished,12161022,1285,645
2006,Super Area,Patna,Unfurnished,12160791,1251,624
2017,Super Area,Faridabad,Unfurnished,12160693,1280,640
2015,Built Area,Ahmedabad,Unfurnished,12160616,1173,592
1993,Super Area,Nagpur,Unfurnished,12160539,1255,640
2000,Super Area,Nashik,Unfurnished,12160520,1257,636
2007,Plot Area,Bangalore,Furnished,12160511,1316,660
2014,Carpet Area,Navi Mumbai,Semi-Furnished,12160402,1268,625
2010,Built Area,Delhi,Unfurnished,12160195,1218,617
2017,Super Area,Vadodara,Furnished,12160148,1306,650
2017,Plot Area,Bhopal,Unfurnished,12160098,1244,635
2017,Carpet Area,Kalyan-Dombivli,Semi-Furnished,12159962,1250,624
2015,Plot Area,Kanpur,Unfurnished,12159803,1253,640
1990,Carpet Area,Visakhapatnam,Furnished,12159648,1336,640
2017,Built Area,Vadodara,Semi-Furnished,12159598,1273,644
2014,Carpet Area,Vijayawada,Furnished,12159407,1221,623
2011,Built Area,Jaipur,Furnished,12159282,1308,630
2004,Plot Area,Nagpur,Unfurnished,12159170,1316,637
2002,Carpet Area,Delhi,Furnished,12158872,1201,601
1992,Super Area,Varanasi,Semi-Furnished,12158765,1263,626
2020,Built Area,Indore,Semi-Furnished,12158728,1206,612
2012,Carpet Area,Faridabad,Unfurnished,12158719,1214,616
2016,Super Area,Noida,Furnished,12158485,1236,614
1992,Built Area,Visakhapatnam,Unfurnished,12158354,1253,631
2021,Built Area,Jodhpur,Unfurnished,12158175,1307,641
2009,Built Area,Navi Mumbai,Unfurnished,12158082,1245,623
2003,Carpet Area,Delhi,Furnished,12158067,1280,644
2005,Carpet Area,Chennai,Semi-Furnished,12157429,1217,638
1995,Carpet Area,Bhopal,Unfurnished,12156932,1260,638
1997,Built Area,Faridabad,Unfurnished,12156598,1264,644
2015,Carpet Area,Rajkot,Unfurnished,12156320,1182,612
2013,Plot Area,Mysore,Unfurnished,12156281,1319,646
1993,Carpet Area,Rajkot,Semi-Furnished,12156277,1246,633
2006,Plot Area,Thane,Semi-Furnished,12156012,1311,653
2013,Plot Area,Indore,Furnished,12155661,1236,634
2019,Plot Area,Coimbatore,Furnished,12155407,1262,633
1999,Plot Area,Jodhpur,Semi-Furnished,12155286,1272,646
2002,Built Area,Kalyan-Dombivli,Furnished,12155089,1320,643
1999,Built Area,Ghaziabad,Semi-Furnished,12155067,1214,625
2001,Built Area,Chennai,Unfurnished,12155038,1189,611
2007,Built Area,Nashik,Furnished,12155000,1246,618
2012,Super Area,Delhi,Semi-Furnished,12154915,1210,614
2011,Carpet Area,Hyderabad,Unfurnished,12154113,1344,665
1994,Carpet Area,Indore,Semi-Furnished,12154105,1241,641
2008,Plot Area,Indore,Furnished,12154100,1292,653
2015,Super Area,Vadodara,Unfurnished,12154005,1248,631
2005,Plot Area,Patna,Furnished,12153897,1298,658
2008,Plot Area,Mangalore,Furnished,12153636,1277,634
2006,Plot Area,Faridabad,Unfurnished,12153560,1282,639
1993,Plot Area,Mysore,Furnished,12153536,1278,650
1995,Carpet Area,Nashik,Semi-Furnished,12153493,1215,609
1995,Super Area,Visakhapatnam,Unfurnished,12153193,1297,639
2021,Plot Area,Hyderabad,Furnished,12153007,1265,624
2009,Plot Area,Agra,Unfurnished,12152802,1270,628
2008,Carpet Area,Aurangabad,Unfurnished,12152772,1276,641
1997,Carpet Area,Navi Mumbai,Semi-Furnished,12152673,1258,638
2019,Built Area,Jaipur,Furnished,12152573,1205,604
2003,Plot Area,Bangalore,Furnished,12152367,1260,623
2020,Super Area,Kolkata,Semi-Furnished,12152187,1229,624
2008,Carpet Area,Navi Mumbai,Unfurnished,12151744,1274,651
2016,Built Area,Chandigarh,Semi-Furnished,12151684,1267,641
2005,Super Area,Gwalior,Semi-Furnished,12151675,1264,637
2008,Plot Area,Chennai,Unfurnished,12151504,1321,673
2012,Built Area,Bhopal,Furnished,12151481,1193,609
2019,Plot Area,Nashik,Semi-Furnished,12151100,1280,659
2020,Super Area,Ahmedabad,Furnished,12150962,1271,640
1993,Plot Area,Kalyan-Dombivli,Semi-Furnished,12150908,1319,632
2012,Super Area,Thane,Semi-Furnished,12150673,1297,640
2018,Carpet Area,Chennai,Furnished,12150672,1278,639
2003,Super Area,Mumbai,Semi-Furnished,12150613,1249,631
1997,Super Area,Vadodara,Semi-Furnished,12150544,1266,635
2018,Carpet Area,Indore,Furnished,12150507,1271,628
2009,Built Area,Surat,Semi-Furnished,12150378,1258,629
2003,Super Area,Nashik,Unfurnished,12150307,1316,638
2016,Plot Area,Pune,Semi-Furnished,12150270,1274,632
2000,Carpet Area,Mysore,Semi-Furnished,12150251,1273,636
2016,Plot Area,Chennai,Unfurnished,12150212,1307,659
2002,Super Area,Kalyan-Dombivli,Semi-Furnished,12150171,1241,627
2003,Super Area,Vijayawada,Unfurnished,12150166,1232,622
2012,Carpet Area,Ahmedabad,Semi-Furnished,12150110,1227,622
2012,Built Area,Agra,Furnished,12150006,1261,613
2020,Built Area,Chennai,Unfurnished,12149896,1269,636
2006,Carpet Area,Aurangabad,Semi-Furnished,12149763,1218,625
1995,Plot Area,Noida,Unfurnished,12149679,1239,609
1996,Built Area,Ghaziabad,Furnished,12149675,1243,609
2016,Super Area,Agra,Furnished,12149660,1255,625
2021,Super Area,Kalyan-Dombivli,Unfurnished,12149564,1249,638
2008,Super Area,Nagpur,Semi-Furnished,12149330,1234,624
2000,Carpet Area,Gwalior,Semi-Furnished,12149280,1205,618
2021,Plot Area,Vadodara,Furnished,12148827,1289,636
2002,Super Area,Jodhpur,Furnished,12148790,1228,633
1997,Plot Area,Vijayawada,Semi-Furnished,12148734,1257,626
2002,Plot Area,Aurangabad,Unfurnished,12148105,1180,603
2015,Built Area,Agra,Unfurnished,12147987,1219,620
1995,Plot Area,Nashik,Unfurnished,12147895,1303,644
2002,Super Area,Lucknow,Semi-Furnished,12147524,1259,625
2008,Super Area,Kanpur,Unfurnished,12147503,1277,638
2019,Built Area,Kanpur,Semi-Furnished,12147420,1311,657
2018,Built Area,Navi Mumbai,Unfurnished,12147151,1289,644
2016,Super Area,Chandigarh,Semi-Furnished,12147028,1288,645
2002,Carpet Area,Mysore,Furnished,12146724,1209,610
2008,Plot Area,Ludhiana,Unfurnished,12146720,1273,639
1996,Built Area,Varanasi,Furnished,12146683,1273,634
1993,Plot Area,Kanpur,Unfurnished,12146595,1234,609
2019,Plot Area,Faridabad,Unfurnished,12146116,1239,628
2001,Built Area,Varanasi,Furnished,12145851,1281,626
1995,Super Area,Faridabad,Unfurnished,12145524,1241,601
2013,Carpet Area,Indore,Unfurnished,12145229,1280,636
2006,Plot Area,Gwalior,Unfurnished,12144957,1386,670
1991,Plot Area,Amritsar,Unfurnished,12144770,1291,631
2001,Super Area,Hyderabad,Furnished,12144757,1354,668
2004,Carpet Area,Faridabad,Semi-Furnished,12144708,1264,642
2014,Plot Area,Ghaziabad,Semi-Furnished,12144631,1313,647
1995,Carpet Area,Chandigarh,Unfurnished,12144145,1322,644
2007,Super Area,Pune,Unfurnished,12144115,1240,627
1994,Plot Area,Amritsar,Unfurnished,12143496,1232,618
1997,Built Area,Delhi,Semi-Furnished,12143376,1287,643
2008,Plot Area,Jodhpur,Unfurnished,12143270,1254,638
2018,Carpet Area,Chandigarh,Unfurnished,12142739,1255,622
2011,Carpet Area,Pune,Unfurnished,12142725,1216,628
1999,Carpet Area,Mangalore,Unfurnished,12142723,1225,619
2010,Super Area,Vadodara,Unfurnished,12142635,1231,623
1995,Carpet Area,Indore,Unfurnished,12142555,1316,656
1996,Plot Area,Surat,Semi-Furnished,12142413,1338,640
2003,Carpet Area,Nagpur,Furnished,12141650,1243,619
2007,Super Area,Jaipur,Furnished,12141572,1263,638
1993,Plot Area,Vijayawada,Semi-Furnished,12141509,1207,613
2005,Built Area,Bangalore,Furnished,12141432,1236,632
2002,Plot Area,Amritsar,Semi-Furnished,12141236,1255,612
1997,Carpet Area,Gwalior,Unfurnished,12141104,1289,652
2016,Carpet Area,Kolkata,Furnished,12141059,1328,634
2018,Built Area,Amritsar,Semi-Furnished,12140854,1346,661
1992,Super Area,Mangalore,Furnished,12140819,1319,650
2014,Built Area,Delhi,Semi-Furnished,12140647,1234,616
1990,Plot Area,Indore,Furnished,12140623,1257,632
2016,Carpet Area,Pune,Unfurnished,12140421,1243,613
1991,Built Area,Nagpur,Semi-Furnished,12140359,1285,641
2014,Super Area,Noida,Furnished,12140232,1314,637
1996,Built Area,Ahmedabad,Unfurnished,12139965,1249,625
2003,Carpet Area,Mangalore,Unfurnished,12139701,1292,641
1996,Carpet Area,Mysore,Semi-Furnished,12139576,1238,618
2014,Carpet Area,Jodhpur,Semi-Furnished,12139165,1271,636
2009,Built Area,Nashik,Furnished,12139136,1232,619
2021,Built Area,Vijayawada,Semi-Furnished,12138812,1347,657
1993,Plot Area,Rajkot,Unfurnished,12138434,1225,619
2010,Built Area,Patna,Semi-Furnished,12138401,1281,663
2000,Carpet Area,Kanpur,Furnished,12138326,1236,609
2015,Carpet Area,Aurangabad,Furnished,12138294,1246,631
1993,Plot Area,Amritsar,Semi-Furnished,12137514,1320,658
2011,Built Area,Visakhapatnam,Unfurnished,12137501,1272,633
2008,Plot Area,Kalyan-Dombivli,Furnished,12137360,1310,634
2015,Built Area,Chennai,Furnished,12137260,1219,614
2010,Built Area,Gwalior,Furnished,12136856,1201,610
1990,Super Area,Indore,Unfurnished,12136132,1256,630
2021,Carpet Area,Nagpur,Semi-Furnished,12135952,1201,629
2008,Built Area,Mangalore,Furnished,12135856,1289,628
2002,Super Area,Hyderabad,Unfurnished,12135804,1279,636
1994,Super Area,Bhopal,Semi-Furnished,12135569,1281,643
2004,Built Area,Chandigarh,Unfurnished,12135476,1298,665
1992,Carpet Area,Navi Mumbai,Unfurnished,12135470,1276,640
2002,Built Area,Kolkata,Furnished,12135451,1305,642
2012,Plot Area,Surat,Unfurnished,12135451,1278,640
2017,Built Area,Jaipur,Furnished,12135232,1248,629
2019,Super Area,Jaipur,Semi-Furnished,12134873,1378,681
2019,Built Area,Vijayawada,Furnished,12134788,1281,643
2021,Carpet Area,Bhopal,Unfurnished,12134653,1316,666
2013,Plot Area,Kalyan-Dombivli,Semi-Furnished,12134615,1248,625
2011,Super Area,Vadodara,Semi-Furnished,12134572,1296,632
1992,Super Area,Vadodara,Furnished,12134535,1350,669
1992,Super Area,Amritsar,Furnished,12134415,1267,632
2008,Super Area,Noida,Unfurnished,12134313,1275,648
2016,Super Area,Bhopal,Furnished,12134049,1229,618
2009,Plot Area,Kanpur,Unfurnished,12133863,1269,627
2000,Plot Area,Mumbai,Unfurnished,12133802,1291,640
2011,Super Area,Meerut,Unfurnished,12133677,1258,605
1990,Carpet Area,Hyderabad,Semi-Furnished,12133585,1212,607
1991,Built Area,Nagpur,Furnished,12133424,1244,612
2002,Super Area,Kolkata,Semi-Furnished,12133251,1255,634
1995,Carpet Area,Meerut,Unfurnished,12133206,1296,649
2021,Built Area,Kolkata,Furnished,12133126,1276,669
2021,Carpet Area,Ghaziabad,Semi-Furnished,12133053,1249,623
2021,Plot Area,Meerut,Semi-Furnished,12133053,1257,611
1993,Plot Area,Kolkata,Unfurnished,12132870,1225,626
2019,Plot Area,Noida,Unfurnished,12132728,1243,618
1990,Carpet Area,Varanasi,Furnished,12132700,1292,635
2014,Carpet Area,Mumbai,Unfurnished,12132633,1235,615
1999,Super Area,Hyderabad,Furnished,12132182,1229,622
1993,Carpet Area,Coimbatore,Unfurnished,12132051,1251,611
2009,Carpet Area,Vijayawada,Unfurnished,12131764,1311,660
2019,Built Area,Patna,Semi-Furnished,12131760,1272,650
1997,Super Area,Mumbai,Semi-Furnished,12131729,1204,604
2012,Plot Area,Jodhpur,Furnished,12131519,1204,601
2012,Built Area,Pune,Semi-Furnished,12131447,1176,596
1994,Carpet Area,Coimbatore,Unfurnished,12131416,1264,628
2016,Carpet Area,Bhopal,Semi-Furnished,12131247,1327,641
1994,Super Area,Thane,Unfurnished,12130913,1309,638
2018,Carpet Area,Jodhpur,Furnished,12130486,1225,620
2020,Built Area,Delhi,Semi-Furnished,12130263,1262,635
1998,Carpet Area,Varanasi,Unfurnished,12130007,1223,609
2008,Super Area,Ludhiana,Semi-Furnished,12129646,1222,622
2007,Super Area,Ranchi,Furnished,12129639,1302,654
1991,Plot Area,Kalyan-Dombivli,Furnished,12129430,1255,615
2012,Carpet Area,Kanpur,Unfurnished,12129348,1264,633
2019,Plot Area,Visakhapatnam,Semi-Furnished,12129340,1293,649
2002,Carpet Area,Ludhiana,Semi-Furnished,12129028,1284,640
2015,Carpet Area,Gwalior,Unfurnished,12129003,1342,670
2003,Super Area,Ludhiana,Unfurnished,12128929,1180,608
1998,Plot Area,Nagpur,Furnished,12128694,1255,614
1999,Carpet Area,Agra,Unfurnished,12128498,1251,635
2002,Super Area,Ludhiana,Semi-Furnished,12128483,1257,641
2019,Carpet Area,Ludhiana,Semi-Furnished,12128186,1236,625
1991,Carpet Area,Faridabad,Semi-Furnished,12127966,1287,636
1995,Carpet Area,Agra,Furnished,12127764,1246,626
1995,Built Area,Faridabad,Semi-Furnished,12127724,1298,637
1996,Super Area,Nashik,Furnished,12127692,1294,641
2000,Plot Area,Visakhapatnam,Unfurnished,12127207,1253,641
2003,Super Area,Chennai,Semi-Furnished,12127123,1193,615
2009,Carpet Area,Rajkot,Unfurnished,12126998,1247,622
1996,Super Area,Ghaziabad,Semi-Furnished,12126794,1281,644
2021,Plot Area,Kolkata,Unfurnished,12126596,1199,597
2016,Built Area,Jaipur,Semi-Furnished,12126551,1209,603
2020,Built Area,Gwalior,Furnished,12126235,1264,622
1998,Carpet Area,Lucknow,Semi-Furnished,12126200,1226,619
2014,Built Area,Amritsar,Furnished,12126094,1237,612
2016,Plot Area,Navi Mumbai,Unfurnished,12126027,1294,650
1999,Plot Area,Chandigarh,Unfurnished,12125788,1310,655
2015,Plot Area,Chennai,Furnished,12125681,1255,630
1993,Super Area,Delhi,Semi-Furnished,12125506,1224,616
2021,Super Area,Ahmedabad,Furnished,12125485,1300,646
2012,Super Area,Navi Mumbai,Furnished,12125320,1269,631
1995,Built Area,Delhi,Furnished,12124477,1217,611
2004,Built Area,Delhi,Semi-Furnished,12124330,1248,624
2008,Super Area,Faridabad,Unfurnished,12124238,1317,656
2011,Built Area,Pune,Semi-Furnished,12124218,1235,617
2016,Super Area,Lucknow,Semi-Furnished,12124155,1273,661
2009,Super Area,Gwalior,Semi-Furnished,12123911,1288,635
2008,Carpet Area,Ahmedabad,Furnished,12123882,1188,601
2008,Built Area,Delhi,Unfurnished,12123870,1196,604
2012,Plot Area,Visakhapatnam,Semi-Furnished,12123394,1261,627
2015,Built Area,Patna,Semi-Furnished,12123231,1217,630
2016,Super Area,Kanpur,Semi-Furnished,12122821,1307,647
2006,Built Area,Bhopal,Furnished,12122801,1339,646
2012,Built Area,Amritsar,Furnished,12122058,1277,647
2020,Plot Area,Patna,Unfurnished,12121996,1216,625
1991,Super Area,Jaipur,Unfurnished,12121551,1303,630
2012,Built Area,Kalyan-Dombivli,Unfurnished,12121284,1257,632
2021,Plot Area,Surat,Furnished,12121212,1301,642
2005,Built Area,Jodhpur,Semi-Furnished,12120865,1346,671
1995,Carpet Area,Lucknow,Furnished,12120770,1129,572
1995,Built Area,Bangalore,Semi-Furnished,12120670,1281,645
2015,Plot Area,Aurangabad,Furnished,12120536,1251,631
2008,Carpet Area,Kalyan-Dombivli,Unfurnished,12120094,1212,601
2012,Built Area,Kolkata,Unfurnished,12119876,1247,633
2018,Plot Area,Navi Mumbai,Semi-Furnished,12119872,1248,615
2017,Super Area,Ranchi,Semi-Furnished,12119758,1247,628
2019,Plot Area,Mysore,Semi-Furnished,12119579,1232,627
2010,Plot Area,Ludhiana,Unfurnished,12119538,1190,596
2011,Plot Area,Kanpur,Furnished,12119424,1272,623
2015,Carpet Area,Chandigarh,Unfurnished,12119399,1291,641
2017,Carpet Area,Gwalior,Furnished,12118943,1272,628
2002,Super Area,Ahmedabad,Furnished,12118930,1268,626
1990,Plot Area,Noida,Furnished,12118822,1302,641
2015,Carpet Area,Visakhapatnam,Unfurnished,12118711,1219,627
2016,Carpet Area,Kalyan-Dombivli,Semi-Furnished,12118491,1296,651
1992,Built Area,Faridabad,Furnished,12118352,1272,637
2012,Plot Area,Chennai,Furnished,12118123,1231,625
2006,Super Area,Hyderabad,Semi-Furnished,12117942,1268,620
2015,Super Area,Chandigarh,Semi-Furnished,12117749,1272,620
2019,Plot Area,Ahmedabad,Semi-Furnished,12117727,1195,602
2021,Super Area,Rajkot,Unfurnished,12117579,1303,653
1991,Built Area,Lucknow,Unfurnished,12117538,1303,629
1995,Built Area,Gwalior,Furnished,12117488,1288,642
1998,Plot Area,Ludhiana,Unfurnished,12117373,1220,614
1992,Super Area,Gwalior,Semi-Furnished,12117248,1317,646
2019,Carpet Area,Varanasi,Furnished,12117149,1245,629
2012,Super Area,Faridabad,Unfurnished,12116975,1226,622
1996,Plot Area,Ahmedabad,Furnished,12116891,1263,640
2021,Carpet Area,Delhi,Unfurnished,12116830,1238,645
2020,Plot Area,Ludhiana,Semi-Furnished,12116798,1239,624
2001,Built Area,Chandigarh,Furnished,12116772,1224,636
1995,Built Area,Chandigarh,Unfurnished,12116684,1266,640
2001,Super Area,Bangalore,Furnished,12116621,1273,649
1994,Carpet Area,Vadodara,Furnished,12116297,1251,629
2001,Carpet Area,Jaipur,Semi-Furnished,12116072,1215,623
1990,Super Area,Gwalior,Semi-Furnished,12116066,1287,629
1993,Built Area,Noida,Unfurnished,12115637,1203,602
1999,Carpet Area,Pune,Unfurnished,12115192,1227,635
1995,Carpet Area,Coimbatore,Unfurnished,12115108,1380,677
2001,Plot Area,Pune,Furnished,12114959,1305,649
1994,Carpet Area,Bangalore,Unfurnished,12114951,1345,669
1990,Plot Area,Noida,Semi-Furnished,12114842,1333,656
2001,Built Area,Coimbatore,Furnished,12114587,1341,668
2007,Plot Area,Ranchi,Unfurnished,12114477,1278,628
2013,Built Area,Vadodara,Furnished,12114056,1255,638
1990,Built Area,Jodhpur,Semi-Furnished,12113230,1302,629
1996,Carpet Area,Jaipur,Semi-Furnished,12113187,1231,641
2021,Built Area,Ranchi,Unfurnished,12113032,1252,625
2000,Plot Area,Chandigarh,Furnished,12112794,1298,639
2002,Plot Area,Mysore,Unfurnished,12112639,1261,609
1998,Plot Area,Mysore,Semi-Furnished,12112511,1294,636
2000,Super Area,Surat,Furnished,12112097,1209,607
2005,Carpet Area,Jodhpur,Furnished,12111980,1266,617
1997,Carpet Area,Faridabad,Unfurnished,12111963,1231,627
2007,Super Area,Ghaziabad,Furnished,12111924,1279,631
2009,Super Area,Vijayawada,Unfurnished,12111763,1270,632
1996,Plot Area,Nashik,Semi-Furnished,12111748,1278,631
2001,Carpet Area,Jaipur,Furnished,12111682,1306,649
2014,Built Area,Chennai,Unfurnished,12111535,1256,640
1997,Built Area,Bangalore,Semi-Furnished,12111405,1329,653
1991,Super Area,Thane,Furnished,12111232,1248,622
2006,Super Area,Pune,Unfurnished,12111105,1238,646
1998,Carpet Area,Faridabad,Unfurnished,12110955,1227,615
2003,Super Area,Aurangabad,Unfurnished,12110785,1279,656
2002,Super Area,Nagpur,Furnished,12110762,1318,644
2017,Built Area,Kolkata,Furnished,12110756,1303,636
2015,Built Area,Mangalore,Semi-Furnished,12110706,1244,624
2016,Super Area,Nashik,Semi-Furnished,12110540,1247,639
2006,Built Area,Thane,Unfurnished,12110477,1301,651
1994,Super Area,Vadodara,Semi-Furnished,12110469,1284,640
1995,Super Area,Ranchi,Furnished,12110375,1260,637
1995,Super Area,Jaipur,Furnished,12110121,1296,636
2016,Plot Area,Nagpur,Unfurnished,12110104,1361,683
1997,Plot Area,Coimbatore,Furnished,12109749,1267,644
1991,Built Area,Agra,Semi-Furnished,12109612,1258,639
2016,Super Area,Navi Mumbai,Unfurnished,12109564,1245,635
2013,Carpet Area,Vijayawada,Furnished,12109523,1278,630
2010,Super Area,Kalyan-Dombivli,Unfurnished,12109477,1246,639
1996,Built Area,Meerut,Semi-Furnished,12108329,1251,616
2018,Super Area,Visakhapatnam,Furnished,12108328,1271,640
2014,Plot Area,Hyderabad,Unfurnished,12108173,1247,617
2010,Plot Area,Faridabad,Semi-Furnished,12108099,1327,648
2011,Super Area,Jaipur,Semi-Furnished,12108088,1227,619
2016,Super Area,Ludhiana,Semi-Furnished,12107907,1176,598
2009,Built Area,Chandigarh,Unfurnished,12107861,1306,655
2001,Super Area,Coimbatore,Semi-Furnished,12107639,1245,630
2007,Super Area,Kolkata,Furnished,12107458,1264,629
2003,Carpet Area,Meerut,Furnished,12107209,1203,604
2007,Built Area,Navi Mumbai,Unfurnished,12107186,1305,632
2003,Built Area,Kanpur,Unfurnished,12106895,1185,611
1994,Carpet Area,Chandigarh,Unfurnished,12106525,1236,623
1990,Super Area,Nagpur,Unfurnished,12106500,1289,636
1998,Plot Area,Ranchi,Unfurnished,12106425,1283,628
1993,Super Area,Gwalior,Unfurnished,12106285,1230,617
2005,Plot Area,Kolkata,Unfurnished,12105961,1226,608
2003,Built Area,Visakhapatnam,Unfurnished,12105620,1326,654
2021,Super Area,Pune,Semi-Furnished,12105511,1309,646
1994,Built Area,Ghaziabad,Semi-Furnished,12105398,1306,644
1996,Carpet Area,Noida,Furnished,12105173,1234,615
1995,Super Area,Ranchi,Semi-Furnished,12104973,1276,648
2010,Carpet Area,Agra,Semi-Furnished,12104565,1334,659
2013,Super Area,Surat,Semi-Furnished,12104538,1260,621
2018,Super Area,Aurangabad,Unfurnished,12104116,1249,610
2020,Plot Area,Bhopal,Unfurnished,12104017,1245,636
1995,Plot Area,Varanasi,Furnished,12104016,1224,620
2021,Plot Area,Amritsar,Furnished,12103934,1252,617
2019,Carpet Area,Mumbai,Unfurnished,12103549,1263,638
2003,Super Area,Ludhiana,Semi-Furnished,12103544,1280,642
2006,Carpet Area,Bhopal,Furnished,12103497,1247,624
2017,Super Area,Rajkot,Unfurnished,12103145,1220,618
2014,Built Area,Jodhpur,Furnished,12103042,1311,642
2001,Carpet Area,Delhi,Furnished,12103018,1321,667
1997,Plot Area,Aurangabad,Furnished,12102584,1265,624
1998,Super Area,Patna,Furnished,12102418,1379,670
1991,Super Area,Aurangabad,Furnished,12102076,1292,642
2017,Carpet Area,Bhopal,Semi-Furnished,12101784,1225,619
1990,Built Area,Mangalore,Furnished,12101594,1299,657
2002,Carpet Area,Vijayawada,Furnished,12101289,1216,607
2011,Plot Area,Bangalore,Semi-Furnished,12100801,1225,616
2012,Super Area,Lucknow,Furnished,12100555,1272,651
2011,Carpet Area,Varanasi,Semi-Furnished,12100523,1212,611
1990,Plot Area,Meerut,Furnished,12100442,1233,618
2008,Super Area,Ludhiana,Furnished,12100440,1235,619
2003,Built Area,Coimbatore,Furnished,12100016,1280,636
1995,Plot Area,Jaipur,Semi-Furnished,12099905,1252,634
1990,Built Area,Surat,Semi-Furnished,12099838,1276,630
2021,Built Area,Bangalore,Semi-Furnished,12099692,1302,637
2005,Plot Area,Patna,Unfurnished,12099684,1246,637
2009,Plot Area,Kolkata,Furnished,12099604,1288,619
2009,Built Area,Delhi,Unfurnished,12099315,1206,607
2019,Carpet Area,Kalyan-Dombivli,Furnished,12098996,1225,621
2016,Carpet Area,Jaipur,Furnished,12098827,1323,647
2008,Carpet Area,Rajkot,Semi-Furnished,12098784,1291,637
2019,Super Area,Pune,Unfurnished,12098517,1273,626
2012,Plot Area,Lucknow,Semi-Furnished,12098335,1251,628
2005,Plot Area,Gwalior,Semi-Furnished,12098018,1290,630
2016,Super Area,Visakhapatnam,Unfurnished,12097997,1323,664
2004,Super Area,Jodhpur,Unfurnished,12097900,1207,605
2013,Plot Area,Ahmedabad,Semi-Furnished,12097882,1274,633
1998,Plot Area,Vijayawada,Furnished,12097879,1261,630
1998,Built Area,Faridabad,Semi-Furnished,12097762,1265,638
2012,Built Area,Patna,Semi-Furnished,12097619,1306,670
1991,Built Area,Noida,Semi-Furnished,12097258,1322,637
2017,Built Area,Gwalior,Furnished,12097230,1245,612
2018,Plot Area,Kanpur,Furnished,12097087,1268,623
1990,Carpet Area,Kalyan-Dombivli,Furnished,12096987,1226,612
2019,Built Area,Ranchi,Semi-Furnished,12096797,1285,648
2004,Built Area,Lucknow,Furnished,12096692,1283,634
2001,Plot Area,Aurangabad,Unfurnished,12096525,1246,634
2017,Carpet Area,Varanasi,Unfurnished,12096354,1300,646
2018,Carpet Area,Ranchi,Semi-Furnished,12096262,1182,622
2010,Super Area,Ludhiana,Furnished,12096150,1240,624
2009,Plot Area,Vadodara,Semi-Furnished,12096020,1275,642
1999,Super Area,Chennai,Furnished,12095924,1185,611
2005,Built Area,Vijayawada,Furnished,12095530,1242,642
2017,Carpet Area,Kanpur,Unfurnished,12095452,1187,593
2001,Super Area,Kolkata,Semi-Furnished,12095298,1211,612
2002,Carpet Area,Visakhapatnam,Unfurnished,12095180,1325,653
1990,Built Area,Vadodara,Unfurnished,12095180,1300,646
2019,Plot Area,Kanpur,Furnished,12095045,1262,637
1992,Super Area,Jaipur,Unfurnished,12094727,1248,621
2019,Carpet Area,Mysore,Furnished,12094582,1300,635
2010,Super Area,Kanpur,Unfurnished,12094362,1275,636
2013,Plot Area,Meerut,Unfurnished,12094301,1296,644
2010,Super Area,Meerut,Furnished,12094229,1247,630
2006,Carpet Area,Ghaziabad,Semi-Furnished,12094204,1257,629
2005,Plot Area,Ghaziabad,Furnished,12094170,1245,615
2003,Carpet Area,Rajkot,Furnished,12094154,1221,629
2013,Carpet Area,Jodhpur,Furnished,12094145,1239,627
2008,Plot Area,Chandigarh,Unfurnished,12093941,1265,647
1999,Plot Area,Ghaziabad,Unfurnished,12093927,1323,657
2017,Built Area,Thane,Furnished,12093854,1243,625
2018,Built Area,Ludhiana,Semi-Furnished,12093428,1311,647
2002,Super Area,Bangalore,Furnished,12093207,1240,631
1999,Super Area,Kanpur,Semi-Furnished,12093151,1298,643
2017,Carpet Area,Rajkot,Semi-Furnished,12093008,1284,633
1996,Plot Area,Aurangabad,Furnished,12092759,1190,600
2009,Plot Area,Vadodara,Unfurnished,12092468,1261,618
1993,Plot Area,Kanpur,Semi-Furnished,12091444,1264,630
1994,Carpet Area,Kolkata,Unfurnished,12090672,1330,649
2001,Carpet Area,Rajkot,Semi-Furnished,12090596,1277,641
2020,Built Area,Jaipur,Semi-Furnished,12090521,1277,639
2018,Super Area,Mysore,Furnished,12090449,1238,614
2012,Built Area,Vijayawada,Semi-Furnished,12090414,1230,615
1995,Super Area,Delhi,Furnished,12090302,1319,651
1998,Built Area,Chennai,Semi-Furnished,12090132,1270,644
2008,Plot Area,Nashik,Semi-Furnished,12090026,1281,637
1991,Plot Area,Patna,Unfurnished,12089912,1303,648
2010,Built Area,Chennai,Semi-Furnished,12089868,1316,672
2019,Carpet Area,Pune,Unfurnished,12089781,1222,597
2000,Super Area,Rajkot,Furnished,12089719,1292,649
2018,Super Area,Chennai,Furnished,12089701,1263,626
2011,Built Area,Chennai,Unfurnished,12089456,1268,640
2006,Carpet Area,Mangalore,Unfurnished,12089361,1326,655
2016,Super Area,Pune,Unfurnished,12089095,1263,627
2021,Plot Area,Kalyan-Dombivli,Furnished,12089017,1287,648
1999,Plot Area,Vadodara,Furnished,12088799,1293,648
2004,Built Area,Faridabad,Semi-Furnished,12088778,1277,645
2000,Super Area,Varanasi,Unfurnished,12088720,1304,638
2019,Built Area,Mangalore,Unfurnished,12088257,1214,611
2010,Plot Area,Noida,Unfurnished,12088240,1280,645
2014,Built Area,Nagpur,Semi-Furnished,12088066,1305,664
2021,Built Area,Hyderabad,Unfurnished,12087955,1219,621
2007,Plot Area,Meerut,Semi-Furnished,12087894,1220,630
1990,Carpet Area,Mumbai,Semi-Furnished,12087775,1243,621
2021,Built Area,Ludhiana,Semi-Furnished,12087193,1287,632
2005,Plot Area,Jodhpur,Furnished,12086888,1239,625
2017,Super Area,Agra,Semi-Furnished,12086582,1259,614
2018,Carpet Area,Jaipur,Semi-Furnished,12086215,1201,616
1994,Carpet Area,Navi Mumbai,Semi-Furnished,12086016,1308,644
1991,Built Area,Ahmedabad,Semi-Furnished,12085480,1231,620
2006,Carpet Area,Amritsar,Unfurnished,12085436,1237,643
1997,Carpet Area,Amritsar,Furnished,12085110,1291,635
2018,Built Area,Pune,Unfurnished,12084834,1281,645
2013,Carpet Area,Nagpur,Semi-Furnished,12084721,1326,651
1998,Built Area,Ludhiana,Furnished,12084710,1238,623
2017,Carpet Area,Nashik,Unfurnished,12084698,1375,672
2012,Plot Area,Ahmedabad,Unfurnished,12084642,1334,657
1990,Plot Area,Nagpur,Furnished,12084633,1238,614
2018,Super Area,Pune,Unfurnished,12084358,1323,642
1993,Super Area,Varanasi,Unfurnished,12083798,1252,628
2019,Plot Area,Jodhpur,Unfurnished,12083544,1286,645
1993,Carpet Area,Faridabad,Semi-Furnished,12083473,1316,641
2007,Super Area,Ghaziabad,Unfurnished,12083218,1265,627
2002,Built Area,Ranchi,Semi-Furnished,12083082,1257,631
2020,Built Area,Bangalore,Unfurnished,12083081,1254,631
2004,Built Area,Chennai,Unfurnished,12082781,1307,638
2005,Plot Area,Amritsar,Furnished,12082760,1203,607
2001,Carpet Area,Chandigarh,Furnished,12082450,1283,625
2015,Super Area,Ahmedabad,Unfurnished,12082439,1280,657
2003,Built Area,Vijayawada,Furnished,12082395,1335,650
2009,Super Area,Agra,Semi-Furnished,12082370,1260,631
2002,Carpet Area,Vadodara,Semi-Furnished,12082007,1319,643
1992,Super Area,Kalyan-Dombivli,Furnished,12081630,1207,597
2000,Carpet Area,Mysore,Furnished,12081259,1285,625
2000,Built Area,Kanpur,Semi-Furnished,12081204,1303,653
2021,Built Area,Chandigarh,Semi-Furnished,12081189,1258,627
2002,Carpet Area,Aurangabad,Furnished,12080844,1281,632
2012,Carpet Area,Indore,Furnished,12080572,1260,628
2002,Carpet Area,Ludhiana,Unfurnished,12080231,1239,638
1994,Carpet Area,Ranchi,Furnished,12080148,1219,610
2017,Built Area,Vijayawada,Furnished,12079970,1346,658
2004,Built Area,Jaipur,Unfurnished,12079845,1233,617
1994,Carpet Area,Amritsar,Semi-Furnished,12079837,1278,625
2004,Built Area,Kolkata,Semi-Furnished,12079810,1270,643
1993,Carpet Area,Gwalior,Unfurnished,12079718,1246,619
2008,Super Area,Patna,Furnished,12079348,1283,634
2009,Carpet Area,Mumbai,Unfurnished,12079245,1265,619
1999,Built Area,Amritsar,Semi-Furnished,12079012,1243,621
1997,Built Area,Nagpur,Unfurnished,12078953,1273,635
1992,Carpet Area,Surat,Furnished,12078778,1278,636
2010,Plot Area,Bangalore,Furnished,12078750,1273,631
2003,Built Area,Delhi,Semi-Furnished,12078697,1209,614
2000,Carpet Area,Hyderabad,Furnished,12078516,1305,654
2003,Built Area,Rajkot,Unfurnished,12078491,1238,631
2020,Super Area,Ahmedabad,Semi-Furnished,12078322,1298,636
1992,Plot Area,Aurangabad,Semi-Furnished,12078321,1223,617
1990,Plot Area,Indore,Semi-Furnished,12078278,1319,647
2003,Carpet Area,Navi Mumbai,Furnished,12077666,1262,633
1996,Super Area,Vijayawada,Furnished,12077604,1315,653
2019,Built Area,Rajkot,Semi-Furnished,12077316,1312,657
2010,Plot Area,Amritsar,Semi-Furnished,12077252,1233,626
2006,Carpet Area,Varanasi,Unfurnished,12077146,1291,655
2008,Super Area,Mangalore,Furnished,12076814,1308,648
1996,Built Area,Bhopal,Furnished,12076755,1316,639
1994,Built Area,Noida,Furnished,12076722,1312,648
2017,Built Area,Varanasi,Semi-Furnished,12076637,1216,611
2004,Plot Area,Patna,Semi-Furnished,12076258,1188,613
2001,Built Area,Kanpur,Semi-Furnished,12076062,1262,645
2019,Super Area,Ahmedabad,Semi-Furnished,12075495,1284,636
2009,Built Area,Ghaziabad,Furnished,12075172,1323,644
2004,Carpet Area,Faridabad,Unfurnished,12074770,1285,643
2007,Carpet Area,Agra,Furnished,12074524,1287,620
1990,Built Area,Thane,Semi-Furnished,12074507,1226,627
2004,Super Area,Surat,Furnished,12074478,1332,653
2006,Built Area,Surat,Unfurnished,12074364,1293,644
2000,Plot Area,Pune,Furnished,12074265,1251,648
2018,Plot Area,Agra,Furnished,12073895,1222,617
1992,Carpet Area,Noida,Furnished,12073863,1312,661
2000,Carpet Area,Aurangabad,Unfurnished,12073678,1275,631
1997,Built Area,Kanpur,Semi-Furnished,12073645,1295,652
2003,Plot Area,Kanpur,Semi-Furnished,12073572,1269,629
2006,Plot Area,Noida,Semi-Furnished,12073465,1282,635
2021,Plot Area,Vijayawada,Furnished,12073384,1311,637
2007,Carpet Area,Navi Mumbai,Semi-Furnished,12073223,1250,633
2016,Super Area,Surat,Furnished,12072929,1301,637
2016,Carpet Area,Delhi,Unfurnished,12072906,1318,645
2019,Built Area,Varanasi,Semi-Furnished,12072836,1348,656
2001,Built Area,Pune,Furnished,12072706,1227,632
2000,Carpet Area,Kolkata,Semi-Furnished,12072677,1207,606
2012,Plot Area,Vadodara,Unfurnished,12072523,1290,626
2005,Carpet Area,Meerut,Unfurnished,12072331,1243,607
2008,Carpet Area,Ranchi,Unfurnished,12071937,1247,624
2005,Super Area,Chennai,Furnished,12071510,1240,633
2002,Plot Area,Visakhapatnam,Unfurnished,12071422,1247,623
1994,Carpet Area,Ludhiana,Semi-Furnished,12071322,1263,632
1993,Super Area,Ludhiana,Furnished,12071197,1286,639
1996,Super Area,Visakhapatnam,Furnished,12070626,1348,674
2007,Plot Area,Rajkot,Furnished,12070519,1248,624
2000,Super Area,Chennai,Unfurnished,12070514,1207,613
2015,Super Area,Noida,Unfurnished,12070468,1303,646
2018,Super Area,Nashik,Furnished,12070461,1296,641
2021,Carpet Area,Kalyan-Dombivli,Unfurnished,12070376,1228,609
1999,Plot Area,Nagpur,Unfurnished,12070317,1267,632
2007,Plot Area,Mumbai,Semi-Furnished,12070233,1290,652
2000,Carpet Area,Kalyan-Dombivli,Furnished,12069952,1284,646
2015,Built Area,Faridabad,Semi-Furnished,12069902,1259,615
1993,Built Area,Thane,Semi-Furnished,12069346,1331,668
2021,Built Area,Ghaziabad,Semi-Furnished,12069252,1276,616
1995,Built Area,Patna,Unfurnished,12068964,1275,648
2008,Plot Area,Surat,Furnished,12068855,1289,647
2005,Built Area,Surat,Semi-Furnished,12068498,1296,653
1993,Plot Area,Coimbatore,Furnished,12068450,1214,613
2016,Super Area,Agra,Semi-Furnished,12068433,1255,636
1997,Super Area,Nashik,Semi-Furnished,12068344,1282,635
2017,Built Area,Kalyan-Dombivli,Furnished,12068334,1210,619
1998,Super Area,Ludhiana,Furnished,12068051,1261,631
2006,Super Area,Ludhiana,Unfurnished,12067872,1222,621
2018,Built Area,Noida,Unfurnished,12067528,1318,660
2021,Super Area,Faridabad,Unfurnished,12067218,1302,644
2016,Super Area,Nagpur,Semi-Furnished,12067028,1277,629
2008,Super Area,Hyderabad,Unfurnished,12066964,1304,644
1998,Built Area,Ghaziabad,Unfurnished,12066786,1299,643
2013,Built Area,Ranchi,Furnished,12066519,1288,642
1990,Super Area,Navi Mumbai,Semi-Furnished,12066513,1189,602
1999,Super Area,Coimbatore,Furnished,12066437,1314,658
2011,Built Area,Mysore,Semi-Furnished,12066368,1277,621
2020,Built Area,Ghaziabad,Semi-Furnished,12065895,1257,631
1993,Super Area,Amritsar,Unfurnished,12064986,1288,642
2020,Built Area,Jaipur,Unfurnished,12064977,1260,624
1996,Super Area,Varanasi,Furnished,12064963,1294,641
2013,Built Area,Varanasi,Semi-Furnished,12064885,1273,636
2014,Carpet Area,Indore,Furnished,12064793,1272,636
2014,Plot Area,Kalyan-Dombivli,Unfurnished,12064652,1240,634
2017,Plot Area,Noida,Unfurnished,12064550,1225,615
2000,Plot Area,Lucknow,Furnished,12064542,1223,621
2018,Super Area,Kalyan-Dombivli,Unfurnished,12064420,1266,638
2007,Plot Area,Coimbatore,Semi-Furnished,12064266,1255,627
2001,Carpet Area,Vijayawada,Semi-Furnished,12064063,1265,634
2020,Plot Area,Varanasi,Furnished,12063691,1203,615
2006,Carpet Area,Kolkata,Semi-Furnished,12063622,1273,644
1998,Carpet Area,Kanpur,Unfurnished,12063502,1256,638
2003,Super Area,Jaipur,Unfurnished,12063123,1178,599
1992,Carpet Area,Faridabad,Semi-Furnished,12062992,1221,608
1995,Carpet Area,Mangalore,Semi-Furnished,12062964,1271,635
1996,Built Area,Rajkot,Semi-Furnished,12062700,1249,629
2019,Plot Area,Gwalior,Furnished,12062695,1323,653
2020,Plot Area,Kanpur,Furnished,12062501,1214,607
1992,Super Area,Lucknow,Furnished,12062453,1315,638
2018,Built Area,Bhopal,Unfurnished,12062429,1253,633
1993,Super Area,Chandigarh,Unfurnished,12062409,1277,642
1998,Carpet Area,Visakhapatnam,Furnished,12062338,1278,624
2004,Carpet Area,Chandigarh,Unfurnished,12062297,1248,632
1995,Plot Area,Delhi,Unfurnished,12061829,1234,616
1992,Super Area,Ahmedabad,Furnished,12061371,1225,611
2021,Built Area,Mysore,Semi-Furnished,12061326,1291,649
1991,Super Area,Lucknow,Furnished,12061205,1237,623
1998,Built Area,Jodhpur,Furnished,12061202,1292,633
1993,Carpet Area,Agra,Semi-Furnished,12060707,1284,638
2003,Super Area,Ranchi,Unfurnished,12060508,1269,643
2000,Super Area,Ghaziabad,Semi-Furnished,12060156,1275,635
1997,Carpet Area,Kanpur,Semi-Furnished,12059654,1184,613
1991,Built Area,Lucknow,Furnished,12059601,1278,640
2009,Carpet Area,Navi Mumbai,Unfurnished,12059426,1244,623
2020,Carpet Area,Meerut,Semi-Furnished,12059375,1320,664
1994,Super Area,Nashik,Furnished,12058554,1272,638
2005,Built Area,Jaipur,Furnished,12058508,1234,613
2002,Built Area,Agra,Semi-Furnished,12058212,1223,610
2011,Carpet Area,Ghaziabad,Semi-Furnished,12058188,1279,651
1995,Super Area,Rajkot,Furnished,12058019,1254,630
1992,Plot Area,Navi Mumbai,Semi-Furnished,12057959,1229,623
2009,Plot Area,Delhi,Furnished,12057831,1287,643
1994,Built Area,Chennai,Semi-Furnished,12057573,1331,670
2014,Plot Area,Nagpur,Unfurnished,12057564,1258,619
2010,Built Area,Lucknow,Furnished,12057485,1277,639
2015,Super Area,Chandigarh,Unfurnished,12057218,1229,620
2001,Built Area,Gwalior,Furnished,12056963,1243,636
2005,Carpet Area,Mumbai,Semi-Furnished,12056918,1247,632
2021,Super Area,Agra,Semi-Furnished,12056869,1258,629
1995,Built Area,Kolkata,Furnished,12056759,1319,639
2002,Carpet Area,Surat,Furnished,12056230,1250,632
1994,Carpet Area,Bangalore,Furnished,12056002,1294,632
2021,Built Area,Kanpur,Semi-Furnished,12055795,1298,646
1992,Built Area,Pune,Semi-Furnished,12055789,1279,641
1994,Super Area,Vadodara,Furnished,12055631,1267,634
2015,Built Area,Kalyan-Dombivli,Unfurnished,12055509,1335,655
1990,Plot Area,Faridabad,Furnished,12055481,1244,620
2005,Carpet Area,Navi Mumbai,Furnished,12055438,1339,667
2012,Carpet Area,Vadodara,Semi-Furnished,12055248,1281,629
2011,Plot Area,Lucknow,Unfurnished,12054632,1232,635
2019,Plot Area,Aurangabad,Furnished,12054551,1252,626
2021,Built Area,Ranchi,Semi-Furnished,12054096,1325,661
2000,Plot Area,Navi Mumbai,Unfurnished,12054025,1186,615
2012,Plot Area,Faridabad,Furnished,12053766,1191,615
2003,Built Area,Lucknow,Furnished,12053746,1260,629
2020,Plot Area,Bhopal,Furnished,12052795,1276,625
2004,Built Area,Varanasi,Furnished,12052293,1282,636
1999,Super Area,Kalyan-Dombivli,Unfurnished,12052057,1323,661
2011,Plot Area,Ludhiana,Unfurnished,12051868,1244,615
1996,Super Area,Vijayawada,Semi-Furnished,12051845,1212,621
2004,Carpet Area,Mumbai,Unfurnished,12051605,1300,637
1993,Super Area,Bhopal,Semi-Furnished,12051026,1277,638
2020,Super Area,Chandigarh,Furnished,12050997,1229,616
2009,Carpet Area,Surat,Furnished,12050944,1314,657
2009,Built Area,Amritsar,Furnished,12050527,1251,627
2013,Carpet Area,Kanpur,Semi-Furnished,12050493,1223,612
2018,Carpet Area,Delhi,Furnished,12050481,1261,635
2009,Carpet Area,Nagpur,Semi-Furnished,12050330,1231,638
2021,Carpet Area,Ranchi,Unfurnished,12050276,1254,626
2001,Plot Area,Delhi,Semi-Furnished,12050214,1252,653
2003,Plot Area,Ahmedabad,Unfurnished,12050214,1326,644
1991,Carpet Area,Visakhapatnam,Unfurnished,12050119,1239,622
1992,Super Area,Nashik,Unfurnished,12050045,1277,637
2011,Carpet Area,Bhopal,Furnished,12049949,1278,631
1997,Built Area,Gwalior,Semi-Furnished,12049751,1255,633
2009,Super Area,Jaipur,Furnished,12049742,1273,636
1997,Built Area,Delhi,Furnished,12049685,1265,623
2017,Super Area,Vijayawada,Semi-Furnished,12049537,1292,656
2007,Plot Area,Kolkata,Semi-Furnished,12049272,1260,638
2008,Plot Area,Bhopal,Unfurnished,12049052,1223,603
2019,Carpet Area,Mysore,Unfurnished,12049001,1285,638
1999,Built Area,Lucknow,Semi-Furnished,12048731,1227,615
1991,Super Area,Gwalior,Furnished,12047940,1257,617
1997,Super Area,Varanasi,Unfurnished,12047927,1251,635
2001,Built Area,Lucknow,Unfurnished,12047895,1293,634
1992,Super Area,Ahmedabad,Unfurnished,12047887,1178,595
2011,Carpet Area,Visakhapatnam,Semi-Furnished,12047864,1306,654
2011,Plot Area,Rajkot,Furnished,12047271,1295,643
2013,Carpet Area,Bangalore,Furnished,12047265,1291,644
1993,Built Area,Jaipur,Furnished,12047062,1278,642
2006,Built Area,Faridabad,Unfurnished,12047042,1286,639
2004,Plot Area,Mangalore,Unfurnished,12046481,1236,627
2005,Super Area,Navi Mumbai,Semi-Furnished,12046478,1234,612
1993,Carpet Area,Jaipur,Furnished,12046447,1224,616
2019,Plot Area,Nashik,Unfurnished,12046258,1303,647
2015,Plot Area,Ghaziabad,Semi-Furnished,12046198,1230,615
2013,Super Area,Kanpur,Semi-Furnished,12046172,1317,644
2017,Super Area,Bangalore,Furnished,12046102,1290,641
2014,Plot Area,Varanasi,Semi-Furnished,12045786,1238,609
1996,Super Area,Vadodara,Unfurnished,12045692,1248,605
2017,Plot Area,Mysore,Semi-Furnished,12045478,1320,655
2006,Plot Area,Lucknow,Semi-Furnished,12045449,1184,624
2006,Carpet Area,Noida,Semi-Furnished,12045191,1252,638
2004,Plot Area,Kalyan-Dombivli,Semi-Furnished,12045186,1265,633
2002,Built Area,Rajkot,Furnished,12044754,1258,643
1995,Built Area,Vijayawada,Unfurnished,12044543,1269,618
1990,Carpet Area,Chandigarh,Furnished,12044388,1221,623
1992,Plot Area,Ahmedabad,Furnished,12044115,1312,661
1999,Built Area,Faridabad,Semi-Furnished,12044099,1247,641
2002,Carpet Area,Hyderabad,Semi-Furnished,12044078,1212,605
1995,Carpet Area,Mysore,Unfurnished,12043890,1217,612
2006,Carpet Area,Mysore,Semi-Furnished,12043848,1224,614
2014,Plot Area,Ahmedabad,Furnished,12043717,1291,636
2020,Super Area,Aurangabad,Furnished,12043616,1265,640
2006,Carpet Area,Hyderabad,Unfurnished,12043476,1327,658
1993,Super Area,Faridabad,Unfurnished,12043208,1282,637
2021,Super Area,Amritsar,Unfurnished,12042994,1232,626
2002,Built Area,Jaipur,Furnished,12042930,1317,674
2000,Plot Area,Vadodara,Semi-Furnished,12042923,1267,644
1990,Carpet Area,Pune,Semi-Furnished,12042504,1320,643
2007,Plot Area,Indore,Semi-Furnished,12042464,1190,614
2018,Super Area,Faridabad,Furnished,12042451,1343,652
2019,Built Area,Faridabad,Furnished,12042104,1261,617
1998,Built Area,Surat,Furnished,12041970,1283,639
2009,Plot Area,Surat,Furnished,12041777,1284,635
1992,Plot Area,Nagpur,Semi-Furnished,12041665,1246,633
2018,Built Area,Mysore,Semi-Furnished,12041498,1241,616
2001,Super Area,Patna,Semi-Furnished,12041356,1259,624
2013,Plot Area,Visakhapatnam,Semi-Furnished,12040954,1267,645
1993,Plot Area,Chandigarh,Semi-Furnished,12040866,1227,624
2018,Built Area,Faridabad,Furnished,12040717,1278,640
2015,Carpet Area,Kolkata,Furnished,12040534,1228,614
2006,Built Area,Kolkata,Unfurnished,12040432,1263,630
2016,Carpet Area,Bangalore,Unfurnished,12040353,1207,627
1993,Built Area,Noida,Semi-Furnished,12040254,1219,605
1998,Carpet Area,Chandigarh,Furnished,12040086,1271,632
2013,Plot Area,Varanasi,Furnished,12039925,1246,632
1992,Built Area,Chennai,Furnished,12039749,1254,634
1996,Built Area,Chandigarh,Furnished,12039743,1266,656
2021,Built Area,Surat,Furnished,12039707,1299,654
1993,Plot Area,Delhi,Unfurnished,12039042,1275,644
1998,Built Area,Chennai,Unfurnished,12039021,1287,626
2020,Plot Area,Pune,Unfurnished,12038809,1227,612
2018,Carpet Area,Visakhapatnam,Semi-Furnished,12038777,1239,627
2020,Plot Area,Rajkot,Unfurnished,12038204,1316,663
2021,Plot Area,Vadodara,Unfurnished,12038149,1266,627
2010,Built Area,Delhi,Furnished,12038029,1310,664
2006,Carpet Area,Noida,Unfurnished,12037990,1208,607
2012,Super Area,Gwalior,Furnished,12037662,1282,628
1995,Carpet Area,Vadodara,Furnished,12037543,1243,634
2002,Plot Area,Jodhpur,Furnished,12037357,1266,639
2013,Carpet Area,Faridabad,Unfurnished,12037313,1252,619
2018,Super Area,Meerut,Semi-Furnished,12037310,1225,606
2006,Built Area,Gwalior,Semi-Furnished,12037093,1212,606
1990,Plot Area,Patna,Unfurnished,12036911,1285,630
2019,Plot Area,Agra,Semi-Furnished,12036668,1293,641
1996,Built Area,Navi Mumbai,Unfurnished,12036585,1319,661
2006,Plot Area,Kanpur,Unfurnished,12036576,1265,630
2016,Plot Area,Kalyan-Dombivli,Unfurnished,12036480,1325,643
2006,Built Area,Patna,Furnished,12036460,1253,615
2004,Plot Area,Coimbatore,Furnished,12036323,1323,652
2003,Built Area,Thane,Semi-Furnished,12036036,1301,650
1992,Plot Area,Kanpur,Unfurnished,12036018,1282,641
1999,Super Area,Noida,Semi-Furnished,12036015,1306,637
2009,Built Area,Navi Mumbai,Furnished,12035722,1269,634
2013,Super Area,Mangalore,Furnished,12035547,1256,632
1990,Plot Area,Kolkata,Furnished,12035427,1253,610
1999,Plot Area,Ludhiana,Semi-Furnished,12035366,1278,634
2015,Built Area,Jodhpur,Unfurnished,12035338,1232,611
2015,Super Area,Mangalore,Semi-Furnished,12035312,1188,594
1993,Plot Area,Nashik,Semi-Furnished,12035260,1188,608
2009,Plot Area,Jodhpur,Furnished,12035049,1258,633
2018,Plot Area,Chandigarh,Furnished,12035026,1229,615
2002,Plot Area,Agra,Furnished,12034781,1220,603
1996,Super Area,Chandigarh,Furnished,12034601,1245,618
2017,Built Area,Ghaziabad,Furnished,12034510,1303,647
2008,Carpet Area,Faridabad,Furnished,12034298,1297,646
1994,Super Area,Surat,Unfurnished,12034222,1211,616
1991,Built Area,Ghaziabad,Furnished,12034088,1309,641
2000,Built Area,Pune,Furnished,12033802,1287,624
1994,Super Area,Ranchi,Unfurnished,12033710,1222,612
2002,Carpet Area,Jaipur,Semi-Furnished,12033708,1274,619
1995,Built Area,Visakhapatnam,Semi-Furnished,12033548,1245,613
2007,Plot Area,Delhi,Unfurnished,12033358,1230,630
1992,Built Area,Ahmedabad,Semi-Furnished,12033201,1318,648
2009,Carpet Area,Surat,Semi-Furnished,12033052,1230,609
2001,Built Area,Amritsar,Unfurnished,12032803,1258,626
1995,Super Area,Faridabad,Furnished,12032666,1269,628
2006,Super Area,Varanasi,Semi-Furnished,12032262,1320,657
2003,Carpet Area,Ahmedabad,Unfurnished,12032243,1251,620
2017,Carpet Area,Pune,Semi-Furnished,12032091,1276,651
2006,Carpet Area,Coimbatore,Semi-Furnished,12031879,1326,646
1998,Built Area,Mumbai,Unfurnished,12031634,1269,622
2002,Built Area,Aurangabad,Semi-Furnished,12031364,1225,633
1994,Built Area,Lucknow,Furnished,12031315,1286,623
2009,Built Area,Gwalior,Unfurnished,12031310,1243,630
1991,Built Area,Kalyan-Dombivli,Furnished,12030428,1240,635
2008,Plot Area,Mangalore,Unfurnished,12030246,1252,638
2011,Built Area,Coimbatore,Unfurnished,12030019,1273,630
2015,Carpet Area,Vadodara,Semi-Furnished,12030008,1257,625
2012,Built Area,Mumbai,Unfurnished,12029907,1258,627
1996,Plot Area,Agra,Unfurnished,12029657,1276,624
2002,Super Area,Aurangabad,Unfurnished,12029526,1298,639
2009,Super Area,Visakhapatnam,Unfurnished,12029446,1257,631
1993,Plot Area,Ludhiana,Furnished,12029396,1302,648
2008,Carpet Area,Vadodara,Semi-Furnished,12028874,1254,611
1990,Built Area,Jaipur,Unfurnished,12028835,1205,610
2003,Super Area,Nagpur,Semi-Furnished,12028831,1328,658
2000,Carpet Area,Vadodara,Semi-Furnished,12028821,1263,631
2015,Carpet Area,Agra,Semi-Furnished,12028743,1225,629
2007,Super Area,Gwalior,Unfurnished,12028700,1243,624
2008,Super Area,Surat,Semi-Furnished,12028536,1209,603
2018,Super Area,Jaipur,Semi-Furnished,12028131,1267,635
1992,Built Area,Varanasi,Unfurnished,12028110,1225,609
1996,Carpet Area,Coimbatore,Unfurnished,12027570,1239,624
1997,Built Area,Pune,Semi-Furnished,12027570,1266,639
2005,Built Area,Kanpur,Furnished,12027499,1263,606
1998,Carpet Area,Vadodara,Unfurnished,12027290,1320,665
2001,Super Area,Meerut,Furnished,12027237,1233,629
1997,Carpet Area,Surat,Furnished,12026736,1276,631
2016,Super Area,Patna,Furnished,12026552,1238,643
2016,Carpet Area,Coimbatore,Unfurnished,12026474,1319,645
2020,Built Area,Agra,Semi-Furnished,12026436,1289,635
1990,Carpet Area,Meerut,Furnished,12026345,1259,637
2009,Plot Area,Jaipur,Unfurnished,12025949,1280,650
2010,Plot Area,Mangalore,Semi-Furnished,12025760,1309,632
1991,Plot Area,Chennai,Furnished,12025364,1323,644
2016,Super Area,Rajkot,Semi-Furnished,12025084,1261,619
2015,Super Area,Gwalior,Unfurnished,12024798,1294,646
2000,Built Area,Ahmedabad,Semi-Furnished,12024693,1298,635
2019,Super Area,Visakhapatnam,Semi-Furnished,12024520,1183,594
1997,Built Area,Coimbatore,Semi-Furnished,12024185,1229,622
2020,Carpet Area,Noida,Unfurnished,12024165,1250,629
2011,Built Area,Jodhpur,Furnished,12024039,1215,619
2004,Plot Area,Vadodara,Semi-Furnished,12023903,1303,643
2009,Plot Area,Rajkot,Unfurnished,12023805,1207,618
2013,Plot Area,Mangalore,Unfurnished,12023718,1307,655
2012,Super Area,Chandigarh,Furnished,12023571,1252,627
2004,Carpet Area,Navi Mumbai,Unfurnished,12023460,1257,622
1998,Plot Area,Bangalore,Semi-Furnished,12023187,1229,607
2010,Super Area,Delhi,Unfurnished,12023169,1238,621
2019,Plot Area,Gwalior,Unfurnished,12022546,1282,632
1995,Built Area,Kolkata,Unfurnished,12022408,1285,633
2007,Super Area,Visakhapatnam,Unfurnished,12022355,1293,647
1992,Carpet Area,Kolkata,Semi-Furnished,12022131,1318,636
2008,Plot Area,Ghaziabad,Semi-Furnished,12022014,1215,625
2002,Built Area,Vadodara,Unfurnished,12021980,1268,627
1990,Carpet Area,Patna,Furnished,12021780,1254,632
2000,Carpet Area,Varanasi,Furnished,12020916,1193,587
2000,Super Area,Jaipur,Furnished,12020907,1283,629
2018,Super Area,Surat,Unfurnished,12020889,1278,644
2020,Super Area,Hyderabad,Semi-Furnished,12020728,1195,594
2001,Carpet Area,Gwalior,Furnished,12020630,1228,617
2006,Super Area,Faridabad,Unfurnished,12020309,1235,624
1998,Plot Area,Noida,Unfurnished,12020070,1239,624
2009,Carpet Area,Mangalore,Furnished,12019916,1241,612
2010,Carpet Area,Pune,Unfurnished,12019825,1237,635
1997,Super Area,Indore,Furnished,12019605,1223,625
2009,Built Area,Visakhapatnam,Unfurnished,12019150,1255,615
2002,Super Area,Varanasi,Semi-Furnished,12018189,1275,633
2008,Super Area,Pune,Unfurnished,12018132,1211,614
2014,Carpet Area,Lucknow,Unfurnished,12018082,1259,634
2020,Super Area,Coimbatore,Furnished,12017765,1306,645
2019,Super Area,Nashik,Unfurnished,12017317,1280,622
1999,Built Area,Vadodara,Unfurnished,12017273,1274,641
1994,Plot Area,Mysore,Furnished,12016964,1215,609
2003,Built Area,Mangalore,Furnished,12016939,1236,616
2010,Carpet Area,Lucknow,Unfurnished,12016817,1294,652
2011,Plot Area,Nagpur,Furnished,12016712,1233,613
2010,Carpet Area,Pune,Furnished,12016518,1221,619
2000,Built Area,Mangalore,Unfurnished,12015976,1220,616
1997,Built Area,Mysore,Semi-Furnished,12015275,1218,624
2008,Carpet Area,Visakhapatnam,Semi-Furnished,12015092,1254,617
1992,Carpet Area,Rajkot,Furnished,12014913,1327,648
1992,Super Area,Vijayawada,Semi-Furnished,12014540,1262,628
2005,Plot Area,Pune,Unfurnished,12014496,1274,638
2018,Carpet Area,Coimbatore,Unfurnished,12014484,1263,617
2017,Built Area,Vijayawada,Semi-Furnished,12014313,1208,617
2018,Plot Area,Coimbatore,Unfurnished,12014071,1247,624
2002,Carpet Area,Mysore,Unfurnished,12014046,1240,615
1991,Super Area,Pune,Semi-Furnished,12013471,1236,631
2003,Plot Area,Chandigarh,Unfurnished,12013469,1297,642
2016,Carpet Area,Rajkot,Unfurnished,12012871,1240,611
2000,Super Area,Lucknow,Unfurnished,12012837,1349,668
2008,Built Area,Ludhiana,Unfurnished,12012688,1268,622
1991,Carpet Area,Thane,Semi-Furnished,12012158,1302,644
1994,Super Area,Mangalore,Semi-Furnished,12011892,1246,634
1992,Built Area,Mysore,Semi-Furnished,12011711,1201,608
1999,Super Area,Jodhpur,Semi-Furnished,12011537,1226,613
1992,Plot Area,Mumbai,Unfurnished,12011384,1284,650
2020,Super Area,Chennai,Furnished,12011373,1226,615
1991,Super Area,Surat,Semi-Furnished,12011333,1292,629
1993,Carpet Area,Lucknow,Semi-Furnished,12011245,1238,631
2000,Plot Area,Indore,Furnished,12010917,1234,615
2016,Built Area,Kolkata,Semi-Furnished,12010750,1227,620
2020,Carpet Area,Vadodara,Semi-Furnished,12010717,1174,594
2001,Carpet Area,Chennai,Unfurnished,12010404,1189,600
2001,Plot Area,Ludhiana,Semi-Furnished,12010275,1257,628
1998,Built Area,Amritsar,Furnished,12010104,1279,632
2019,Carpet Area,Agra,Semi-Furnished,12009764,1253,632
2010,Super Area,Ludhiana,Unfurnished,12009752,1283,645
1998,Plot Area,Ahmedabad,Semi-Furnished,12009658,1184,597
1991,Super Area,Mysore,Unfurnished,12009016,1274,630
1999,Built Area,Ghaziabad,Unfurnished,12008945,1201,611
1996,Plot Area,Kolkata,Furnished,12008736,1319,641
2014,Super Area,Ghaziabad,Unfurnished,12008624,1219,593
1993,Super Area,Rajkot,Semi-Furnished,12008593,1248,628
2014,Built Area,Vijayawada,Furnished,12007982,1292,636
2014,Plot Area,Lucknow,Furnished,12007896,1263,630
2004,Super Area,Visakhapatnam,Unfurnished,12007194,1248,631
2013,Carpet Area,Aurangabad,Unfurnished,12006707,1292,648
1992,Built Area,Bangalore,Semi-Furnished,12006685,1206,608
2013,Built Area,Jodhpur,Furnished,12006310,1316,661
2011,Carpet Area,Ludhiana,Unfurnished,12006181,1205,612
1994,Plot Area,Meerut,Unfurnished,12005880,1264,634
1997,Plot Area,Visakhapatnam,Semi-Furnished,12005198,1292,653
2010,Built Area,Ahmedabad,Furnished,12005082,1255,636
1995,Built Area,Jodhpur,Semi-Furnished,12004765,1261,634
1998,Super Area,Varanasi,Furnished,12004707,1249,621
2015,Plot Area,Ranchi,Semi-Furnished,12004645,1281,638
2011,Super Area,Rajkot,Unfurnished,12004300,1247,632
2014,Super Area,Pune,Unfurnished,12004152,1278,638
2008,Built Area,Pune,Furnished,12003962,1310,666
1997,Super Area,Gwalior,Semi-Furnished,12003938,1277,641
2012,Super Area,Patna,Semi-Furnished,12003634,1196,602
2005,Plot Area,Meerut,Semi-Furnished,12003326,1311,639
2020,Super Area,Ghaziabad,Furnished,12003088,1260,635
1994,Super Area,Bhopal,Unfurnished,12002984,1294,625
2021,Super Area,Nagpur,Semi-Furnished,12002801,1221,608
2008,Carpet Area,Surat,Unfurnished,12002347,1268,630
1998,Built Area,Kanpur,Semi-Furnished,12002296,1300,652
1994,Carpet Area,Delhi,Unfurnished,12001902,1309,644
2004,Carpet Area,Meerut,Furnished,12001579,1301,660
2008,Plot Area,Hyderabad,Unfurnished,12001374,1234,603
2009,Carpet Area,Aurangabad,Semi-Furnished,12001198,1279,630
1997,Built Area,Ranchi,Semi-Furnished,12001143,1283,631
1999,Super Area,Bhopal,Unfurnished,12000865,1328,660
2019,Built Area,Ahmedabad,Unfurnished,12000685,1305,647
1991,Super Area,Pune,Furnished,12000369,1285,652
1996,Carpet Area,Indore,Furnished,12000144,1218,623
2007,Carpet Area,Kalyan-Dombivli,Unfurnished,11999832,1255,622
2020,Plot Area,Gwalior,Semi-Furnished,11999766,1281,656
2006,Super Area,Navi Mumbai,Semi-Furnished,11999519,1253,634
2018,Built Area,Patna,Semi-Furnished,11999472,1269,635
1992,Super Area,Mysore,Furnished,11999343,1196,597
2014,Built Area,Hyderabad,Furnished,11999312,1232,624
2012,Plot Area,Meerut,Furnished,11999055,1217,616
2003,Plot Area,Amritsar,Furnished,11998512,1269,636
2004,Super Area,Nagpur,Semi-Furnished,11998368,1300,644
2008,Carpet Area,Thane,Unfurnished,11998148,1241,623
1996,Plot Area,Chennai,Semi-Furnished,11997883,1240,625
2003,Built Area,Ludhiana,Semi-Furnished,11997776,1271,638
1998,Super Area,Agra,Unfurnished,11997547,1250,614
2012,Plot Area,Kalyan-Dombivli,Furnished,11997086,1219,605
2014,Plot Area,Patna,Unfurnished,11996902,1334,658
2017,Carpet Area,Navi Mumbai,Furnished,11996581,1249,623
2002,Super Area,Kanpur,Furnished,11995999,1221,626
1994,Plot Area,Mumbai,Furnished,11995897,1228,613
2001,Carpet Area,Pune,Furnished,11995886,1287,664
1995,Super Area,Bangalore,Furnished,11995830,1302,647
2010,Plot Area,Amritsar,Unfurnished,11995670,1212,619
1999,Plot Area,Lucknow,Semi-Furnished,11995116,1204,628
2010,Built Area,Chandigarh,Unfurnished,11994920,1242,621
2005,Plot Area,Coimbatore,Furnished,11994429,1227,642
2000,Plot Area,Faridabad,Semi-Furnished,11994384,1286,671
1995,Carpet Area,Kolkata,Unfurnished,11994348,1242,615
2015,Plot Area,Agra,Unfurnished,11994307,1218,614
2015,Plot Area,Kalyan-Dombivli,Semi-Furnished,11994250,1249,634
2005,Plot Area,Hyderabad,Furnished,11993717,1270,622
2017,Carpet Area,Kolkata,Furnished,11993001,1268,635
1998,Carpet Area,Faridabad,Furnished,11992221,1258,623
1999,Super Area,Ahmedabad,Semi-Furnished,11992161,1260,634
2003,Super Area,Indore,Semi-Furnished,11991700,1237,629
2012,Carpet Area,Vijayawada,Semi-Furnished,11991538,1227,613
2013,Super Area,Meerut,Furnished,11991334,1243,618
2002,Carpet Area,Nashik,Furnished,11991193,1234,614
2009,Plot Area,Aurangabad,Furnished,11991147,1305,635
2018,Carpet Area,Faridabad,Semi-Furnished,11991095,1324,655
2021,Built Area,Bangalore,Unfurnished,11990836,1260,611
1991,Super Area,Vadodara,Semi-Furnished,11990613,1263,631
2002,Carpet Area,Gwalior,Furnished,11990498,1228,623
2019,Super Area,Visakhapatnam,Unfurnished,11990199,1254,638
2008,Plot Area,Vijayawada,Furnished,11989782,1277,628
2006,Built Area,Nashik,Furnished,11989777,1271,642
1998,Built Area,Thane,Semi-Furnished,11989559,1225,634
2003,Carpet Area,Patna,Furnished,11989000,1224,615
1997,Plot Area,Indore,Furnished,11988675,1255,621
1994,Carpet Area,Meerut,Furnished,11988598,1303,656
1993,Super Area,Bangalore,Semi-Furnished,11988268,1322,649
2020,Super Area,Patna,Unfurnished,11987959,1276,633
2007,Super Area,Agra,Semi-Furnished,11987925,1259,640
2013,Built Area,Indore,Semi-Furnished,11987639,1262,628
2015,Super Area,Bangalore,Furnished,11987273,1205,600
2007,Carpet Area,Ghaziabad,Furnished,11986982,1253,618
2006,Built Area,Hyderabad,Semi-Furnished,11986798,1284,641
2013,Carpet Area,Chennai,Semi-Furnished,11986752,1195,617
2001,Super Area,Kanpur,Furnished,11986704,1220,619
2020,Super Area,Mumbai,Unfurnished,11986538,1227,631
2007,Plot Area,Agra,Semi-Furnished,11986343,1227,611
2014,Carpet Area,Agra,Unfurnished,11986046,1315,649
2005,Super Area,Ahmedabad,Semi-Furnished,11985685,1193,607
2007,Plot Area,Vijayawada,Semi-Furnished,11985668,1231,627
2010,Plot Area,Aurangabad,Semi-Furnished,11985403,1264,630
2009,Carpet Area,Faridabad,Semi-Furnished,11985338,1228,624
2008,Carpet Area,Nashik,Unfurnished,11985303,1296,628
1991,Super Area,Mumbai,Semi-Furnished,11985256,1318,652
1996,Super Area,Chandigarh,Semi-Furnished,11985192,1221,617
2000,Plot Area,Bangalore,Semi-Furnished,11984683,1251,642
1997,Carpet Area,Nashik,Unfurnished,11984632,1262,649
2016,Super Area,Meerut,Semi-Furnished,11984221,1296,638
2006,Plot Area,Meerut,Unfurnished,11984148,1274,647
1995,Plot Area,Mysore,Semi-Furnished,11984046,1298,634
2005,Super Area,Lucknow,Unfurnished,11983907,1266,633
2000,Carpet Area,Chennai,Unfurnished,11983846,1188,610
1997,Built Area,Vadodara,Furnished,11983724,1179,607
2014,Plot Area,Mysore,Unfurnished,11983405,1251,632
2005,Carpet Area,Ludhiana,Furnished,11983395,1284,634
1995,Plot Area,Chandigarh,Furnished,11983365,1298,627
2007,Super Area,Chennai,Furnished,11983251,1268,619
2020,Carpet Area,Chennai,Furnished,11983237,1288,636
2006,Super Area,Jodhpur,Furnished,11983179,1274,630
2016,Built Area,Mumbai,Semi-Furnished,11983160,1227,605
2021,Super Area,Gwalior,Semi-Furnished,11983098,1310,657
1993,Carpet Area,Chennai,Unfurnished,11982986,1246,629
2002,Plot Area,Vijayawada,Unfurnished,11982763,1291,650
2008,Plot Area,Lucknow,Furnished,11982069,1236,617
2021,Plot Area,Patna,Unfurnished,11981433,1293,642
2001,Carpet Area,Nagpur,Unfurnished,11981408,1203,618
2001,Built Area,Rajkot,Furnished,11981240,1292,636
2017,Super Area,Patna,Unfurnished,11981137,1236,612
1992,Super Area,Noida,Furnished,11980963,1260,618
1999,Plot Area,Agra,Unfurnished,11980791,1260,630
2019,Super Area,Lucknow,Semi-Furnished,11980619,1305,626
1992,Plot Area,Kolkata,Unfurnished,11980169,1239,621
2018,Built Area,Pune,Furnished,11980105,1256,630
1990,Plot Area,Aurangabad,Unfurnished,11980071,1261,637
1994,Built Area,Kanpur,Furnished,11979928,1213,604
1997,Super Area,Surat,Semi-Furnished,11979918,1233,612
2020,Built Area,Chandigarh,Semi-Furnished,11979483,1208,622
1990,Built Area,Meerut,Semi-Furnished,11979343,1298,641
2018,Plot Area,Varanasi,Semi-Furnished,11979153,1222,625
1990,Carpet Area,Chandigarh,Semi-Furnished,11978711,1261,638
2012,Plot Area,Faridabad,Semi-Furnished,11978636,1265,636
2020,Built Area,Jaipur,Furnished,11978626,1198,621
2003,Plot Area,Ahmedabad,Semi-Furnished,11978181,1217,617
1994,Plot Area,Indore,Unfurnished,11978007,1249,619
2018,Carpet Area,Mysore,Semi-Furnished,11977425,1257,629
2001,Super Area,Varanasi,Semi-Furnished,11977422,1259,629
2010,Plot Area,Ahmedabad,Semi-Furnished,11977229,1221,615
1995,Plot Area,Mumbai,Semi-Furnished,11977139,1314,643
1996,Carpet Area,Vadodara,Unfurnished,11976613,1172,602
2004,Carpet Area,Jodhpur,Unfurnished,11976481,1283,637
1997,Built Area,Gwalior,Unfurnished,11976424,1329,670
1993,Plot Area,Noida,Unfurnished,11976335,1246,632
2006,Super Area,Chennai,Unfurnished,11976060,1308,652
2005,Carpet Area,Varanasi,Semi-Furnished,11974986,1235,623
1995,Carpet Area,Noida,Furnished,11974906,1274,638
1991,Carpet Area,Ludhiana,Furnished,11974834,1269,624
2000,Super Area,Meerut,Furnished,11974533,1265,640
1998,Carpet Area,Mangalore,Semi-Furnished,11974262,1286,625
2005,Plot Area,Jaipur,Semi-Furnished,11974200,1247,622
2013,Carpet Area,Kanpur,Unfurnished,11973670,1278,630
2003,Plot Area,Aurangabad,Unfurnished,11973415,1264,640
2019,Plot Area,Chennai,Furnished,11973323,1258,628
1992,Built Area,Thane,Unfurnished,11972846,1199,597
2010,Built Area,Agra,Semi-Furnished,11972693,1245,625
2016,Built Area,Jaipur,Unfurnished,11972610,1213,611
1997,Carpet Area,Pune,Semi-Furnished,11972320,1194,601
1993,Super Area,Vijayawada,Furnished,11972251,1315,658
2015,Plot Area,Meerut,Unfurnished,11971835,1166,593
2001,Carpet Area,Patna,Semi-Furnished,11971818,1281,622
1993,Super Area,Ahmedabad,Unfurnished,11971023,1236,620
1996,Built Area,Jodhpur,Semi-Furnished,11970712,1311,650
2008,Built Area,Hyderabad,Unfurnished,11970673,1289,627
2010,Super Area,Delhi,Semi-Furnished,11970288,1249,623
2008,Plot Area,Jaipur,Furnished,11970151,1278,642
1992,Built Area,Chandigarh,Semi-Furnished,11970142,1331,658
2006,Built Area,Chandigarh,Furnished,11969482,1235,617
2012,Super Area,Jodhpur,Unfurnished,11969083,1259,622
1997,Carpet Area,Kalyan-Dombivli,Furnished,11968790,1220,616
2004,Plot Area,Surat,Furnished,11968784,1276,648
2004,Plot Area,Rajkot,Unfurnished,11968621,1264,630
2014,Carpet Area,Ahmedabad,Semi-Furnished,11968196,1266,633
2004,Plot Area,Chandigarh,Furnished,11967919,1309,647
2001,Super Area,Hyderabad,Semi-Furnished,11967901,1256,614
2001,Super Area,Kanpur,Unfurnished,11967760,1245,624
1999,Super Area,Gwalior,Furnished,11967685,1184,599
2016,Built Area,Ghaziabad,Semi-Furnished,11967592,1228,623
2015,Built Area,Pune,Unfurnished,11967062,1220,618
1999,Built Area,Indore,Furnished,11966797,1180,602
2016,Built Area,Varanasi,Unfurnished,11966608,1228,620
2014,Plot Area,Vadodara,Semi-Furnished,11966389,1263,639
2006,Carpet Area,Patna,Semi-Furnished,11966245,1287,634
2004,Carpet Area,Nashik,Furnished,11966178,1271,634
1992,Super Area,Mumbai,Semi-Furnished,11966116,1212,619
1991,Plot Area,Hyderabad,Semi-Furnished,11965900,1215,608
2021,Plot Area,Pune,Semi-Furnished,11965866,1259,621
2000,Plot Area,Kalyan-Dombivli,Semi-Furnished,11965857,1327,664
2007,Built Area,Faridabad,Unfurnished,11965807,1247,620
1996,Plot Area,Navi Mumbai,Furnished,11965764,1219,609
1997,Carpet Area,Chennai,Furnished,11965729,1259,630
2003,Super Area,Rajkot,Furnished,11965479,1256,645
2000,Plot Area,Amritsar,Semi-Furnished,11964699,1217,607
2008,Plot Area,Ludhiana,Semi-Furnished,11964464,1223,613
2010,Plot Area,Gwalior,Semi-Furnished,11964461,1291,639
2011,Built Area,Ranchi,Unfurnished,11964145,1335,656
2000,Super Area,Varanasi,Semi-Furnished,11963576,1253,613
2003,Super Area,Aurangabad,Furnished,11963533,1211,608
1996,Built Area,Ludhiana,Unfurnished,11963256,1163,588
2021,Carpet Area,Hyderabad,Unfurnished,11963043,1218,608
1998,Plot Area,Lucknow,Furnished,11962758,1218,610
2009,Plot Area,Thane,Furnished,11962415,1217,607
2017,Built Area,Chennai,Semi-Furnished,11961944,1245,634
1992,Built Area,Vijayawada,Furnished,11960543,1194,606
1996,Carpet Area,Coimbatore,Furnished,11960486,1220,612
2005,Super Area,Ghaziabad,Unfurnished,11960451,1261,628
2002,Super Area,Patna,Furnished,11960431,1285,636
2016,Carpet Area,Indore,Furnished,11960123,1250,637
1998,Carpet Area,Surat,Unfurnished,11959844,1256,633
2021,Plot Area,Delhi,Unfurnished,11959134,1226,610
2001,Super Area,Vijayawada,Semi-Furnished,11959012,1211,617
2017,Super Area,Surat,Furnished,11958984,1272,641
1991,Carpet Area,Chennai,Semi-Furnished,11958812,1290,632
1991,Plot Area,Mumbai,Semi-Furnished,11958804,1253,620
2009,Built Area,Rajkot,Semi-Furnished,11958684,1253,649
2017,Super Area,Indore,Unfurnished,11958113,1247,615
2010,Built Area,Gwalior,Unfurnished,11958044,1210,618
1996,Plot Area,Surat,Unfurnished,11957853,1248,620
2008,Plot Area,Ahmedabad,Furnished,11957820,1289,640
1994,Plot Area,Aurangabad,Furnished,11957211,1241,634
1998,Plot Area,Ghaziabad,Unfurnished,11957131,1286,629
2019,Carpet Area,Navi Mumbai,Unfurnished,11957114,1233,618
2005,Carpet Area,Thane,Unfurnished,11956828,1341,665
2011,Plot Area,Surat,Semi-Furnished,11956818,1226,613
2011,Built Area,Agra,Furnished,11956697,1240,621
1990,Built Area,Ludhiana,Unfurnished,11956147,1291,635
2001,Carpet Area,Ranchi,Furnished,11955711,1319,641
1996,Carpet Area,Chennai,Unfurnished,11955041,1236,604
2001,Built Area,Hyderabad,Semi-Furnished,11954324,1258,636
2020,Plot Area,Visakhapatnam,Furnished,11954051,1236,609
2013,Super Area,Nagpur,Furnished,11953906,1211,627
2003,Super Area,Ghaziabad,Semi-Furnished,11953514,1249,631
2016,Carpet Area,Vadodara,Furnished,11953143,1338,648
1992,Super Area,Varanasi,Unfurnished,11953070,1300,638
2001,Super Area,Visakhapatnam,Semi-Furnished,11953045,1212,611
2009,Carpet Area,Bhopal,Unfurnished,11953026,1278,643
2021,Carpet Area,Noida,Semi-Furnished,11952973,1252,624
2001,Plot Area,Delhi,Unfurnished,11952877,1269,627
1998,Carpet Area,Rajkot,Furnished,11952791,1251,638
2011,Carpet Area,Vadodara,Unfurnished,11952384,1246,619
2017,Carpet Area,Aurangabad,Semi-Furnished,11952373,1250,630
2019,Carpet Area,Lucknow,Semi-Furnished,11952238,1193,599
1999,Carpet Area,Ludhiana,Unfurnished,11952158,1289,638
2012,Super Area,Noida,Semi-Furnished,11952007,1298,637
1996,Super Area,Mysore,Unfurnished,11951927,1254,625
2005,Built Area,Jodhpur,Unfurnished,11951695,1309,649
2012,Plot Area,Aurangabad,Furnished,11951681,1205,621
2018,Plot Area,Delhi,Furnished,11951536,1232,615
2005,Plot Area,Ranchi,Semi-Furnished,11950787,1224,617
2005,Carpet Area,Nagpur,Furnished,11950505,1171,597
2012,Carpet Area,Chennai,Semi-Furnished,11950478,1309,646
2017,Super Area,Kolkata,Semi-Furnished,11950409,1234,635
1990,Plot Area,Patna,Semi-Furnished,11949716,1238,618
2021,Carpet Area,Visakhapatnam,Semi-Furnished,11949443,1201,610
2012,Built Area,Ludhiana,Furnished,11949407,1232,610
2011,Built Area,Ranchi,Furnished,11948405,1302,643
2012,Plot Area,Meerut,Semi-Furnished,11948376,1297,639
2018,Super Area,Kanpur,Furnished,11947704,1267,635
1994,Carpet Area,Visakhapatnam,Semi-Furnished,11947562,1238,628
2003,Super Area,Bangalore,Unfurnished,11947374,1266,628
1996,Super Area,Indore,Unfurnished,11947130,1245,621
2001,Built Area,Varanasi,Unfurnished,11946831,1255,634
1990,Plot Area,Navi Mumbai,Semi-Furnished,11946828,1225,603
2021,Built Area,Nagpur,Unfurnished,11946787,1262,633
1994,Super Area,Ahmedabad,Semi-Furnished,11946425,1333,638
2021,Super Area,Noida,Semi-Furnished,11946304,1270,634
1997,Carpet Area,Ludhiana,Furnished,11945511,1245,638
1993,Plot Area,Kalyan-Dombivli,Furnished,11945275,1290,636
2005,Plot Area,Chennai,Unfurnished,11945246,1250,633
2005,Built Area,Rajkot,Unfurnished,11945014,1223,602
2018,Super Area,Indore,Furnished,11944657,1247,617
2020,Carpet Area,Kolkata,Furnished,11944602,1224,620
2014,Plot Area,Nashik,Unfurnished,11944596,1200,610
2003,Built Area,Faridabad,Unfurnished,11944539,1262,631
1998,Built Area,Mysore,Furnished,11944339,1244,627
2009,Super Area,Patna,Semi-Furnished,11944281,1282,649
1997,Carpet Area,Indore,Furnished,11943970,1274,629
2015,Super Area,Hyderabad,Semi-Furnished,11943965,1178,604
2013,Super Area,Ranchi,Semi-Furnished,11943913,1248,623
2008,Carpet Area,Faridabad,Unfurnished,11943876,1234,621
1991,Carpet Area,Bhopal,Semi-Furnished,11943840,1242,636
2002,Carpet Area,Indore,Unfurnished,11943515,1215,613
2006,Super Area,Amritsar,Semi-Furnished,11943192,1203,624
2009,Super Area,Hyderabad,Unfurnished,11942829,1288,645
2004,Built Area,Faridabad,Unfurnished,11942254,1225,616
2002,Plot Area,Ghaziabad,Unfurnished,11942239,1155,605
1995,Built Area,Faridabad,Furnished,11941914,1274,642
2017,Super Area,Ludhiana,Semi-Furnished,11941865,1211,612
2019,Carpet Area,Vadodara,Semi-Furnished,11941476,1214,608
2000,Plot Area,Delhi,Unfurnished,11941370,1304,646
2006,Plot Area,Kanpur,Furnished,11941338,1306,646
2018,Super Area,Navi Mumbai,Unfurnished,11941307,1234,625
2018,Carpet Area,Chandigarh,Furnished,11940775,1171,597
2004,Built Area,Meerut,Furnished,11940769,1216,618
2008,Super Area,Pune,Furnished,11940447,1264,631
2014,Super Area,Thane,Unfurnished,11939349,1272,642
2010,Super Area,Ahmedabad,Semi-Furnished,11939337,1294,639
2002,Plot Area,Vadodara,Semi-Furnished,11939200,1321,644
1994,Carpet Area,Bhopal,Unfurnished,11938872,1273,636
2012,Super Area,Jaipur,Furnished,11938868,1226,636
1996,Built Area,Bhopal,Semi-Furnished,11938795,1244,626
2001,Built Area,Surat,Unfurnished,11938647,1227,617
2011,Carpet Area,Nashik,Furnished,11938598,1240,623
2004,Super Area,Agra,Furnished,11938368,1295,636
2015,Carpet Area,Ludhiana,Semi-Furnished,11937918,1272,614
2004,Carpet Area,Rajkot,Semi-Furnished,11937636,1308,640
2021,Plot Area,Noida,Furnished,11937617,1284,637
2017,Built Area,Meerut,Unfurnished,11937440,1291,635
2021,Plot Area,Jodhpur,Unfurnished,11937384,1206,613
2000,Carpet Area,Kalyan-Dombivli,Semi-Furnished,11937362,1161,584
2010,Plot Area,Meerut,Furnished,11936963,1272,637
2013,Built Area,Faridabad,Unfurnished,11936554,1323,649
2007,Built Area,Agra,Furnished,11936346,1311,653
2005,Plot Area,Vijayawada,Unfurnished,11936315,1249,636
1990,Carpet Area,Vijayawada,Semi-Furnished,11936118,1282,644
2021,Plot Area,Agra,Unfurnished,11935168,1217,621
1993,Plot Area,Delhi,Semi-Furnished,11934872,1289,637
2012,Carpet Area,Gwalior,Furnished,11934685,1234,608
2003,Carpet Area,Mangalore,Semi-Furnished,11934561,1270,631
1998,Built Area,Lucknow,Furnished,11934486,1246,621
1999,Carpet Area,Ranchi,Unfurnished,11934480,1255,629
2021,Plot Area,Chennai,Furnished,11934425,1283,633
1990,Plot Area,Ghaziabad,Unfurnished,11934122,1300,645
2004,Plot Area,Visakhapatnam,Semi-Furnished,11934109,1265,632
1995,Plot Area,Visakhapatnam,Furnished,11934039,1282,658
2017,Built Area,Ranchi,Semi-Furnished,11934014,1313,628
2014,Plot Area,Aurangabad,Furnished,11933966,1198,613
1994,Carpet Area,Ranchi,Semi-Furnished,11933730,1257,636
1995,Carpet Area,Nagpur,Unfurnished,11933716,1302,660
2017,Super Area,Aurangabad,Semi-Furnished,11933300,1256,633
2017,Built Area,Jaipur,Semi-Furnished,11933234,1282,640
2014,Super Area,Meerut,Unfurnished,11933077,1285,632
1997,Built Area,Gwalior,Furnished,11933004,1305,651
1992,Super Area,Mangalore,Semi-Furnished,11932713,1229,598
2017,Super Area,Bangalore,Semi-Furnished,11932577,1268,629
2018,Built Area,Coimbatore,Semi-Furnished,11932569,1234,626
2015,Super Area,Coimbatore,Unfurnished,11932477,1322,648
1999,Built Area,Lucknow,Furnished,11932465,1199,605
2007,Super Area,Lucknow,Semi-Furnished,11932375,1310,651
1995,Super Area,Navi Mumbai,Semi-Furnished,11932264,1320,666
1991,Super Area,Agra,Unfurnished,11932217,1286,629
1990,Plot Area,Rajkot,Semi-Furnished,11932006,1233,616
1995,Plot Area,Chandigarh,Unfurnished,11931703,1279,627
1993,Built Area,Ludhiana,Semi-Furnished,11931471,1278,634
2007,Carpet Area,Ranchi,Unfurnished,11931166,1361,653
2010,Plot Area,Gwalior,Unfurnished,11931135,1261,634
1998,Plot Area,Chandigarh,Unfurnished,11931076,1258,631
1992,Super Area,Jodhpur,Semi-Furnished,11930675,1201,603
2017,Built Area,Aurangabad,Furnished,11930464,1231,638
2013,Carpet Area,Bangalore,Unfurnished,11929912,1222,623
1994,Super Area,Faridabad,Unfurnished,11929665,1288,634
2013,Super Area,Patna,Semi-Furnished,11929156,1322,662
1990,Built Area,Vijayawada,Unfurnished,11929030,1205,607
1996,Built Area,Hyderabad,Unfurnished,11928922,1280,642
2004,Plot Area,Thane,Unfurnished,11928644,1269,637
2017,Built Area,Pune,Semi-Furnished,11928574,1300,641
2016,Plot Area,Ranchi,Semi-Furnished,11928392,1201,599
2021,Carpet Area,Varanasi,Unfurnished,11928033,1245,614
2010,Carpet Area,Nashik,Unfurnished,11927917,1223,627
1990,Super Area,Bhopal,Furnished,11927704,1252,611
2000,Built Area,Ahmedabad,Unfurnished,11927452,1218,610
1998,Super Area,Indore,Semi-Furnished,11927335,1228,622
2009,Carpet Area,Pune,Furnished,11927247,1198,615
1999,Carpet Area,Aurangabad,Unfurnished,11927113,1261,644
2017,Super Area,Kanpur,Semi-Furnished,11926930,1232,619
2014,Super Area,Jodhpur,Unfurnished,11926449,1260,624
1993,Built Area,Vadodara,Unfurnished,11926246,1268,634
2010,Super Area,Ranchi,Semi-Furnished,11926210,1277,630
1993,Built Area,Kanpur,Unfurnished,11926077,1278,640
2009,Carpet Area,Vijayawada,Semi-Furnished,11926060,1208,605
2012,Plot Area,Delhi,Unfurnished,11925824,1244,611
1993,Super Area,Lucknow,Unfurnished,11925349,1232,635
1999,Plot Area,Bhopal,Furnished,11925274,1236,619
1996,Super Area,Delhi,Furnished,11925013,1207,620
1990,Plot Area,Ghaziabad,Furnished,11924994,1242,613
2009,Built Area,Surat,Unfurnished,11924905,1243,624
2018,Built Area,Faridabad,Semi-Furnished,11924666,1254,636
2011,Super Area,Surat,Furnished,11924437,1287,642
2005,Plot Area,Mysore,Unfurnished,11924032,1251,612
2004,Plot Area,Kolkata,Semi-Furnished,11923739,1262,616
2004,Built Area,Chandigarh,Furnished,11923723,1236,620
2014,Super Area,Ghaziabad,Furnished,11923008,1333,658
2014,Super Area,Surat,Semi-Furnished,11922921,1251,615
2000,Built Area,Amritsar,Furnished,11922002,1191,612
1999,Built Area,Patna,Unfurnished,11921852,1267,622
1992,Plot Area,Jaipur,Furnished,11921845,1205,615
2014,Built Area,Nashik,Semi-Furnished,11921495,1313,663
2014,Super Area,Thane,Furnished,11921175,1272,628
2005,Super Area,Bhopal,Unfurnished,11921018,1235,632
2006,Carpet Area,Delhi,Semi-Furnished,11920914,1226,623
2021,Built Area,Rajkot,Unfurnished,11920788,1174,612
2005,Plot Area,Chandigarh,Semi-Furnished,11920125,1263,619
2010,Super Area,Coimbatore,Furnished,11919587,1273,630
1997,Carpet Area,Varanasi,Unfurnished,11919443,1271,631
1991,Carpet Area,Chennai,Unfurnished,11919180,1255,632
1999,Built Area,Gwalior,Unfurnished,11918328,1338,644
2017,Super Area,Varanasi,Semi-Furnished,11917873,1215,606
1991,Carpet Area,Aurangabad,Semi-Furnished,11917851,1253,609
2010,Super Area,Delhi,Furnished,11917353,1271,633
2015,Built Area,Mangalore,Unfurnished,11917142,1230,609
2011,Built Area,Bhopal,Unfurnished,11916906,1205,597
2013,Built Area,Surat,Furnished,11916727,1252,630
2021,Super Area,Gwalior,Unfurnished,11916423,1259,627
2011,Carpet Area,Chandigarh,Semi-Furnished,11916370,1266,635
1999,Built Area,Amritsar,Unfurnished,11916078,1224,620
2013,Super Area,Delhi,Furnished,11916002,1228,617
2002,Built Area,Ludhiana,Furnished,11915928,1290,641
1999,Super Area,Jaipur,Furnished,11915810,1251,620
2008,Carpet Area,Jodhpur,Unfurnished,11915719,1230,618
2006,Built Area,Agra,Furnished,11915598,1309,649
1996,Carpet Area,Vijayawada,Furnished,11915560,1261,637
2020,Carpet Area,Jodhpur,Semi-Furnished,11915253,1211,600
1991,Super Area,Faridabad,Semi-Furnished,11914878,1233,630
2007,Built Area,Bhopal,Semi-Furnished,11914224,1252,627
1994,Plot Area,Faridabad,Furnished,11913721,1307,625
2005,Carpet Area,Chandigarh,Furnished,11913524,1287,662
2002,Built Area,Chennai,Furnished,11913091,1213,623
1990,Plot Area,Amritsar,Furnished,11912814,1278,654
2004,Built Area,Jaipur,Furnished,11912696,1273,643
2021,Super Area,Chandigarh,Unfurnished,11912523,1219,613
2008,Plot Area,Mangalore,Semi-Furnished,11912204,1285,636
2019,Built Area,Coimbatore,Furnished,11912182,1203,599
1997,Plot Area,Ludhiana,Furnished,11912054,1236,622
1994,Super Area,Bangalore,Unfurnished,11911783,1218,613
2001,Carpet Area,Mumbai,Semi-Furnished,11911656,1297,641
2019,Super Area,Navi Mumbai,Semi-Furnished,11911631,1220,632
2003,Carpet Area,Jodhpur,Furnished,11911579,1319,642
1991,Plot Area,Bangalore,Semi-Furnished,11910911,1278,635
2012,Plot Area,Mysore,Semi-Furnished,11908898,1259,626
1992,Built Area,Nagpur,Semi-Furnished,11908641,1204,603
2009,Super Area,Aurangabad,Semi-Furnished,11908591,1211,600
1994,Plot Area,Surat,Furnished,11908376,1270,647
2020,Super Area,Navi Mumbai,Unfurnished,11908190,1281,647
2008,Super Area,Kalyan-Dombivli,Furnished,11907817,1203,618
2000,Super Area,Navi Mumbai,Furnished,11907792,1310,644
1994,Super Area,Ghaziabad,Semi-Furnished,11907627,1245,631
2017,Plot Area,Noida,Furnished,11907512,1260,645
1994,Carpet Area,Thane,Semi-Furnished,11907502,1253,609
2020,Built Area,Indore,Furnished,11906753,1263,645
2015,Super Area,Kolkata,Unfurnished,11906259,1274,637
2021,Built Area,Kolkata,Semi-Furnished,11906048,1203,623
2011,Built Area,Pune,Furnished,11906023,1285,640
1990,Super Area,Aurangabad,Unfurnished,11905897,1253,648
2005,Built Area,Chennai,Furnished,11905142,1225,623
2020,Plot Area,Rajkot,Semi-Furnished,11905138,1322,643
2000,Built Area,Surat,Furnished,11905036,1259,648
2019,Super Area,Mysore,Unfurnished,11904740,1258,632
2021,Super Area,Thane,Furnished,11904528,1220,626
1997,Carpet Area,Mysore,Unfurnished,11904344,1252,610
2006,Built Area,Hyderabad,Unfurnished,11904021,1274,636
2007,Carpet Area,Pune,Unfurnished,11903904,1198,613
2012,Plot Area,Faridabad,Unfurnished,11903817,1288,632
2004,Super Area,Mysore,Unfurnished,11903715,1348,663
2017,Built Area,Kanpur,Unfurnished,11903672,1320,636
2011,Plot Area,Mumbai,Unfurnished,11903427,1247,623
2014,Carpet Area,Lucknow,Semi-Furnished,11903229,1218,618
2010,Built Area,Vijayawada,Furnished,11903058,1248,630
2015,Built Area,Meerut,Unfurnished,11903028,1270,618
2006,Carpet Area,Mangalore,Semi-Furnished,11902812,1269,622
2008,Built Area,Agra,Semi-Furnished,11902505,1233,628
1993,Carpet Area,Mangalore,Unfurnished,11902155,1290,633
2021,Super Area,Rajkot,Furnished,11902052,1245,631
2014,Carpet Area,Nashik,Semi-Furnished,11901898,1248,629
2005,Carpet Area,Aurangabad,Furnished,11901622,1260,634
1995,Carpet Area,Indore,Furnished,11901390,1162,604
2001,Built Area,Mumbai,Unfurnished,11901348,1280,623
2004,Super Area,Lucknow,Furnished,11900542,1265,627
2003,Carpet Area,Aurangabad,Furnished,11900045,1250,614
1990,Carpet Area,Aurangabad,Unfurnished,11900019,1308,658
1996,Built Area,Patna,Furnished,11899613,1260,630
1999,Super Area,Mumbai,Semi-Furnished,11899515,1251,628
1993,Plot Area,Noida,Semi-Furnished,11899420,1208,601
1991,Super Area,Bangalore,Semi-Furnished,11898886,1265,631
2004,Carpet Area,Chennai,Unfurnished,11898876,1188,612
2021,Built Area,Thane,Semi-Furnished,11898775,1261,641
2019,Plot Area,Kanpur,Unfurnished,11898598,1223,619
1996,Built Area,Nashik,Furnished,11897310,1240,611
2008,Carpet Area,Vadodara,Unfurnished,11897062,1225,633
2014,Plot Area,Mumbai,Semi-Furnished,11896971,1219,612
1999,Built Area,Nagpur,Semi-Furnished,11896969,1212,605
2006,Built Area,Vijayawada,Semi-Furnished,11896881,1280,646
1997,Plot Area,Agra,Semi-Furnished,11896834,1285,630
2017,Carpet Area,Chandigarh,Semi-Furnished,11896603,1228,625
2004,Super Area,Kanpur,Semi-Furnished,11896499,1184,589
2012,Built Area,Ahmedabad,Unfurnished,11896040,1236,642
1991,Carpet Area,Thane,Unfurnished,11895126,1231,618
1999,Built Area,Bhopal,Furnished,11895120,1167,596
2007,Carpet Area,Mysore,Unfurnished,11894977,1254,622
1995,Super Area,Indore,Unfurnished,11894958,1265,642
2005,Plot Area,Indore,Furnished,11894944,1261,631
2020,Super Area,Kalyan-Dombivli,Semi-Furnished,11894913,1213,602
2000,Super Area,Mysore,Furnished,11894778,1308,656
1993,Plot Area,Varanasi,Unfurnished,11894730,1320,644
2010,Built Area,Surat,Furnished,11894206,1247,630
2004,Carpet Area,Kalyan-Dombivli,Unfurnished,11894035,1226,608
2014,Carpet Area,Meerut,Furnished,11893941,1255,639
2011,Super Area,Ahmedabad,Semi-Furnished,11893768,1201,605
2007,Plot Area,Jodhpur,Unfurnished,11893372,1198,599
2001,Built Area,Meerut,Semi-Furnished,11893226,1207,608
1996,Plot Area,Mysore,Furnished,11892965,1226,613
2007,Carpet Area,Surat,Unfurnished,11892907,1196,591
2015,Super Area,Ghaziabad,Semi-Furnished,11892729,1222,604
2004,Super Area,Chandigarh,Furnished,11892603,1293,643
2001,Carpet Area,Gwalior,Unfurnished,11892483,1264,628
2012,Carpet Area,Mangalore,Furnished,11892378,1297,633
2017,Built Area,Hyderabad,Unfurnished,11891937,1288,627
2007,Built Area,Chandigarh,Furnished,11891639,1245,625
2018,Carpet Area,Vijayawada,Furnished,11891367,1233,613
2007,Carpet Area,Delhi,Semi-Furnished,11891009,1240,616
2010,Carpet Area,Faridabad,Unfurnished,11891007,1271,642
1999,Built Area,Kolkata,Furnished,11890903,1239,646
1992,Carpet Area,Agra,Semi-Furnished,11890789,1244,627
2006,Super Area,Jodhpur,Unfurnished,11890191,1262,622
2007,Carpet Area,Agra,Semi-Furnished,11890146,1205,626
2007,Built Area,Meerut,Semi-Furnished,11890095,1291,641
2003,Carpet Area,Navi Mumbai,Unfurnished,11889962,1262,631
2016,Carpet Area,Nashik,Semi-Furnished,11889724,1297,653
1997,Super Area,Noida,Furnished,11889508,1269,632
2007,Carpet Area,Jodhpur,Unfurnished,11889410,1241,633
2015,Super Area,Ahmedabad,Furnished,11889358,1224,617
1997,Built Area,Faridabad,Semi-Furnished,11888833,1139,554
2007,Carpet Area,Coimbatore,Unfurnished,11888514,1271,628
1990,Carpet Area,Delhi,Semi-Furnished,11888486,1187,613
1990,Carpet Area,Patna,Semi-Furnished,11888358,1239,610
2017,Super Area,Hyderabad,Semi-Furnished,11887818,1286,644
2006,Built Area,Varanasi,Unfurnished,11887804,1195,617
2007,Super Area,Jaipur,Semi-Furnished,11887579,1265,630
1995,Plot Area,Bhopal,Unfurnished,11887526,1265,617
2005,Super Area,Visakhapatnam,Semi-Furnished,11887505,1251,616
2005,Carpet Area,Thane,Semi-Furnished,11887461,1212,627
2011,Plot Area,Kalyan-Dombivli,Furnished,11886823,1239,632
2014,Plot Area,Patna,Semi-Furnished,11886772,1252,624
1997,Carpet Area,Amritsar,Semi-Furnished,11886727,1223,609
1995,Super Area,Bangalore,Semi-Furnished,11886625,1308,641
1998,Plot Area,Navi Mumbai,Unfurnished,11886139,1237,627
1999,Plot Area,Surat,Furnished,11886117,1269,626
2004,Plot Area,Delhi,Furnished,11885930,1279,640
2000,Plot Area,Mangalore,Semi-Furnished,11885517,1264,645
1990,Super Area,Ahmedabad,Unfurnished,11884787,1251,613
2014,Built Area,Faridabad,Furnished,11884774,1237,624
2021,Built Area,Delhi,Unfurnished,11884566,1213,612
2002,Built Area,Amritsar,Unfurnished,11884113,1192,604
2006,Built Area,Nashik,Semi-Furnished,11883994,1314,642
2015,Built Area,Mysore,Furnished,11883970,1294,642
2003,Carpet Area,Hyderabad,Semi-Furnished,11883943,1277,635
2019,Super Area,Kolkata,Unfurnished,11882945,1189,620
1994,Carpet Area,Rajkot,Furnished,11881905,1245,610
2019,Plot Area,Mysore,Furnished,11881822,1254,639
1991,Plot Area,Visakhapatnam,Semi-Furnished,11881746,1214,619
2015,Carpet Area,Noida,Semi-Furnished,11881174,1298,647
1993,Super Area,Pune,Semi-Furnished,11880839,1216,617
1998,Plot Area,Meerut,Unfurnished,11880669,1267,632
1997,Built Area,Mumbai,Unfurnished,11880351,1175,607
1998,Built Area,Vadodara,Semi-Furnished,11880133,1193,617
2016,Plot Area,Pune,Unfurnished,11879624,1277,633
1998,Carpet Area,Nashik,Semi-Furnished,11879481,1304,638
1997,Built Area,Rajkot,Unfurnished,11879320,1268,630
2005,Plot Area,Ahmedabad,Furnished,11879272,1276,634
1990,Carpet Area,Kalyan-Dombivli,Semi-Furnished,11879157,1221,605
2017,Carpet Area,Rajkot,Furnished,11878925,1266,643
1994,Built Area,Surat,Unfurnished,11878629,1211,611
2002,Carpet Area,Bhopal,Semi-Furnished,11877454,1292,631
2019,Super Area,Ludhiana,Furnished,11876990,1244,622
2007,Carpet Area,Bhopal,Unfurnished,11876732,1274,624
2002,Super Area,Navi Mumbai,Furnished,11876442,1228,609
1999,Built Area,Noida,Semi-Furnished,11876365,1262,634
2018,Built Area,Chandigarh,Furnished,11876036,1281,637
2012,Built Area,Chennai,Unfurnished,11875454,1132,575
2017,Carpet Area,Navi Mumbai,Semi-Furnished,11875196,1246,629
1990,Plot Area,Kanpur,Furnished,11875190,1172,593
1991,Carpet Area,Ludhiana,Unfurnished,11875095,1212,602
1990,Built Area,Varanasi,Semi-Furnished,11875083,1295,625
2016,Super Area,Varanasi,Furnished,11874444,1263,618
1994,Plot Area,Thane,Unfurnished,11874251,1266,635
2012,Built Area,Meerut,Furnished,11873847,1265,621
1995,Plot Area,Thane,Furnished,11873836,1250,637
1993,Carpet Area,Chandigarh,Furnished,11873668,1210,620
2019,Carpet Area,Bhopal,Unfurnished,11873619,1234,618
1998,Carpet Area,Gwalior,Furnished,11873370,1362,666
1999,Super Area,Coimbatore,Unfurnished,11872734,1214,613
1991,Plot Area,Ludhiana,Unfurnished,11872262,1297,633
2012,Super Area,Meerut,Semi-Furnished,11872151,1167,592
2001,Super Area,Lucknow,Furnished,11872058,1253,628
2007,Plot Area,Delhi,Semi-Furnished,11871989,1263,609
2008,Carpet Area,Vadodara,Furnished,11871725,1228,624
2009,Built Area,Delhi,Semi-Furnished,11871385,1263,644
1998,Super Area,Vadodara,Semi-Furnished,11871285,1233,632
2003,Carpet Area,Kolkata,Furnished,11871037,1242,609
1997,Built Area,Hyderabad,Unfurnished,11871023,1282,637
1993,Super Area,Ahmedabad,Semi-Furnished,11870873,1304,640
1998,Built Area,Kalyan-Dombivli,Unfurnished,11870220,1207,635
2018,Built Area,Amritsar,Unfurnished,11870149,1257,623
2020,Carpet Area,Chennai,Semi-Furnished,11869827,1221,605
2015,Carpet Area,Navi Mumbai,Semi-Furnished,11868929,1221,623
2014,Carpet Area,Jodhpur,Unfurnished,11868879,1320,660
2016,Plot Area,Mysore,Unfurnished,11868858,1198,621
2016,Carpet Area,Jaipur,Semi-Furnished,11868266,1303,641
1991,Super Area,Vijayawada,Semi-Furnished,11868079,1269,632
2009,Carpet Area,Nashik,Semi-Furnished,11867921,1295,657
2014,Super Area,Nagpur,Furnished,11867786,1222,618
2015,Super Area,Faridabad,Furnished,11867199,1295,649
2019,Built Area,Agra,Furnished,11866950,1184,598
2004,Built Area,Visakhapatnam,Furnished,11866760,1198,603
1993,Plot Area,Ranchi,Semi-Furnished,11866388,1196,614
2019,Super Area,Kalyan-Dombivli,Semi-Furnished,11866162,1226,619
2019,Super Area,Mangalore,Furnished,11866079,1308,638
1990,Super Area,Ranchi,Furnished,11866014,1266,632
2019,Plot Area,Chandigarh,Furnished,11865564,1261,640
2010,Built Area,Meerut,Furnished,11865367,1283,630
2017,Plot Area,Jodhpur,Unfurnished,11865142,1281,621
2016,Plot Area,Nashik,Furnished,11864663,1275,644
1994,Plot Area,Indore,Furnished,11864592,1224,611
1994,Built Area,Coimbatore,Unfurnished,11864550,1244,623
2015,Built Area,Bangalore,Semi-Furnished,11864283,1235,613
2002,Carpet Area,Mangalore,Furnished,11864143,1244,612
2017,Carpet Area,Bangalore,Unfurnished,11863967,1246,631
2008,Built Area,Kalyan-Dombivli,Unfurnished,11863352,1268,632
2011,Super Area,Ghaziabad,Unfurnished,11862793,1214,637
2007,Built Area,Pune,Semi-Furnished,11862639,1239,605
1997,Plot Area,Surat,Semi-Furnished,11862490,1187,608
2010,Plot Area,Visakhapatnam,Unfurnished,11862270,1276,633
2017,Super Area,Varanasi,Unfurnished,11861915,1233,608
2008,Super Area,Patna,Unfurnished,11861328,1252,610
1994,Super Area,Pune,Furnished,11861257,1222,617
1999,Carpet Area,Meerut,Semi-Furnished,11861207,1215,611
2009,Carpet Area,Varanasi,Semi-Furnished,11861183,1254,626
1995,Super Area,Ghaziabad,Unfurnished,11860620,1290,646
2019,Plot Area,Kolkata,Unfurnished,11860380,1260,628
1996,Carpet Area,Ludhiana,Furnished,11860312,1227,621
2011,Super Area,Ludhiana,Furnished,11860027,1200,598
2008,Plot Area,Thane,Unfurnished,11859922,1308,646
2017,Plot Area,Delhi,Furnished,11859809,1260,635
2007,Plot Area,Ludhiana,Furnished,11859790,1215,623
2015,Carpet Area,Nagpur,Furnished,11859751,1247,634
1997,Super Area,Mysore,Unfurnished,11859712,1234,621
1994,Super Area,Rajkot,Unfurnished,11859667,1196,603
2016,Plot Area,Thane,Unfurnished,11859447,1229,619
2001,Carpet Area,Chennai,Semi-Furnished,11859166,1311,651
2015,Built Area,Surat,Unfurnished,11859077,1248,629
2015,Built Area,Coimbatore,Unfurnished,11859002,1223,616
1995,Built Area,Agra,Semi-Furnished,11858528,1395,661
2006,Plot Area,Aurangabad,Unfurnished,11858227,1263,636
2006,Built Area,Bangalore,Furnished,11858191,1284,633
1995,Super Area,Agra,Semi-Furnished,11857942,1245,625
1999,Super Area,Nashik,Unfurnished,11857418,1278,622
1997,Plot Area,Nashik,Unfurnished,11857227,1298,626
2001,Plot Area,Nashik,Furnished,11857184,1236,625
1992,Super Area,Noida,Unfurnished,11857117,1211,605
1991,Carpet Area,Rajkot,Furnished,11856597,1206,616
2003,Carpet Area,Surat,Unfurnished,11856561,1217,635
2017,Carpet Area,Coimbatore,Semi-Furnished,11856557,1157,595
1998,Carpet Area,Thane,Unfurnished,11856189,1247,615
1996,Plot Area,Kalyan-Dombivli,Unfurnished,11856084,1247,628
2011,Built Area,Jodhpur,Unfurnished,11856083,1290,639
2009,Carpet Area,Chennai,Furnished,11856000,1267,626
2002,Plot Area,Navi Mumbai,Furnished,11855753,1229,622
1992,Plot Area,Noida,Semi-Furnished,11854487,1260,631
1997,Built Area,Varanasi,Semi-Furnished,11854383,1323,624
2008,Built Area,Delhi,Furnished,11854297,1221,609
2019,Carpet Area,Jodhpur,Furnished,11853915,1317,642
2006,Plot Area,Faridabad,Furnished,11853804,1285,631
2010,Super Area,Ghaziabad,Semi-Furnished,11853284,1244,622
2002,Carpet Area,Kalyan-Dombivli,Semi-Furnished,11852965,1272,639
2012,Built Area,Coimbatore,Semi-Furnished,11852850,1289,643
2015,Carpet Area,Mysore,Semi-Furnished,11852743,1258,636
2014,Built Area,Jaipur,Semi-Furnished,11852300,1246,624
2004,Super Area,Ghaziabad,Unfurnished,11852228,1249,631
1999,Built Area,Noida,Furnished,11852091,1275,634
2005,Plot Area,Kolkata,Semi-Furnished,11851858,1273,627
2002,Built Area,Vijayawada,Furnished,11851740,1253,614
2004,Super Area,Ranchi,Semi-Furnished,11851624,1247,640
1997,Built Area,Mysore,Furnished,11851579,1266,640
2020,Carpet Area,Rajkot,Unfurnished,11851547,1258,617
2010,Super Area,Meerut,Semi-Furnished,11851397,1339,663
1995,Built Area,Navi Mumbai,Unfurnished,11851011,1266,618
2017,Super Area,Surat,Semi-Furnished,11850986,1287,638
2004,Carpet Area,Thane,Furnished,11850758,1255,622
1994,Built Area,Mangalore,Semi-Furnished,11850282,1263,634
1997,Carpet Area,Hyderabad,Unfurnished,11850096,1296,632
2007,Built Area,Jodhpur,Semi-Furnished,11849645,1201,619
2008,Super Area,Varanasi,Furnished,11848445,1245,635
1993,Super Area,Coimbatore,Unfurnished,11848076,1273,613
2010,Plot Area,Hyderabad,Furnished,11847257,1180,609
2019,Plot Area,Bangalore,Furnished,11847231,1247,619
1996,Plot Area,Jodhpur,Semi-Furnished,11847184,1238,623
2019,Carpet Area,Aurangabad,Semi-Furnished,11846439,1217,603
2009,Super Area,Surat,Furnished,11846126,1224,609
2019,Built Area,Patna,Unfurnished,11845738,1249,628
1990,Plot Area,Visakhapatnam,Unfurnished,11845624,1237,626
2004,Plot Area,Hyderabad,Furnished,11845387,1242,621
1998,Carpet Area,Hyderabad,Unfurnished,11845268,1251,628
2021,Plot Area,Nashik,Unfurnished,11843820,1213,597
1999,Plot Area,Agra,Furnished,11843789,1220,604
1997,Built Area,Aurangabad,Semi-Furnished,11843716,1254,638
1996,Carpet Area,Nagpur,Unfurnished,11843617,1293,635
2014,Plot Area,Meerut,Unfurnished,11843598,1228,617
1990,Carpet Area,Ghaziabad,Furnished,11843307,1248,625
1994,Super Area,Jodhpur,Furnished,11841567,1227,606
1992,Built Area,Ludhiana,Furnished,11840817,1250,628
1999,Super Area,Lucknow,Semi-Furnished,11840737,1243,612
1994,Carpet Area,Patna,Furnished,11840564,1307,656
1999,Plot Area,Nashik,Unfurnished,11840262,1234,623
2010,Plot Area,Chandigarh,Unfurnished,11840157,1270,629
2000,Plot Area,Nagpur,Semi-Furnished,11840043,1259,627
2007,Built Area,Jodhpur,Unfurnished,11839443,1266,623
1995,Super Area,Surat,Furnished,11839242,1219,607
1990,Super Area,Chennai,Semi-Furnished,11838958,1233,621
2006,Plot Area,Kolkata,Furnished,11838886,1284,644
2001,Carpet Area,Hyderabad,Furnished,11838823,1273,630
2010,Super Area,Thane,Unfurnished,11838141,1178,598
2003,Super Area,Pune,Semi-Furnished,11837246,1203,607
2017,Super Area,Ghaziabad,Furnished,11837196,1213,609
1991,Plot Area,Ahmedabad,Furnished,11836546,1234,620
2000,Plot Area,Varanasi,Unfurnished,11836393,1243,626
1996,Carpet Area,Vadodara,Semi-Furnished,11836110,1239,627
1998,Built Area,Mysore,Unfurnished,11835725,1206,614
2008,Carpet Area,Bhopal,Semi-Furnished,11835447,1262,637
2005,Carpet Area,Mumbai,Furnished,11834890,1173,612
2000,Super Area,Vijayawada,Semi-Furnished,11834883,1225,600
1999,Super Area,Thane,Semi-Furnished,11834715,1178,596
1994,Plot Area,Lucknow,Unfurnished,11834674,1244,618
1992,Carpet Area,Varanasi,Unfurnished,11834642,1275,629
2008,Carpet Area,Jodhpur,Semi-Furnished,11834403,1283,628
2021,Plot Area,Navi Mumbai,Semi-Furnished,11833970,1270,639
2008,Plot Area,Mumbai,Unfurnished,11833720,1244,623
1995,Super Area,Coimbatore,Furnished,11833457,1237,614
1990,Carpet Area,Varanasi,Semi-Furnished,11832610,1238,630
2006,Built Area,Ludhiana,Semi-Furnished,11832608,1275,626
2000,Built Area,Mumbai,Semi-Furnished,11832237,1212,612
2006,Built Area,Faridabad,Furnished,11832227,1266,620
2005,Super Area,Vadodara,Semi-Furnished,11832088,1232,633
2001,Super Area,Chennai,Semi-Furnished,11832042,1257,632
2001,Plot Area,Vadodara,Furnished,11831553,1253,628
1992,Plot Area,Lucknow,Furnished,11831547,1206,611
2011,Carpet Area,Hyderabad,Furnished,11831526,1254,624
2002,Plot Area,Vadodara,Unfurnished,11831418,1250,614
2010,Carpet Area,Ludhiana,Furnished,11831374,1270,649
2018,Built Area,Lucknow,Semi-Furnished,11830517,1246,619
1991,Super Area,Jodhpur,Semi-Furnished,11830475,1286,642
2010,Carpet Area,Rajkot,Unfurnished,11830113,1298,637
2021,Super Area,Kanpur,Unfurnished,11830060,1250,644
2001,Built Area,Thane,Unfurnished,11829969,1208,603
2005,Super Area,Jodhpur,Unfurnished,11829617,1287,646
1990,Carpet Area,Amritsar,Unfurnished,11829514,1237,603
2011,Super Area,Aurangabad,Unfurnished,11829133,1286,651
1994,Built Area,Ahmedabad,Furnished,11828910,1301,648
2015,Carpet Area,Aurangabad,Unfurnished,11828471,1285,644
2015,Super Area,Pune,Semi-Furnished,11828415,1198,598
1999,Super Area,Mumbai,Furnished,11828370,1284,632
1999,Super Area,Vadodara,Furnished,11828083,1270,634
2010,Carpet Area,Lucknow,Semi-Furnished,11827996,1232,633
2012,Super Area,Jaipur,Unfurnished,11827968,1252,623
2010,Carpet Area,Indore,Semi-Furnished,11827626,1231,611
2004,Super Area,Bhopal,Unfurnished,11827125,1207,609
2012,Carpet Area,Ranchi,Furnished,11826688,1266,638
1991,Built Area,Lucknow,Semi-Furnished,11826663,1234,593
2004,Built Area,Amritsar,Furnished,11826538,1248,620
1999,Super Area,Varanasi,Furnished,11826257,1243,619
2012,Super Area,Rajkot,Semi-Furnished,11825981,1248,620
1996,Carpet Area,Ranchi,Furnished,11825602,1254,641
1999,Plot Area,Ahmedabad,Unfurnished,11825184,1234,622
2003,Super Area,Mysore,Semi-Furnished,11824922,1251,641
2006,Super Area,Varanasi,Furnished,11824358,1207,605
1998,Built Area,Indore,Unfurnished,11824314,1268,634
2002,Carpet Area,Kanpur,Semi-Furnished,11824288,1303,647
1992,Super Area,Visakhapatnam,Furnished,11824246,1310,639
2018,Built Area,Surat,Unfurnished,11824089,1254,624
2007,Plot Area,Jodhpur,Semi-Furnished,11823955,1227,616
2019,Carpet Area,Vijayawada,Semi-Furnished,11823741,1265,641
2011,Carpet Area,Patna,Semi-Furnished,11823669,1268,625
1998,Built Area,Bhopal,Semi-Furnished,11823665,1226,608
2015,Plot Area,Patna,Furnished,11823596,1208,609
2021,Carpet Area,Chandigarh,Furnished,11823504,1233,609
1996,Plot Area,Indore,Semi-Furnished,11823191,1149,589
2016,Super Area,Ahmedabad,Semi-Furnished,11823181,1203,612
2003,Carpet Area,Surat,Semi-Furnished,11823083,1316,637
1997,Plot Area,Noida,Unfurnished,11822839,1170,606
1999,Plot Area,Delhi,Semi-Furnished,11822754,1188,594
2006,Carpet Area,Mumbai,Semi-Furnished,11822337,1209,619
2000,Built Area,Amritsar,Unfurnished,11822161,1238,616
1996,Built Area,Visakhapatnam,Semi-Furnished,11822149,1254,619
2007,Carpet Area,Chennai,Unfurnished,11821969,1250,628
2012,Super Area,Bangalore,Semi-Furnished,11821817,1232,619
2003,Super Area,Pune,Unfurnished,11821723,1215,611
2014,Carpet Area,Ludhiana,Unfurnished,11821443,1246,619
2001,Built Area,Bhopal,Semi-Furnished,11821239,1245,625
2021,Plot Area,Jodhpur,Semi-Furnished,11820162,1282,628
1995,Super Area,Mumbai,Furnished,11820059,1333,661
2014,Built Area,Indore,Furnished,11819954,1252,626
2010,Super Area,Vadodara,Semi-Furnished,11819806,1249,615
1990,Carpet Area,Pune,Unfurnished,11819661,1218,607
2016,Carpet Area,Faridabad,Unfurnished,11819301,1217,617
1995,Plot Area,Mangalore,Furnished,11819120,1216,622
2019,Carpet Area,Chandigarh,Semi-Furnished,11819011,1259,620
2003,Built Area,Amritsar,Furnished,11819005,1183,593
2001,Super Area,Surat,Semi-Furnished,11818961,1260,616
1995,Carpet Area,Nagpur,Semi-Furnished,11817774,1305,649
2002,Built Area,Jaipur,Unfurnished,11817395,1264,621
1990,Super Area,Lucknow,Furnished,11817302,1225,631
1990,Built Area,Ahmedabad,Unfurnished,11817233,1251,636
2019,Carpet Area,Mumbai,Furnished,11816691,1233,629
1996,Super Area,Mumbai,Semi-Furnished,11816669,1238,619
1992,Plot Area,Faridabad,Semi-Furnished,11816237,1192,604
2018,Carpet Area,Kalyan-Dombivli,Furnished,11816109,1275,643
2001,Super Area,Pune,Furnished,11815993,1303,647
1994,Plot Area,Varanasi,Semi-Furnished,11815985,1277,638
2016,Built Area,Ahmedabad,Unfurnished,11815967,1241,613
2016,Plot Area,Amritsar,Semi-Furnished,11815961,1224,618
2016,Built Area,Faridabad,Unfurnished,11815543,1223,614
2009,Super Area,Ahmedabad,Semi-Furnished,11815454,1294,634
2019,Carpet Area,Ghaziabad,Semi-Furnished,11815059,1224,626
1994,Super Area,Indore,Furnished,11814870,1246,627
1994,Plot Area,Ahmedabad,Semi-Furnished,11814798,1178,612
2005,Super Area,Bangalore,Semi-Furnished,11814674,1258,621
2005,Plot Area,Kalyan-Dombivli,Unfurnished,11814390,1209,607
2006,Carpet Area,Kalyan-Dombivli,Semi-Furnished,11814329,1184,591
2016,Built Area,Mumbai,Unfurnished,11814221,1225,602
2017,Super Area,Ghaziabad,Semi-Furnished,11814029,1191,607
2009,Plot Area,Bhopal,Unfurnished,11814003,1269,642
2016,Built Area,Chennai,Semi-Furnished,11813435,1247,627
1996,Built Area,Ahmedabad,Furnished,11812982,1282,636
2008,Carpet Area,Aurangabad,Semi-Furnished,11812176,1174,600
2018,Built Area,Thane,Semi-Furnished,11812107,1220,621
2016,Carpet Area,Navi Mumbai,Unfurnished,11811883,1253,619
1995,Built Area,Noida,Unfurnished,11811758,1171,595
2012,Super Area,Kalyan-Dombivli,Furnished,11811595,1266,642
2004,Carpet Area,Chandigarh,Semi-Furnished,11811579,1285,626
2008,Super Area,Meerut,Furnished,11811539,1237,619
2011,Super Area,Rajkot,Furnished,11810928,1242,633
1995,Built Area,Nagpur,Unfurnished,11810832,1268,621
2017,Built Area,Faridabad,Unfurnished,11810809,1302,654
2008,Plot Area,Kanpur,Unfurnished,11810729,1234,611
2019,Carpet Area,Varanasi,Semi-Furnished,11810651,1300,640
2006,Carpet Area,Patna,Furnished,11810487,1207,607
2007,Built Area,Agra,Semi-Furnished,11810380,1204,596
2018,Plot Area,Kalyan-Dombivli,Unfurnished,11810211,1246,624
2000,Built Area,Mumbai,Furnished,11810143,1252,629
2005,Plot Area,Jodhpur,Unfurnished,11810044,1261,621
2008,Carpet Area,Kolkata,Furnished,11809909,1284,634
2007,Built Area,Chandigarh,Semi-Furnished,11809816,1252,627
2005,Super Area,Pune,Semi-Furnished,11809663,1319,638
1998,Super Area,Vijayawada,Furnished,11809615,1237,613
2021,Super Area,Patna,Unfurnished,11808597,1265,638
2013,Super Area,Visakhapatnam,Unfurnished,11808466,1215,610
2011,Carpet Area,Hyderabad,Semi-Furnished,11808310,1232,616
2017,Built Area,Thane,Unfurnished,11807564,1276,630
1990,Super Area,Rajkot,Unfurnished,11806958,1246,617
2010,Super Area,Bhopal,Semi-Furnished,11806766,1246,613
1996,Plot Area,Varanasi,Semi-Furnished,11806055,1269,635
1995,Super Area,Jodhpur,Semi-Furnished,11805567,1269,631
2011,Carpet Area,Coimbatore,Unfurnished,11805546,1287,631
2000,Plot Area,Noida,Unfurnished,11805479,1292,635
2018,Super Area,Chandigarh,Furnished,11804643,1167,603
2004,Super Area,Varanasi,Unfurnished,11804217,1240,623
2010,Carpet Area,Varanasi,Furnished,11804206,1202,604
2010,Built Area,Jodhpur,Unfurnished,11803542,1286,644
2007,Super Area,Gwalior,Furnished,11803012,1330,659
2009,Carpet Area,Bangalore,Furnished,11802763,1222,614
2007,Super Area,Noida,Semi-Furnished,11802685,1259,633
1990,Super Area,Kanpur,Unfurnished,11802272,1283,644
2012,Super Area,Ahmedabad,Unfurnished,11802185,1246,615
2017,Carpet Area,Vadodara,Semi-Furnished,11801615,1235,627
1991,Plot Area,Vijayawada,Unfurnished,11800666,1331,654
2006,Carpet Area,Coimbatore,Furnished,11800501,1208,627
2008,Plot Area,Meerut,Furnished,11800469,1206,607
2014,Built Area,Kalyan-Dombivli,Unfurnished,11800119,1264,627
2016,Built Area,Patna,Semi-Furnished,11799372,1256,620
2005,Super Area,Ghaziabad,Semi-Furnished,11799190,1260,644
2001,Super Area,Noida,Furnished,11798593,1266,642
2010,Carpet Area,Varanasi,Unfurnished,11798468,1230,612
2007,Super Area,Vadodara,Semi-Furnished,11798281,1269,633
2015,Built Area,Kolkata,Semi-Furnished,11798034,1184,589
2011,Carpet Area,Navi Mumbai,Semi-Furnished,11797840,1257,624
1990,Carpet Area,Gwalior,Unfurnished,11797601,1245,647
2005,Super Area,Nashik,Furnished,11797317,1232,604
2019,Carpet Area,Faridabad,Unfurnished,11796251,1243,624
1995,Carpet Area,Delhi,Furnished,11795466,1306,633
2019,Built Area,Amritsar,Semi-Furnished,11795119,1198,599
1995,Carpet Area,Aurangabad,Furnished,11795034,1275,643
1996,Super Area,Meerut,Semi-Furnished,11794624,1231,617
2017,Carpet Area,Visakhapatnam,Unfurnished,11794215,1249,622
2007,Super Area,Vijayawada,Unfurnished,11794151,1308,642
2007,Carpet Area,Coimbatore,Furnished,11793785,1247,620
1997,Built Area,Mysore,Unfurnished,11793169,1232,620
2009,Carpet Area,Amritsar,Furnished,11793093,1225,614
2014,Super Area,Gwalior,Furnished,11792640,1221,619
2003,Built Area,Amritsar,Unfurnished,11792626,1253,635
2014,Plot Area,Ahmedabad,Unfurnished,11792546,1217,620
1999,Carpet Area,Mumbai,Furnished,11792518,1233,616
2018,Carpet Area,Bangalore,Unfurnished,11792327,1252,636
2014,Super Area,Hyderabad,Unfurnished,11792157,1221,617
2019,Plot Area,Kolkata,Semi-Furnished,11792100,1259,633
1993,Super Area,Kanpur,Unfurnished,11791882,1253,626
2011,Super Area,Jaipur,Furnished,11790986,1244,620
1992,Carpet Area,Navi Mumbai,Furnished,11790107,1280,633
1994,Built Area,Chandigarh,Semi-Furnished,11789949,1236,631
2012,Built Area,Nashik,Unfurnished,11789871,1219,599
1992,Super Area,Jodhpur,Furnished,11789635,1286,644
2011,Super Area,Nashik,Semi-Furnished,11789469,1245,634
2009,Carpet Area,Indore,Semi-Furnished,11789315,1178,609
2013,Built Area,Vijayawada,Furnished,11789186,1244,623
2012,Super Area,Faridabad,Semi-Furnished,11788924,1276,657
1996,Built Area,Kalyan-Dombivli,Unfurnished,11788690,1272,618
2019,Plot Area,Faridabad,Semi-Furnished,11788627,1255,630
2011,Super Area,Indore,Semi-Furnished,11788340,1250,621
1990,Built Area,Agra,Furnished,11788272,1271,631
1999,Built Area,Delhi,Furnished,11788095,1235,617
2007,Carpet Area,Rajkot,Furnished,11787831,1267,614
2020,Super Area,Meerut,Semi-Furnished,11787786,1226,620
2014,Carpet Area,Chandigarh,Semi-Furnished,11787636,1258,639
2011,Super Area,Bangalore,Unfurnished,11787286,1251,622
1991,Built Area,Jaipur,Furnished,11786970,1210,612
2009,Built Area,Vadodara,Unfurnished,11786553,1221,612
1993,Plot Area,Jaipur,Unfurnished,11786020,1250,629
1992,Super Area,Varanasi,Furnished,11785799,1230,636
2005,Built Area,Visakhapatnam,Unfurnished,11785627,1254,633
2021,Built Area,Visakhapatnam,Semi-Furnished,11785404,1306,649
2010,Built Area,Mumbai,Unfurnished,11785056,1225,602
2009,Plot Area,Bhopal,Furnished,11784483,1274,630
2021,Plot Area,Bhopal,Unfurnished,11784453,1212,626
2021,Super Area,Vadodara,Semi-Furnished,11784174,1226,615
2009,Plot Area,Delhi,Semi-Furnished,11783919,1236,627
1997,Carpet Area,Varanasi,Furnished,11783153,1192,614
1992,Super Area,Rajkot,Semi-Furnished,11782404,1256,622
2012,Carpet Area,Noida,Semi-Furnished,11781922,1239,619
2018,Carpet Area,Nashik,Furnished,11781665,1262,635
2004,Carpet Area,Navi Mumbai,Furnished,11781641,1208,601
2013,Super Area,Chennai,Semi-Furnished,11781468,1241,617
2009,Super Area,Mysore,Furnished,11781325,1237,617
1998,Super Area,Jaipur,Semi-Furnished,11780854,1277,639
2007,Super Area,Bhopal,Unfurnished,11780577,1288,638
2013,Plot Area,Chennai,Furnished,11780347,1251,615
2021,Super Area,Pune,Unfurnished,11780151,1223,615
2005,Plot Area,Gwalior,Furnished,11779963,1291,648
2018,Plot Area,Indore,Semi-Furnished,11778525,1282,630
2017,Plot Area,Faridabad,Furnished,11778519,1227,601
2001,Carpet Area,Coimbatore,Furnished,11777791,1264,628
1998,Built Area,Ranchi,Furnished,11777640,1306,646
2003,Built Area,Vadodara,Semi-Furnished,11777324,1322,657
2017,Carpet Area,Mangalore,Semi-Furnished,11776846,1210,610
1990,Carpet Area,Jaipur,Furnished,11776460,1256,632
2013,Carpet Area,Aurangabad,Semi-Furnished,11776385,1246,625
2013,Super Area,Delhi,Unfurnished,11775712,1255,617
1994,Super Area,Ranchi,Furnished,11775633,1190,613
2008,Built Area,Thane,Furnished,11775543,1226,625
2020,Built Area,Bhopal,Unfurnished,11775445,1251,612
2008,Plot Area,Nashik,Unfurnished,11775441,1252,625
2017,Plot Area,Bangalore,Furnished,11775439,1201,605
1999,Built Area,Kolkata,Unfurnished,11775310,1295,634
2004,Carpet Area,Patna,Semi-Furnished,11775252,1248,634
2017,Super Area,Mangalore,Furnished,11774341,1184,597
2009,Built Area,Ludhiana,Unfurnished,11773940,1276,640
1995,Built Area,Vadodara,Furnished,11773420,1246,620
2016,Plot Area,Gwalior,Unfurnished,11772856,1260,630
2007,Carpet Area,Nagpur,Unfurnished,11772817,1262,645
2015,Carpet Area,Ghaziabad,Unfurnished,11772751,1211,610
1994,Carpet Area,Mumbai,Semi-Furnished,11772308,1148,583
2000,Super Area,Ranchi,Unfurnished,11772270,1249,629
2005,Carpet Area,Navi Mumbai,Unfurnished,11771773,1246,618
2019,Super Area,Meerut,Unfurnished,11771740,1238,627
2002,Plot Area,Delhi,Semi-Furnished,11771622,1156,595
2010,Plot Area,Faridabad,Furnished,11771330,1245,627
2001,Plot Area,Faridabad,Semi-Furnished,11771272,1265,625
2015,Plot Area,Hyderabad,Furnished,11770571,1238,622
2021,Plot Area,Chandigarh,Unfurnished,11769169,1253,616
1995,Plot Area,Hyderabad,Furnished,11768462,1225,608
1995,Super Area,Amritsar,Furnished,11768223,1282,636
2021,Plot Area,Nagpur,Unfurnished,11767345,1171,594
2001,Built Area,Coimbatore,Unfurnished,11767039,1278,645
2005,Carpet Area,Chandigarh,Semi-Furnished,11766859,1254,622
2006,Plot Area,Amritsar,Furnished,11766470,1232,609
1998,Carpet Area,Vijayawada,Furnished,11766353,1213,616
2002,Plot Area,Indore,Semi-Furnished,11766352,1228,607
2015,Built Area,Nagpur,Unfurnished,11765903,1266,634
1997,Plot Area,Ahmedabad,Unfurnished,11765733,1297,651
2000,Built Area,Gwalior,Furnished,11765651,1262,620
2005,Super Area,Mumbai,Unfurnished,11765472,1327,648
2004,Built Area,Agra,Unfurnished,11765380,1253,622
2004,Plot Area,Mysore,Unfurnished,11764728,1312,634
2000,Super Area,Surat,Semi-Furnished,11764622,1267,632
1997,Super Area,Ranchi,Furnished,11764553,1271,627
2021,Super Area,Bangalore,Unfurnished,11764510,1218,609
1997,Carpet Area,Ranchi,Furnished,11764203,1218,608
1999,Built Area,Surat,Unfurnished,11763957,1287,654
2012,Built Area,Jodhpur,Semi-Furnished,11763715,1186,597
2006,Plot Area,Bangalore,Furnished,11763243,1252,624
2006,Built Area,Hyderabad,Furnished,11762887,1233,605
2012,Carpet Area,Noida,Furnished,11762770,1328,651
2016,Super Area,Visakhapatnam,Semi-Furnished,11762623,1248,630
2006,Plot Area,Jodhpur,Unfurnished,11762469,1301,643
2017,Super Area,Gwalior,Unfurnished,11762425,1235,600
2016,Carpet Area,Varanasi,Semi-Furnished,11762402,1247,609
2007,Super Area,Amritsar,Semi-Furnished,11761918,1235,624
2007,Built Area,Noida,Furnished,11761898,1211,618
2000,Super Area,Mangalore,Furnished,11761794,1236,613
1996,Plot Area,Mumbai,Unfurnished,11761657,1331,644
2002,Super Area,Amritsar,Semi-Furnished,11761407,1205,591
2007,Carpet Area,Hyderabad,Furnished,11761165,1263,638
2019,Super Area,Bhopal,Unfurnished,11760823,1286,641
1990,Built Area,Agra,Semi-Furnished,11760727,1269,631
2020,Carpet Area,Agra,Furnished,11760365,1277,641
2014,Super Area,Nashik,Unfurnished,11760315,1222,622
2003,Super Area,Navi Mumbai,Semi-Furnished,11760088,1211,614
1992,Plot Area,Mysore,Furnished,11759214,1255,629
2003,Carpet Area,Pune,Unfurnished,11758810,1298,620
1991,Super Area,Rajkot,Furnished,11758752,1250,637
2019,Carpet Area,Ghaziabad,Furnished,11758616,1256,637
1996,Plot Area,Bangalore,Semi-Furnished,11757987,1236,603
2015,Carpet Area,Lucknow,Semi-Furnished,11757436,1230,610
2012,Super Area,Noida,Unfurnished,11757283,1233,608
2019,Plot Area,Aurangabad,Unfurnished,11757050,1290,641
2014,Super Area,Lucknow,Semi-Furnished,11756705,1269,629
2021,Built Area,Varanasi,Unfurnished,11755899,1275,634
2007,Plot Area,Rajkot,Unfurnished,11755470,1193,595
2007,Built Area,Nagpur,Furnished,11755204,1246,606
2003,Carpet Area,Gwalior,Furnished,11754613,1200,612
2020,Plot Area,Lucknow,Semi-Furnished,11754058,1273,625
2014,Carpet Area,Meerut,Unfurnished,11753931,1261,610
1994,Super Area,Chennai,Furnished,11753621,1312,639
2014,Plot Area,Nagpur,Semi-Furnished,11753391,1291,653
1999,Super Area,Kolkata,Furnished,11752823,1137,599
2013,Super Area,Vijayawada,Furnished,11752027,1240,620
1992,Super Area,Kanpur,Furnished,11751729,1271,635
1992,Plot Area,Patna,Furnished,11751349,1184,601
2006,Plot Area,Kalyan-Dombivli,Furnished,11750775,1233,623
2021,Carpet Area,Agra,Furnished,11750455,1237,615
2013,Carpet Area,Ghaziabad,Unfurnished,11750002,1206,606
1998,Plot Area,Mangalore,Semi-Furnished,11749924,1271,628
2008,Built Area,Bangalore,Furnished,11749525,1225,618
2013,Carpet Area,Rajkot,Semi-Furnished,11749305,1276,636
1994,Built Area,Vadodara,Unfurnished,11748819,1282,645
2009,Built Area,Ludhiana,Furnished,11748165,1259,618
2011,Plot Area,Navi Mumbai,Furnished,11746859,1232,603
1991,Super Area,Noida,Furnished,11746608,1267,625
1999,Carpet Area,Coimbatore,Unfurnished,11745840,1236,609
2004,Plot Area,Noida,Semi-Furnished,11745169,1227,606
1991,Carpet Area,Gwalior,Unfurnished,11744872,1223,625
1994,Carpet Area,Mysore,Unfurnished,11744586,1201,585
2004,Carpet Area,Kalyan-Dombivli,Furnished,11744573,1272,630
1994,Carpet Area,Faridabad,Semi-Furnished,11744013,1251,627
2003,Super Area,Vijayawada,Furnished,11743972,1250,620
1990,Super Area,Aurangabad,Semi-Furnished,11743489,1278,630
2000,Built Area,Bangalore,Unfurnished,11743085,1223,623
2012,Built Area,Delhi,Semi-Furnished,11742969,1238,625
2004,Carpet Area,Gwalior,Semi-Furnished,11742966,1227,621
1991,Built Area,Thane,Furnished,11742503,1258,626
2008,Carpet Area,Ranchi,Furnished,11741470,1199,597
1990,Super Area,Bhopal,Semi-Furnished,11740881,1237,604
1998,Super Area,Vadodara,Furnished,11740821,1311,660
1994,Plot Area,Hyderabad,Semi-Furnished,11740673,1233,605
1997,Carpet Area,Nagpur,Unfurnished,11740585,1197,597
1991,Plot Area,Bhopal,Unfurnished,11740519,1240,622
2009,Built Area,Coimbatore,Semi-Furnished,11740088,1192,615
1998,Plot Area,Kanpur,Furnished,11739523,1238,619
2005,Super Area,Lucknow,Semi-Furnished,11739399,1264,632
2000,Super Area,Chandigarh,Semi-Furnished,11739288,1264,632
2018,Plot Area,Agra,Unfurnished,11738996,1186,606
2010,Carpet Area,Mumbai,Semi-Furnished,11738518,1234,621
2013,Plot Area,Thane,Furnished,11737911,1249,615
1993,Carpet Area,Ranchi,Unfurnished,11736891,1255,620
2004,Built Area,Ludhiana,Unfurnished,11736870,1206,605
2004,Super Area,Kanpur,Furnished,11736464,1237,625
2014,Super Area,Chennai,Furnished,11736100,1224,615
1994,Carpet Area,Meerut,Unfurnished,11735991,1176,610
2014,Plot Area,Indore,Unfurnished,11735896,1291,629
1999,Carpet Area,Amritsar,Semi-Furnished,11735523,1224,610
2003,Plot Area,Bhopal,Furnished,11735479,1252,614
2017,Super Area,Coimbatore,Unfurnished,11735443,1250,619
2002,Plot Area,Faridabad,Furnished,11735376,1311,632
1992,Carpet Area,Kanpur,Furnished,11735271,1261,629
2019,Plot Area,Faridabad,Furnished,11735101,1218,605
2006,Super Area,Mangalore,Furnished,11734762,1247,626
2017,Super Area,Bhopal,Furnished,11734246,1277,626
2014,Plot Area,Delhi,Unfurnished,11734236,1267,627
1996,Super Area,Delhi,Semi-Furnished,11733445,1188,599
2005,Carpet Area,Ranchi,Unfurnished,11733381,1225,613
2003,Super Area,Ahmedabad,Semi-Furnished,11732946,1172,608
1991,Super Area,Patna,Semi-Furnished,11731164,1256,622
1990,Carpet Area,Kalyan-Dombivli,Unfurnished,11731038,1299,647
2017,Carpet Area,Jodhpur,Unfurnished,11730968,1234,623
2017,Plot Area,Ludhiana,Semi-Furnished,11730814,1254,607
1998,Built Area,Ghaziabad,Furnished,11729555,1175,596
2004,Built Area,Mumbai,Unfurnished,11729349,1271,637
2003,Carpet Area,Gwalior,Semi-Furnished,11727886,1263,622
1990,Plot Area,Delhi,Furnished,11727543,1275,622
2014,Carpet Area,Gwalior,Furnished,11727471,1228,627
2002,Built Area,Delhi,Semi-Furnished,11727282,1256,619
2013,Carpet Area,Delhi,Furnished,11727270,1295,655
1993,Built Area,Bangalore,Unfurnished,11727112,1293,642
2011,Built Area,Indore,Furnished,11726699,1255,617
2006,Super Area,Pune,Furnished,11726693,1149,581
2010,Plot Area,Chennai,Furnished,11726682,1225,622
1998,Carpet Area,Kalyan-Dombivli,Furnished,11726472,1269,637
2009,Built Area,Amritsar,Semi-Furnished,11726227,1177,613
1990,Super Area,Jodhpur,Semi-Furnished,11726076,1241,630
2010,Carpet Area,Delhi,Furnished,11725306,1250,626
1990,Super Area,Aurangabad,Furnished,11725250,1273,647
2014,Super Area,Jodhpur,Semi-Furnished,11725202,1274,634
2014,Super Area,Kalyan-Dombivli,Semi-Furnished,11725106,1294,651
2000,Super Area,Noida,Unfurnished,11724032,1225,627
1995,Plot Area,Faridabad,Furnished,11723869,1253,625
2018,Super Area,Hyderabad,Unfurnished,11723598,1203,582
2013,Built Area,Surat,Semi-Furnished,11722385,1264,622
2011,Built Area,Noida,Semi-Furnished,11722298,1237,620
1992,Super Area,Visakhapatnam,Semi-Furnished,11722060,1225,614
1994,Plot Area,Gwalior,Furnished,11721944,1275,628
2015,Carpet Area,Ghaziabad,Semi-Furnished,11721831,1291,649
1997,Carpet Area,Kanpur,Unfurnished,11721609,1210,607
2002,Built Area,Faridabad,Unfurnished,11720621,1245,633
1996,Super Area,Mysore,Semi-Furnished,11719981,1212,616
1997,Built Area,Ahmedabad,Semi-Furnished,11719089,1220,624
2013,Super Area,Varanasi,Unfurnished,11718077,1299,638
2015,Plot Area,Coimbatore,Furnished,11718051,1207,598
1996,Carpet Area,Agra,Semi-Furnished,11717683,1272,628
2019,Built Area,Ahmedabad,Semi-Furnished,11717580,1266,642
2007,Carpet Area,Chandigarh,Furnished,11717098,1267,627
2006,Plot Area,Bhopal,Furnished,11716779,1235,624
1993,Built Area,Gwalior,Furnished,11716223,1236,618
1997,Built Area,Thane,Unfurnished,11716126,1214,615
1992,Built Area,Kolkata,Furnished,11716103,1200,603
2006,Super Area,Surat,Unfurnished,11715673,1268,637
1990,Built Area,Ahmedabad,Furnished,11715598,1242,627
2013,Carpet Area,Noida,Furnished,11715547,1260,633
2001,Plot Area,Indore,Unfurnished,11715479,1231,622
2014,Built Area,Vadodara,Furnished,11715247,1220,611
2012,Built Area,Noida,Semi-Furnished,11714995,1277,622
1990,Carpet Area,Varanasi,Unfurnished,11714662,1225,600
2011,Built Area,Kanpur,Furnished,11714438,1230,622
2002,Built Area,Chandigarh,Semi-Furnished,11714359,1290,625
2005,Super Area,Indore,Semi-Furnished,11714267,1195,612
1999,Carpet Area,Jaipur,Unfurnished,11713960,1225,603
2016,Plot Area,Visakhapatnam,Unfurnished,11713746,1286,646
1991,Plot Area,Chandigarh,Furnished,11713112,1264,619
2012,Plot Area,Varanasi,Unfurnished,11712572,1263,623
2002,Super Area,Mangalore,Furnished,11712156,1282,651
2016,Built Area,Agra,Semi-Furnished,11711608,1237,623
2002,Plot Area,Navi Mumbai,Unfurnished,11711111,1282,639
2011,Carpet Area,Ludhiana,Furnished,11711066,1238,628
1999,Built Area,Chennai,Unfurnished,11710237,1214,595
2020,Carpet Area,Bangalore,Unfurnished,11710037,1215,626
1995,Plot Area,Kalyan-Dombivli,Unfurnished,11709962,1260,641
1991,Super Area,Ranchi,Unfurnished,11709945,1223,606
1999,Super Area,Visakhapatnam,Semi-Furnished,11709922,1304,644
1993,Built Area,Jodhpur,Unfurnished,11709173,1222,617
1998,Carpet Area,Visakhapatnam,Semi-Furnished,11709172,1302,651
1991,Plot Area,Pune,Semi-Furnished,11708644,1260,618
2012,Plot Area,Indore,Unfurnished,11708412,1213,614
2005,Plot Area,Aurangabad,Semi-Furnished,11708173,1263,634
2004,Super Area,Lucknow,Semi-Furnished,11707765,1248,627
1996,Plot Area,Vijayawada,Furnished,11707536,1269,621
2017,Built Area,Nagpur,Furnished,11707160,1193,611
2016,Carpet Area,Ludhiana,Furnished,11706774,1310,648
2003,Plot Area,Lucknow,Semi-Furnished,11706289,1249,616
1997,Plot Area,Gwalior,Unfurnished,11705983,1220,618
1990,Plot Area,Meerut,Unfurnished,11705811,1292,639
1994,Super Area,Vadodara,Unfurnished,11705187,1229,611
2013,Built Area,Amritsar,Furnished,11704779,1237,618
1990,Carpet Area,Noida,Semi-Furnished,11702749,1177,596
1992,Carpet Area,Mumbai,Furnished,11702324,1185,599
2015,Carpet Area,Gwalior,Furnished,11700677,1251,627
1991,Super Area,Nagpur,Unfurnished,11700353,1239,620
2009,Carpet Area,Hyderabad,Furnished,11700038,1270,611
2012,Built Area,Lucknow,Furnished,11699654,1198,602
2020,Plot Area,Bangalore,Unfurnished,11698707,1238,619
2021,Super Area,Agra,Furnished,11698458,1177,594
2006,Carpet Area,Gwalior,Unfurnished,11698015,1250,641
2015,Built Area,Visakhapatnam,Semi-Furnished,11697950,1246,632
1993,Carpet Area,Visakhapatnam,Furnished,11697691,1276,639
2001,Built Area,Aurangabad,Unfurnished,11697655,1303,650
2004,Super Area,Gwalior,Semi-Furnished,11697249,1218,595
2020,Super Area,Jodhpur,Unfurnished,11697087,1190,597
2019,Super Area,Chandigarh,Semi-Furnished,11696998,1247,635
1994,Carpet Area,Kanpur,Semi-Furnished,11696849,1264,639
2001,Super Area,Aurangabad,Furnished,11695475,1275,633
1992,Super Area,Patna,Semi-Furnished,11694429,1220,606
1999,Built Area,Visakhapatnam,Furnished,11694137,1224,610
1999,Carpet Area,Aurangabad,Semi-Furnished,11694134,1257,634
2006,Super Area,Surat,Semi-Furnished,11694017,1218,601
1998,Super Area,Ranchi,Unfurnished,11694005,1273,626
2016,Super Area,Thane,Furnished,11693580,1206,596
2003,Super Area,Bhopal,Furnished,11693349,1135,583
2019,Carpet Area,Coimbatore,Unfurnished,11692394,1237,614
2016,Super Area,Ranchi,Unfurnished,11691665,1309,639
2013,Carpet Area,Chennai,Furnished,11691250,1221,619
2006,Carpet Area,Surat,Unfurnished,11690646,1250,623
2018,Plot Area,Visakhapatnam,Semi-Furnished,11690423,1205,601
1994,Plot Area,Kolkata,Furnished,11690007,1266,628
2011,Super Area,Surat,Unfurnished,11689752,1198,596
2020,Carpet Area,Hyderabad,Furnished,11689533,1213,603
2018,Built Area,Jodhpur,Semi-Furnished,11687847,1249,621
2018,Plot Area,Ahmedabad,Semi-Furnished,11687740,1315,635
1990,Built Area,Patna,Furnished,11687181,1184,614
1993,Built Area,Hyderabad,Furnished,11686481,1229,632
2010,Plot Area,Patna,Furnished,11685581,1215,618
2001,Super Area,Meerut,Semi-Furnished,11684769,1246,616
1992,Carpet Area,Thane,Furnished,11684382,1272,626
2010,Carpet Area,Amritsar,Furnished,11684306,1245,631
2012,Carpet Area,Lucknow,Unfurnished,11683318,1337,681
2021,Carpet Area,Gwalior,Unfurnished,11680980,1247,629
2000,Built Area,Ranchi,Semi-Furnished,11680946,1286,644
2002,Carpet Area,Thane,Furnished,11680330,1253,626
2012,Plot Area,Bhopal,Unfurnished,11680157,1200,610
2009,Carpet Area,Nagpur,Furnished,11679220,1204,606
1996,Carpet Area,Ahmedabad,Semi-Furnished,11679154,1210,600
2016,Super Area,Vadodara,Semi-Furnished,11678837,1326,653
1997,Built Area,Coimbatore,Unfurnished,11678834,1239,621
2015,Super Area,Ahmedabad,Semi-Furnished,11678824,1171,602
2009,Plot Area,Mumbai,Semi-Furnished,11678252,1270,630
2008,Plot Area,Pune,Furnished,11677557,1207,628
2001,Built Area,Nagpur,Semi-Furnished,11677067,1247,633
2017,Super Area,Nagpur,Semi-Furnished,11676763,1351,654
1994,Super Area,Meerut,Furnished,11676688,1201,606
2012,Built Area,Kolkata,Furnished,11676424,1205,606
2009,Super Area,Noida,Furnished,11676394,1179,596
2016,Built Area,Ludhiana,Unfurnished,11676118,1199,598
2005,Built Area,Mysore,Semi-Furnished,11675581,1208,607
1998,Super Area,Mangalore,Furnished,11675559,1257,618
2006,Carpet Area,Faridabad,Unfurnished,11675457,1269,627
1997,Built Area,Navi Mumbai,Semi-Furnished,11675396,1215,605
1998,Built Area,Navi Mumbai,Furnished,11675313,1166,591
2018,Built Area,Kolkata,Semi-Furnished,11675277,1291,632
1997,Plot Area,Lucknow,Furnished,11675154,1184,597
1992,Built Area,Rajkot,Unfurnished,11674633,1245,637
1999,Super Area,Amritsar,Furnished,11673755,1242,614
2006,Super Area,Amritsar,Unfurnished,11673554,1220,613
2016,Built Area,Hyderabad,Furnished,11672785,1260,632
2012,Plot Area,Noida,Semi-Furnished,11672613,1180,600
2009,Plot Area,Vijayawada,Furnished,11672262,1223,627
2005,Carpet Area,Faridabad,Semi-Furnished,11672043,1221,605
2013,Carpet Area,Meerut,Unfurnished,11671725,1215,616
2015,Super Area,Jaipur,Unfurnished,11671711,1275,638
2019,Super Area,Ludhiana,Unfurnished,11671646,1262,638
2020,Plot Area,Bhopal,Semi-Furnished,11671281,1234,616
2010,Built Area,Rajkot,Unfurnished,11671211,1191,603
2017,Super Area,Ludhiana,Unfurnished,11670699,1333,662
1994,Plot Area,Visakhapatnam,Semi-Furnished,11670112,1208,618
2012,Carpet Area,Gwalior,Semi-Furnished,11669686,1239,623
1995,Super Area,Mysore,Semi-Furnished,11669562,1226,610
2021,Super Area,Mysore,Unfurnished,11669377,1211,609
2012,Super Area,Chennai,Furnished,11669247,1287,637
2012,Super Area,Pune,Furnished,11669206,1265,632
2012,Super Area,Mangalore,Unfurnished,11668894,1251,622
1990,Carpet Area,Hyderabad,Unfurnished,11668005,1259,617
1993,Carpet Area,Pune,Furnished,11668002,1264,613
2014,Plot Area,Rajkot,Semi-Furnished,11667402,1250,620
2003,Plot Area,Chennai,Unfurnished,11667351,1248,634
2006,Built Area,Jaipur,Furnished,11667278,1293,638
2020,Carpet Area,Ghaziabad,Furnished,11666463,1240,620
2018,Plot Area,Vijayawada,Unfurnished,11665467,1235,621
2020,Carpet Area,Coimbatore,Semi-Furnished,11665450,1238,635
1998,Carpet Area,Faridabad,Semi-Furnished,11664934,1279,622
1991,Built Area,Jaipur,Semi-Furnished,11664666,1230,619
2015,Plot Area,Meerut,Furnished,11664527,1333,649
1990,Built Area,Surat,Unfurnished,11664461,1236,608
2000,Carpet Area,Ranchi,Semi-Furnished,11664452,1229,630
2013,Super Area,Agra,Furnished,11664294,1240,616
1991,Super Area,Kanpur,Unfurnished,11663995,1250,623
2017,Plot Area,Ludhiana,Unfurnished,11662815,1249,621
2007,Built Area,Delhi,Unfurnished,11662798,1203,592
2017,Super Area,Mangalore,Unfurnished,11662182,1232,597
1998,Carpet Area,Kolkata,Furnished,11662084,1294,635
2013,Plot Area,Jodhpur,Furnished,11661673,1123,567
2017,Plot Area,Patna,Furnished,11660915,1322,651
2001,Super Area,Bhopal,Semi-Furnished,11660124,1233,628
2006,Plot Area,Mangalore,Semi-Furnished,11659808,1236,612
2007,Carpet Area,Navi Mumbai,Furnished,11659648,1267,619
2021,Plot Area,Lucknow,Unfurnished,11659478,1313,635
2021,Carpet Area,Visakhapatnam,Furnished,11659347,1203,598
2014,Carpet Area,Vijayawada,Unfurnished,11658880,1250,628
2015,Built Area,Ludhiana,Semi-Furnished,11658719,1305,654
2013,Built Area,Jodhpur,Unfurnished,11657812,1182,599
2004,Carpet Area,Ghaziabad,Furnished,11657456,1277,625
1990,Carpet Area,Mumbai,Furnished,11657371,1290,638
2013,Built Area,Noida,Furnished,11656092,1209,607
2010,Carpet Area,Vijayawada,Furnished,11655544,1272,638
2006,Built Area,Faridabad,Semi-Furnished,11654897,1249,617
2002,Super Area,Nashik,Furnished,11654820,1235,617
2015,Super Area,Noida,Semi-Furnished,11654724,1154,595
1998,Plot Area,Nagpur,Semi-Furnished,11654582,1290,640
2006,Built Area,Mangalore,Unfurnished,11653188,1309,656
1994,Plot Area,Nashik,Furnished,11653031,1280,629
2019,Plot Area,Ahmedabad,Unfurnished,11652132,1198,585
2014,Built Area,Pune,Semi-Furnished,11651674,1274,647
2014,Super Area,Faridabad,Unfurnished,11651527,1230,614
2011,Super Area,Jodhpur,Unfurnished,11651448,1170,588
2007,Carpet Area,Pune,Semi-Furnished,11651032,1284,644
2003,Carpet Area,Indore,Semi-Furnished,11650781,1289,653
1997,Plot Area,Ghaziabad,Semi-Furnished,11650698,1316,640
1999,Plot Area,Delhi,Unfurnished,11650542,1196,601
1998,Plot Area,Delhi,Semi-Furnished,11650252,1276,627
1993,Super Area,Pune,Furnished,11650151,1240,615
2015,Built Area,Bangalore,Unfurnished,11649763,1292,649
1991,Plot Area,Rajkot,Semi-Furnished,11648349,1251,631
2015,Super Area,Coimbatore,Furnished,11648213,1276,650
1995,Built Area,Mumbai,Unfurnished,11647862,1198,612
2002,Built Area,Gwalior,Semi-Furnished,11647797,1163,593
1998,Built Area,Bhopal,Unfurnished,11647667,1275,626
2013,Carpet Area,Delhi,Unfurnished,11647272,1273,616
2011,Built Area,Jaipur,Semi-Furnished,11647097,1292,651
1992,Plot Area,Agra,Furnished,11646703,1222,624
1992,Carpet Area,Nashik,Unfurnished,11645331,1141,565
2009,Built Area,Bangalore,Semi-Furnished,11644226,1221,600
2009,Plot Area,Chennai,Unfurnished,11644149,1232,613
2020,Carpet Area,Aurangabad,Unfurnished,11643805,1236,618
1990,Carpet Area,Lucknow,Semi-Furnished,11643759,1214,608
1996,Plot Area,Indore,Unfurnished,11642574,1217,624
2017,Super Area,Visakhapatnam,Furnished,11642156,1259,626
2016,Built Area,Kanpur,Unfurnished,11641982,1244,613
2012,Plot Area,Kolkata,Furnished,11641604,1256,627
2018,Plot Area,Nagpur,Semi-Furnished,11641401,1256,631
2006,Built Area,Mangalore,Furnished,11641108,1265,625
2012,Carpet Area,Hyderabad,Furnished,11640933,1305,642
2002,Built Area,Hyderabad,Semi-Furnished,11640779,1235,609
1994,Built Area,Bangalore,Unfurnished,11640130,1190,595
2001,Super Area,Ranchi,Furnished,11639561,1214,612
2001,Super Area,Ahmedabad,Furnished,11639551,1265,618
1997,Plot Area,Faridabad,Unfurnished,11638374,1256,619
1996,Plot Area,Coimbatore,Furnished,11637601,1223,613
2004,Carpet Area,Hyderabad,Semi-Furnished,11637487,1283,630
2007,Carpet Area,Nashik,Semi-Furnished,11636872,1246,623
1998,Carpet Area,Chandigarh,Unfurnished,11636255,1262,640
2004,Plot Area,Gwalior,Semi-Furnished,11635933,1228,613
2007,Plot Area,Pune,Semi-Furnished,11635461,1195,608
2017,Super Area,Vijayawada,Furnished,11634999,1221,618
2005,Built Area,Gwalior,Furnished,11634748,1192,611
1997,Super Area,Mysore,Furnished,11634530,1264,625
2013,Super Area,Navi Mumbai,Semi-Furnished,11633960,1212,613
1995,Plot Area,Navi Mumbai,Unfurnished,11633600,1224,613
2001,Carpet Area,Ahmedabad,Unfurnished,11633223,1213,617
2013,Plot Area,Lucknow,Furnished,11632661,1259,602
2010,Plot Area,Ahmedabad,Unfurnished,11632503,1244,615
2005,Plot Area,Agra,Furnished,11632470,1224,621
2003,Built Area,Delhi,Unfurnished,11632217,1244,622
2021,Super Area,Kolkata,Furnished,11631980,1228,618
1998,Carpet Area,Ahmedabad,Semi-Furnished,11631899,1202,615
1994,Carpet Area,Surat,Furnished,11631561,1259,641
1994,Built Area,Chandigarh,Furnished,11631261,1237,605
1991,Carpet Area,Coimbatore,Unfurnished,11631049,1263,629
1999,Super Area,Ranchi,Semi-Furnished,11630813,1223,618
1998,Carpet Area,Mumbai,Furnished,11630654,1229,615
2009,Super Area,Ghaziabad,Semi-Furnished,11630598,1210,615
2014,Carpet Area,Ghaziabad,Unfurnished,11629092,1210,598
2013,Super Area,Coimbatore,Unfurnished,11628173,1205,608
1996,Carpet Area,Thane,Semi-Furnished,11628171,1170,591
2012,Carpet Area,Faridabad,Semi-Furnished,11628059,1172,588
2009,Built Area,Faridabad,Furnished,11627652,1147,579
1996,Plot Area,Gwalior,Furnished,11627640,1240,623
1991,Plot Area,Chandigarh,Semi-Furnished,11627482,1265,631
2018,Super Area,Bhopal,Furnished,11626809,1191,612
2010,Carpet Area,Bhopal,Furnished,11626455,1242,624
2019,Built Area,Coimbatore,Unfurnished,11626123,1236,609
2018,Carpet Area,Agra,Semi-Furnished,11625929,1245,631
2013,Carpet Area,Patna,Furnished,11625841,1222,610
1998,Carpet Area,Meerut,Furnished,11624721,1253,633
2004,Plot Area,Surat,Semi-Furnished,11624628,1157,579
2008,Super Area,Noida,Furnished,11623904,1192,583
2001,Carpet Area,Meerut,Unfurnished,11623843,1153,572
2001,Carpet Area,Ghaziabad,Semi-Furnished,11623360,1208,607
2015,Super Area,Jaipur,Semi-Furnished,11622613,1257,623
1998,Carpet Area,Thane,Semi-Furnished,11622385,1183,603
2007,Plot Area,Kanpur,Semi-Furnished,11622122,1187,587
2020,Built Area,Ranchi,Unfurnished,11622012,1199,604
2016,Built Area,Mysore,Unfurnished,11621219,1220,612
1999,Built Area,Bangalore,Semi-Furnished,11620489,1283,649
2014,Super Area,Nashik,Furnished,11619036,1224,610
2017,Plot Area,Hyderabad,Semi-Furnished,11618613,1265,633
1997,Carpet Area,Mangalore,Semi-Furnished,11618457,1288,648
1991,Carpet Area,Noida,Furnished,11618356,1212,605
1997,Plot Area,Chandigarh,Furnished,11617833,1350,673
1996,Built Area,Surat,Unfurnished,11617126,1203,617
2006,Plot Area,Surat,Semi-Furnished,11616675,1192,602
2012,Carpet Area,Patna,Unfurnished,11616267,1203,594
1993,Super Area,Thane,Semi-Furnished,11616251,1274,625
2014,Carpet Area,Vadodara,Furnished,11615620,1178,601
2020,Built Area,Thane,Furnished,11615421,1213,594
1999,Plot Area,Coimbatore,Unfurnished,11615392,1181,598
2021,Super Area,Vijayawada,Furnished,11615108,1210,598
2013,Built Area,Rajkot,Semi-Furnished,11615000,1181,592
2006,Plot Area,Mangalore,Unfurnished,11614980,1211,612
1991,Carpet Area,Nashik,Unfurnished,11614737,1212,600
2014,Built Area,Surat,Furnished,11614544,1328,655
2019,Super Area,Jodhpur,Semi-Furnished,11614462,1236,609
2008,Carpet Area,Ahmedabad,Semi-Furnished,11614457,1148,580
2011,Built Area,Chandigarh,Semi-Furnished,11614443,1207,615
2003,Built Area,Ranchi,Furnished,11613238,1263,623
1995,Plot Area,Kanpur,Semi-Furnished,11613099,1215,627
2006,Super Area,Bangalore,Furnished,11612479,1249,624
2019,Plot Area,Pune,Furnished,11611964,1184,603
2018,Built Area,Bangalore,Furnished,11611411,1235,601
1997,Carpet Area,Agra,Unfurnished,11611058,1321,648
2018,Carpet Area,Ahmedabad,Unfurnished,11611045,1275,618
1991,Carpet Area,Jodhpur,Furnished,11610859,1301,649
2009,Super Area,Indore,Unfurnished,11610544,1222,618
2000,Carpet Area,Noida,Semi-Furnished,11610422,1185,597
1997,Plot Area,Pune,Furnished,11610371,1177,601
2018,Plot Area,Thane,Furnished,11610362,1243,616
2006,Plot Area,Thane,Unfurnished,11609347,1265,637
2014,Plot Area,Kolkata,Semi-Furnished,11608891,1294,632
2015,Super Area,Jodhpur,Furnished,11608784,1236,607
2008,Plot Area,Rajkot,Furnished,11608514,1230,625
1995,Carpet Area,Surat,Furnished,11608384,1270,634
2001,Plot Area,Jaipur,Unfurnished,11607731,1260,640
2020,Carpet Area,Gwalior,Semi-Furnished,11607325,1231,610
2004,Super Area,Jodhpur,Furnished,11607103,1207,606
2013,Super Area,Lucknow,Semi-Furnished,11606399,1249,612
2001,Super Area,Noida,Semi-Furnished,11605926,1274,628
2016,Built Area,Rajkot,Semi-Furnished,11605871,1212,616
2010,Built Area,Varanasi,Semi-Furnished,11605355,1230,615
1994,Plot Area,Nagpur,Furnished,11605185,1247,610
2012,Carpet Area,Thane,Semi-Furnished,11604984,1208,622
2020,Super Area,Amritsar,Semi-Furnished,11604605,1257,634
2004,Plot Area,Pune,Furnished,11604532,1188,605
2020,Carpet Area,Vijayawada,Unfurnished,11603913,1187,607
2004,Super Area,Navi Mumbai,Semi-Furnished,11603787,1271,610
1992,Super Area,Gwalior,Furnished,11603597,1233,624
2005,Plot Area,Surat,Unfurnished,11603082,1255,621
2002,Built Area,Chennai,Semi-Furnished,11602530,1159,595
1993,Super Area,Lucknow,Semi-Furnished,11601131,1179,604
1991,Plot Area,Ranchi,Unfurnished,11600781,1190,604
2014,Super Area,Mangalore,Furnished,11600252,1248,627
2009,Built Area,Kanpur,Furnished,11599966,1280,628
2003,Built Area,Chandigarh,Unfurnished,11599033,1255,617
2010,Super Area,Patna,Unfurnished,11598881,1223,617
1993,Carpet Area,Kolkata,Unfurnished,11598439,1253,626
2004,Built Area,Vadodara,Furnished,11598377,1258,641
2012,Plot Area,Ludhiana,Unfurnished,11598043,1197,598
1996,Plot Area,Nagpur,Furnished,11597941,1220,617
2005,Plot Area,Vijayawada,Semi-Furnished,11597815,1228,602
2000,Carpet Area,Varanasi,Semi-Furnished,11597493,1235,604
2017,Super Area,Kolkata,Unfurnished,11597411,1227,619
1996,Built Area,Kanpur,Furnished,11597400,1232,609
2006,Carpet Area,Hyderabad,Semi-Furnished,11597118,1227,637
2015,Carpet Area,Navi Mumbai,Furnished,11596711,1244,620
2004,Plot Area,Vadodara,Unfurnished,11596685,1248,632
1990,Super Area,Jaipur,Semi-Furnished,11596273,1271,640
1994,Carpet Area,Jaipur,Unfurnished,11595854,1222,603
1999,Super Area,Ghaziabad,Semi-Furnished,11595716,1174,592
1991,Built Area,Meerut,Furnished,11595279,1227,612
2007,Built Area,Ludhiana,Unfurnished,11594961,1240,615
2008,Built Area,Thane,Unfurnished,11594530,1189,603
2001,Built Area,Pune,Unfurnished,11594294,1239,624
2008,Built Area,Amritsar,Semi-Furnished,11594287,1228,618
2012,Plot Area,Bangalore,Furnished,11593988,1220,623
2002,Super Area,Vijayawada,Semi-Furnished,11592006,1202,602
2008,Built Area,Aurangabad,Unfurnished,11591916,1241,628
1996,Plot Area,Delhi,Unfurnished,11591774,1209,614
1996,Plot Area,Meerut,Unfurnished,11591533,1188,604
1996,Plot Area,Nashik,Furnished,11589946,1211,593
2016,Carpet Area,Kanpur,Semi-Furnished,11589746,1208,604
1995,Super Area,Rajkot,Unfurnished,11589627,1257,620
2005,Built Area,Chandigarh,Furnished,11589347,1267,627
1990,Built Area,Nagpur,Unfurnished,11589201,1220,595
2015,Plot Area,Vadodara,Unfurnished,11588989,1216,597
2015,Plot Area,Amritsar,Furnished,11588754,1261,641
1997,Built Area,Ghaziabad,Unfurnished,11588734,1217,592
2001,Carpet Area,Delhi,Semi-Furnished,11588262,1181,590
2013,Built Area,Faridabad,Semi-Furnished,11586802,1238,619
2006,Carpet Area,Vijayawada,Unfurnished,11586667,1212,608
2006,Plot Area,Pune,Unfurnished,11586581,1261,632
1993,Built Area,Aurangabad,Semi-Furnished,11586529,1191,609
2015,Super Area,Ghaziabad,Furnished,11585428,1214,606
2016,Plot Area,Chandigarh,Unfurnished,11584346,1269,634
2017,Carpet Area,Chennai,Unfurnished,11583549,1244,616
1995,Super Area,Jodhpur,Unfurnished,11583468,1233,627
2006,Super Area,Agra,Semi-Furnished,11582309,1258,624
2013,Built Area,Nagpur,Semi-Furnished,11582132,1210,598
2001,Carpet Area,Kolkata,Unfurnished,11581793,1194,598
2011,Super Area,Vadodara,Unfurnished,11580654,1274,623
2017,Plot Area,Thane,Furnished,11578511,1267,634
2000,Super Area,Kanpur,Unfurnished,11578205,1155,607
2018,Carpet Area,Kanpur,Furnished,11577606,1238,626
2010,Built Area,Surat,Semi-Furnished,11577344,1302,648
2019,Carpet Area,Amritsar,Semi-Furnished,11577287,1176,602
2018,Built Area,Rajkot,Furnished,11577175,1219,592
2012,Super Area,Chandigarh,Semi-Furnished,11576586,1210,600
2012,Built Area,Faridabad,Semi-Furnished,11575661,1314,650
1995,Carpet Area,Agra,Unfurnished,11575643,1269,632
2017,Plot Area,Kolkata,Unfurnished,11575495,1226,599
2008,Plot Area,Patna,Furnished,11575352,1307,627
1993,Carpet Area,Ahmedabad,Unfurnished,11575197,1229,623
2012,Super Area,Amritsar,Semi-Furnished,11574809,1174,598
2000,Built Area,Bhopal,Semi-Furnished,11574475,1207,605
2006,Carpet Area,Thane,Semi-Furnished,11574451,1175,595
1999,Built Area,Chandigarh,Unfurnished,11574234,1218,597
1999,Carpet Area,Bhopal,Semi-Furnished,11574184,1251,641
1996,Built Area,Agra,Semi-Furnished,11574005,1259,630
2001,Plot Area,Navi Mumbai,Semi-Furnished,11573315,1213,595
2013,Carpet Area,Ranchi,Semi-Furnished,11572784,1188,598
2017,Plot Area,Chandigarh,Semi-Furnished,11572589,1266,622
2014,Built Area,Pune,Unfurnished,11572152,1227,614
2002,Carpet Area,Kalyan-Dombivli,Furnished,11571831,1220,614
2012,Plot Area,Vijayawada,Furnished,11571355,1226,612
2001,Built Area,Vadodara,Unfurnished,11571065,1260,618
2004,Plot Area,Lucknow,Semi-Furnished,11570934,1232,608
1996,Built Area,Faridabad,Furnished,11570458,1195,590
2011,Carpet Area,Ahmedabad,Furnished,11569704,1231,614
1990,Carpet Area,Noida,Furnished,11569632,1226,616
1998,Carpet Area,Meerut,Unfurnished,11568037,1245,623
1992,Plot Area,Kanpur,Semi-Furnished,11567749,1253,624
2005,Built Area,Hyderabad,Semi-Furnished,11567747,1216,605
2004,Plot Area,Kalyan-Dombivli,Furnished,11567496,1229,606
2020,Built Area,Coimbatore,Semi-Furnished,11566080,1174,593
2014,Carpet Area,Bangalore,Semi-Furnished,11565392,1276,635
2001,Super Area,Meerut,Unfurnished,11565104,1205,620
2017,Carpet Area,Kalyan-Dombivli,Unfurnished,11565091,1299,634
2013,Super Area,Chennai,Furnished,11564724,1163,572
2007,Carpet Area,Jodhpur,Semi-Furnished,11564528,1246,631
1991,Built Area,Noida,Unfurnished,11563859,1233,620
1990,Plot Area,Mumbai,Unfurnished,11562442,1235,618
2000,Plot Area,Kolkata,Unfurnished,11562376,1206,598
1998,Plot Area,Jaipur,Unfurnished,11561187,1238,616
1990,Plot Area,Chandigarh,Unfurnished,11560810,1189,588
1996,Plot Area,Aurangabad,Unfurnished,11559426,1259,608
2017,Built Area,Surat,Furnished,11558732,1205,599
2020,Plot Area,Thane,Semi-Furnished,11557871,1315,651
2018,Plot Area,Patna,Furnished,11557218,1220,626
1997,Plot Area,Kanpur,Semi-Furnished,11556761,1173,595
1991,Super Area,Nashik,Unfurnished,11556623,1245,616
2009,Plot Area,Coimbatore,Semi-Furnished,11556094,1236,629
1990,Plot Area,Vijayawada,Semi-Furnished,11556061,1237,626
2001,Built Area,Jaipur,Furnished,11554399,1212,604
2002,Plot Area,Chennai,Unfurnished,11553531,1214,610
2000,Super Area,Amritsar,Furnished,11553388,1317,655
2008,Carpet Area,Jodhpur,Furnished,11553273,1226,610
2003,Built Area,Varanasi,Furnished,11553213,1222,604
1997,Plot Area,Agra,Furnished,11552720,1218,627
2012,Carpet Area,Coimbatore,Unfurnished,11552637,1211,606
2002,Built Area,Patna,Semi-Furnished,11551060,1238,610
2002,Built Area,Meerut,Semi-Furnished,11550985,1214,617
1990,Carpet Area,Mumbai,Unfurnished,11549920,1157,586
2017,Super Area,Hyderabad,Furnished,11549570,1347,649
2002,Built Area,Kalyan-Dombivli,Unfurnished,11549182,1210,602
2014,Plot Area,Surat,Semi-Furnished,11549039,1270,637
1992,Plot Area,Chennai,Furnished,11548585,1282,631
2017,Super Area,Mumbai,Unfurnished,11547948,1226,612
2021,Super Area,Ranchi,Unfurnished,11546791,1216,612
1990,Super Area,Kanpur,Furnished,11546756,1240,621
1996,Built Area,Thane,Semi-Furnished,11546128,1275,636
2000,Built Area,Lucknow,Furnished,11545554,1207,599
2013,Carpet Area,Jaipur,Semi-Furnished,11545514,1180,604
2008,Carpet Area,Kalyan-Dombivli,Semi-Furnished,11543925,1215,617
2016,Built Area,Jodhpur,Furnished,11543643,1222,591
2017,Plot Area,Surat,Semi-Furnished,11543244,1200,602
2010,Carpet Area,Bhopal,Unfurnished,11543024,1257,630
2017,Plot Area,Hyderabad,Furnished,11542629,1243,610
1990,Carpet Area,Vadodara,Furnished,11542164,1181,592
2012,Super Area,Varanasi,Unfurnished,11540437,1272,625
2001,Plot Area,Jodhpur,Semi-Furnished,11540319,1249,610
2015,Carpet Area,Ahmedabad,Furnished,11540046,1298,636
1992,Built Area,Nashik,Unfurnished,11539478,1266,639
2021,Plot Area,Visakhapatnam,Unfurnished,11538850,1146,564
2002,Plot Area,Kolkata,Unfurnished,11538848,1286,636
2017,Carpet Area,Ludhiana,Semi-Furnished,11538489,1166,595
2013,Built Area,Chennai,Semi-Furnished,11538338,1234,621
2008,Built Area,Surat,Unfurnished,11538092,1225,620
2014,Plot Area,Jaipur,Semi-Furnished,11538076,1253,616
2001,Built Area,Kanpur,Unfurnished,11537167,1202,605
2015,Built Area,Nashik,Semi-Furnished,11536913,1318,661
2004,Carpet Area,Patna,Furnished,11536071,1233,629
2013,Built Area,Thane,Unfurnished,11534192,1218,606
1991,Built Area,Ghaziabad,Unfurnished,11533889,1365,671
2010,Super Area,Gwalior,Semi-Furnished,11533673,1255,635
1993,Super Area,Mumbai,Semi-Furnished,11533435,1287,623
2013,Carpet Area,Coimbatore,Unfurnished,11533220,1268,615
1996,Plot Area,Ghaziabad,Semi-Furnished,11532660,1258,630
1994,Carpet Area,Kalyan-Dombivli,Unfurnished,11532421,1256,633
2019,Built Area,Delhi,Semi-Furnished,11532275,1235,617
2013,Super Area,Indore,Unfurnished,11532086,1167,593
2004,Super Area,Noida,Furnished,11531937,1211,602
2011,Plot Area,Rajkot,Semi-Furnished,11531794,1183,594
2000,Built Area,Patna,Furnished,11531726,1277,637
2013,Built Area,Mangalore,Semi-Furnished,11531286,1231,623
2021,Plot Area,Bangalore,Unfurnished,11530863,1175,587
1998,Super Area,Chennai,Semi-Furnished,11529003,1208,622
2013,Carpet Area,Mangalore,Furnished,11528728,1203,614
2012,Plot Area,Mumbai,Furnished,11528664,1226,600
2013,Super Area,Mangalore,Unfurnished,11528566,1288,635
2014,Super Area,Mangalore,Semi-Furnished,11528388,1310,637
1994,Plot Area,Varanasi,Furnished,11528371,1233,618
1992,Carpet Area,Delhi,Unfurnished,11527944,1231,633
2012,Plot Area,Ghaziabad,Unfurnished,11527251,1215,623
1991,Plot Area,Agra,Semi-Furnished,11527136,1242,610
2020,Plot Area,Rajkot,Furnished,11526944,1217,615
2016,Super Area,Bangalore,Furnished,11526586,1213,615
2015,Built Area,Bhopal,Unfurnished,11525018,1132,577
1993,Plot Area,Nagpur,Furnished,11524648,1186,597
1990,Super Area,Mangalore,Semi-Furnished,11522922,1234,619
1995,Carpet Area,Bhopal,Semi-Furnished,11522844,1231,611
1995,Plot Area,Bangalore,Unfurnished,11522159,1218,627
2019,Built Area,Hyderabad,Unfurnished,11521545,1241,623
2008,Carpet Area,Indore,Unfurnished,11520908,1219,618
2008,Built Area,Mumbai,Furnished,11520672,1218,608
2012,Carpet Area,Ludhiana,Unfurnished,11519670,1253,628
2008,Carpet Area,Meerut,Unfurnished,11518424,1271,640
2010,Super Area,Visakhapatnam,Unfurnished,11517715,1317,641
1997,Carpet Area,Gwalior,Semi-Furnished,11517373,1226,624
2001,Plot Area,Vadodara,Unfurnished,11517164,1188,591
2014,Plot Area,Aurangabad,Semi-Furnished,11516166,1159,573
1994,Plot Area,Vijayawada,Semi-Furnished,11515898,1211,608
2004,Plot Area,Gwalior,Unfurnished,11514480,1188,591
2007,Carpet Area,Mangalore,Semi-Furnished,11514036,1244,619
2007,Carpet Area,Jaipur,Semi-Furnished,11513490,1235,620
2013,Plot Area,Varanasi,Semi-Furnished,11512557,1152,587
2016,Carpet Area,Rajkot,Furnished,11512169,1204,594
2017,Plot Area,Bangalore,Unfurnished,11510742,1200,617
2001,Super Area,Chandigarh,Semi-Furnished,11510432,1181,599
1990,Carpet Area,Faridabad,Unfurnished,11509842,1247,632
1992,Carpet Area,Vijayawada,Furnished,11508233,1173,598
2008,Super Area,Agra,Semi-Furnished,11508002,1285,638
2017,Plot Area,Vijayawada,Semi-Furnished,11507047,1214,612
2013,Super Area,Thane,Unfurnished,11506280,1237,642
1993,Plot Area,Navi Mumbai,Semi-Furnished,11505137,1289,635
1994,Super Area,Jaipur,Semi-Furnished,11504477,1319,647
2006,Super Area,Kolkata,Unfurnished,11504124,1280,629
2007,Plot Area,Kalyan-Dombivli,Semi-Furnished,11503026,1175,584
2020,Carpet Area,Jodhpur,Furnished,11502245,1222,615
2017,Carpet Area,Ludhiana,Furnished,11501828,1185,596
1996,Carpet Area,Ranchi,Semi-Furnished,11500594,1185,596
2005,Carpet Area,Chandigarh,Unfurnished,11500542,1233,610
2000,Carpet Area,Coimbatore,Unfurnished,11499956,1201,615
2007,Plot Area,Surat,Unfurnished,11499765,1229,610
2007,Super Area,Mangalore,Unfurnished,11499426,1223,617
2001,Super Area,Jodhpur,Semi-Furnished,11499248,1234,636
1993,Super Area,Hyderabad,Unfurnished,11498455,1266,620
2008,Built Area,Vadodara,Unfurnished,11497520,1168,586
2007,Built Area,Nashik,Semi-Furnished,11496776,1261,623
2005,Plot Area,Mangalore,Unfurnished,11496192,1256,629
2005,Super Area,Kolkata,Semi-Furnished,11495992,1176,593
2008,Built Area,Pune,Semi-Furnished,11494943,1203,617
2020,Super Area,Pune,Furnished,11493758,1237,624
1995,Carpet Area,Varanasi,Semi-Furnished,11493240,1246,614
1990,Carpet Area,Ranchi,Semi-Furnished,11493074,1262,638
2015,Plot Area,Gwalior,Semi-Furnished,11491849,1234,611
2017,Super Area,Jaipur,Unfurnished,11491087,1240,608
2015,Carpet Area,Thane,Furnished,11489474,1224,619
1998,Plot Area,Patna,Semi-Furnished,11488494,1241,618
1994,Built Area,Ranchi,Furnished,11487460,1267,620
2013,Super Area,Jaipur,Semi-Furnished,11486990,1214,628
2019,Built Area,Jaipur,Semi-Furnished,11486869,1224,610
2019,Carpet Area,Kolkata,Semi-Furnished,11486647,1173,575
2001,Built Area,Jodhpur,Unfurnished,11486609,1196,594
2002,Carpet Area,Vadodara,Furnished,11484033,1236,617
2009,Super Area,Patna,Furnished,11483011,1223,596
2000,Plot Area,Agra,Unfurnished,11482547,1269,632
1993,Built Area,Mumbai,Unfurnished,11481941,1253,628
2004,Plot Area,Ranchi,Furnished,11481123,1200,603
2001,Plot Area,Pune,Unfurnished,11480620,1243,627
2015,Plot Area,Mumbai,Unfurnished,11480603,1248,632
2020,Carpet Area,Gwalior,Unfurnished,11479070,1233,629
2010,Carpet Area,Jodhpur,Furnished,11478815,1201,607
1991,Built Area,Vijayawada,Unfurnished,11478789,1208,591
1998,Super Area,Mumbai,Furnished,11478305,1327,649
2019,Carpet Area,Nagpur,Unfurnished,11477797,1255,627
2013,Carpet Area,Ahmedabad,Furnished,11477099,1258,626
2001,Built Area,Meerut,Furnished,11476939,1230,619
2002,Built Area,Agra,Furnished,11476748,1267,625
2008,Built Area,Surat,Furnished,11476334,1214,629
2019,Built Area,Meerut,Unfurnished,11475937,1224,608
2020,Plot Area,Delhi,Unfurnished,11475839,1232,623
1991,Super Area,Delhi,Unfurnished,11475497,1273,634
2013,Built Area,Ghaziabad,Unfurnished,11475089,1208,600
2014,Carpet Area,Patna,Unfurnished,11474954,1199,601
2011,Plot Area,Chennai,Semi-Furnished,11473877,1256,620
2005,Built Area,Surat,Unfurnished,11473807,1223,620
1990,Super Area,Meerut,Furnished,11473377,1198,594
2003,Super Area,Surat,Unfurnished,11472807,1240,616
1998,Plot Area,Kalyan-Dombivli,Semi-Furnished,11472800,1167,568
2017,Plot Area,Nagpur,Unfurnished,11472441,1286,633
2020,Built Area,Mysore,Furnished,11471754,1175,589
1998,Plot Area,Bhopal,Unfurnished,11471147,1235,627
2018,Built Area,Agra,Furnished,11470510,1191,588
1995,Super Area,Vijayawada,Unfurnished,11470391,1264,624
2018,Plot Area,Kalyan-Dombivli,Furnished,11469777,1221,604
2007,Plot Area,Vijayawada,Unfurnished,11469596,1281,623
2020,Built Area,Navi Mumbai,Semi-Furnished,11469587,1222,609
2012,Carpet Area,Ahmedabad,Furnished,11469246,1231,612
1990,Super Area,Mangalore,Unfurnished,11464617,1251,635
1992,Plot Area,Vadodara,Semi-Furnished,11464443,1209,602
1998,Carpet Area,Jodhpur,Furnished,11464148,1195,598
1993,Carpet Area,Indore,Unfurnished,11463868,1297,623
2015,Plot Area,Noida,Unfurnished,11463710,1212,599
2000,Carpet Area,Rajkot,Furnished,11463217,1223,587
2005,Carpet Area,Kolkata,Unfurnished,11461768,1219,604
2012,Built Area,Nagpur,Unfurnished,11461568,1260,627
2019,Plot Area,Rajkot,Furnished,11461429,1269,622
1996,Super Area,Kalyan-Dombivli,Furnished,11461301,1195,586
2011,Super Area,Kanpur,Unfurnished,11461017,1281,634
2014,Plot Area,Jodhpur,Unfurnished,11460792,1158,566
1997,Built Area,Vijayawada,Unfurnished,11460558,1182,600
2002,Plot Area,Ranchi,Furnished,11460429,1248,623
2016,Carpet Area,Vadodara,Semi-Furnished,11460069,1191,598
1991,Built Area,Vadodara,Furnished,11459991,1227,613
2010,Built Area,Kolkata,Unfurnished,11459512,1218,612
2019,Carpet Area,Bhopal,Semi-Furnished,11459436,1283,624
1998,Built Area,Agra,Unfurnished,11459231,1198,608
2018,Plot Area,Nagpur,Furnished,11459119,1191,612
1992,Carpet Area,Jaipur,Semi-Furnished,11458203,1210,605
2004,Plot Area,Jaipur,Semi-Furnished,11458202,1241,620
2006,Super Area,Kalyan-Dombivli,Semi-Furnished,11456684,1158,589
1996,Plot Area,Ahmedabad,Semi-Furnished,11456663,1206,616
2003,Carpet Area,Vadodara,Unfurnished,11456629,1248,613
2017,Carpet Area,Gwalior,Semi-Furnished,11456548,1184,597
2005,Carpet Area,Vadodara,Furnished,11456039,1218,601
2003,Built Area,Jodhpur,Semi-Furnished,11456000,1179,589
2008,Super Area,Aurangabad,Unfurnished,11454948,1205,616
2006,Plot Area,Chennai,Semi-Furnished,11454834,1240,621
2002,Built Area,Pune,Furnished,11453541,1166,585
2003,Built Area,Vijayawada,Unfurnished,11452745,1181,587
2014,Super Area,Jodhpur,Furnished,11452550,1233,636
1997,Super Area,Kolkata,Semi-Furnished,11451317,1229,619
2007,Super Area,Vadodara,Unfurnished,11449713,1174,596
1991,Carpet Area,Navi Mumbai,Semi-Furnished,11449439,1175,599
2015,Super Area,Chennai,Furnished,11449006,1260,629
1992,Carpet Area,Ghaziabad,Furnished,11448966,1218,615
2017,Carpet Area,Faridabad,Unfurnished,11448243,1178,597
2001,Carpet Area,Ghaziabad,Furnished,11447842,1196,602
1995,Plot Area,Coimbatore,Semi-Furnished,11447125,1256,633
2020,Built Area,Mangalore,Unfurnished,11446627,1246,628
2015,Carpet Area,Mangalore,Unfurnished,11446460,1269,621
2010,Built Area,Nagpur,Unfurnished,11445313,1213,610
2003,Plot Area,Varanasi,Semi-Furnished,11444643,1188,593
1996,Built Area,Noida,Furnished,11443871,1273,621
2011,Built Area,Visakhapatnam,Semi-Furnished,11443025,1240,637
2016,Plot Area,Agra,Furnished,11442396,1226,604
2010,Built Area,Pune,Semi-Furnished,11440349,1259,624
1997,Plot Area,Lucknow,Unfurnished,11440266,1216,615
2014,Super Area,Visakhapatnam,Semi-Furnished,11440235,1172,593
2014,Built Area,Ludhiana,Unfurnished,11439010,1186,599
1991,Carpet Area,Meerut,Semi-Furnished,11438971,1181,580
2006,Super Area,Lucknow,Semi-Furnished,11438491,1242,631
1994,Carpet Area,Jaipur,Furnished,11437891,1179,585
2010,Super Area,Kolkata,Furnished,11436653,1230,617
2001,Built Area,Patna,Semi-Furnished,11436551,1206,619
2010,Plot Area,Coimbatore,Unfurnished,11435692,1218,598
2007,Built Area,Indore,Furnished,11435406,1249,630
2019,Super Area,Vadodara,Unfurnished,11433513,1159,596
2007,Carpet Area,Rajkot,Semi-Furnished,11432946,1233,612
2011,Carpet Area,Chandigarh,Unfurnished,11432210,1281,628
2006,Carpet Area,Agra,Semi-Furnished,11431623,1256,622
2003,Carpet Area,Ghaziabad,Unfurnished,11431604,1271,626
2013,Carpet Area,Vadodara,Furnished,11431189,1200,601
2005,Carpet Area,Faridabad,Unfurnished,11430195,1207,608
2012,Built Area,Navi Mumbai,Furnished,11430045,1204,612
2009,Super Area,Faridabad,Unfurnished,11429059,1178,621
2002,Super Area,Mumbai,Unfurnished,11428210,1277,634
2006,Carpet Area,Mysore,Unfurnished,11427954,1207,601
2000,Built Area,Visakhapatnam,Unfurnished,11427045,1221,617
1994,Plot Area,Kolkata,Semi-Furnished,11425709,1189,598
2016,Plot Area,Faridabad,Furnished,11424828,1274,631
1995,Built Area,Ludhiana,Unfurnished,11423806,1237,598
2010,Plot Area,Vijayawada,Semi-Furnished,11422432,1126,569
2010,Plot Area,Bhopal,Unfurnished,11421515,1232,616
1997,Carpet Area,Kalyan-Dombivli,Unfurnished,11419487,1180,596
2021,Carpet Area,Jodhpur,Furnished,11418277,1226,623
2012,Built Area,Mysore,Unfurnished,11417790,1218,605
1997,Carpet Area,Vadodara,Unfurnished,11416353,1233,616
2001,Super Area,Kalyan-Dombivli,Unfurnished,11415397,1297,629
2011,Built Area,Thane,Unfurnished,11414683,1198,597
2009,Carpet Area,Thane,Unfurnished,11412885,1188,603
2016,Carpet Area,Indore,Unfurnished,11411003,1226,617
2020,Plot Area,Jaipur,Unfurnished,11410257,1233,631
2015,Plot Area,Ludhiana,Semi-Furnished,11407463,1188,605
2009,Plot Area,Navi Mumbai,Furnished,11407115,1194,608
2009,Carpet Area,Pune,Unfurnished,11403101,1239,609
2013,Super Area,Bangalore,Furnished,11402403,1290,629
2002,Carpet Area,Noida,Furnished,11402277,1205,616
1996,Plot Area,Coimbatore,Semi-Furnished,11401697,1296,648
2011,Plot Area,Jaipur,Furnished,11400849,1204,602
2021,Built Area,Vadodara,Furnished,11400721,1308,636
2016,Plot Area,Hyderabad,Unfurnished,11400086,1220,614
2007,Plot Area,Ghaziabad,Furnished,11398762,1224,612
2002,Super Area,Rajkot,Furnished,11398545,1265,636
2008,Built Area,Kanpur,Unfurnished,11398280,1181,591
2008,Carpet Area,Mysore,Unfurnished,11398260,1198,595
2001,Carpet Area,Agra,Furnished,11398116,1266,633
2008,Carpet Area,Rajkot,Furnished,11397377,1260,609
2020,Carpet Area,Kanpur,Semi-Furnished,11395005,1198,612
1990,Built Area,Hyderabad,Furnished,11393902,1273,645
1998,Plot Area,Pune,Furnished,11393396,1280,644
1996,Built Area,Nagpur,Unfurnished,11389871,1219,606
2006,Super Area,Rajkot,Unfurnished,11388658,1227,609
2010,Built Area,Bhopal,Furnished,11384810,1246,642
2008,Built Area,Noida,Furnished,11384669,1297,629
1995,Carpet Area,Gwalior,Semi-Furnished,11381831,1203,594
1991,Built Area,Kolkata,Furnished,11381088,1261,626
2010,Plot Area,Vijayawada,Furnished,11380459,1237,597
2014,Super Area,Bangalore,Unfurnished,11379702,1241,614
2020,Carpet Area,Ranchi,Semi-Furnished,11378047,1198,600
2005,Plot Area,Jodhpur,Semi-Furnished,11377434,1282,636
2013,Carpet Area,Navi Mumbai,Unfurnished,11377364,1203,612
2014,Super Area,Chennai,Unfurnished,11376643,1258,622
2020,Super Area,Ludhiana,Furnished,11376543,1170,589
1998,Built Area,Kalyan-Dombivli,Furnished,11375523,1228,610
2013,Built Area,Nashik,Semi-Furnished,11374695,1234,627
1991,Plot Area,Mangalore,Semi-Furnished,11374226,1323,644
1992,Built Area,Indore,Unfurnished,11373380,1167,588
2010,Carpet Area,Mumbai,Furnished,11372978,1244,627
2014,Super Area,Ludhiana,Furnished,11371471,1195,589
2000,Super Area,Visakhapatnam,Semi-Furnished,11370402,1185,595
2009,Super Area,Bhopal,Unfurnished,11369683,1248,622
2004,Plot Area,Ghaziabad,Semi-Furnished,11364189,1274,619
1992,Built Area,Agra,Semi-Furnished,11361909,1198,601
1990,Carpet Area,Ranchi,Unfurnished,11360779,1226,610
1994,Plot Area,Agra,Semi-Furnished,11359411,1198,593
1991,Super Area,Amritsar,Furnished,11359102,1200,598
2019,Built Area,Patna,Furnished,11357517,1255,632
1995,Super Area,Kanpur,Unfurnished,11356404,1201,615
2016,Super Area,Indore,Furnished,11355842,1231,610
1999,Plot Area,Jaipur,Semi-Furnished,11355772,1158,586
1990,Super Area,Bangalore,Unfurnished,11354197,1233,620
2008,Plot Area,Jodhpur,Furnished,11354063,1204,586
1998,Carpet Area,Agra,Semi-Furnished,11353235,1178,597
1993,Built Area,Nashik,Unfurnished,11351966,1184,591
2017,Built Area,Ludhiana,Unfurnished,11351090,1208,614
2014,Super Area,Coimbatore,Semi-Furnished,11350929,1181,597
2012,Super Area,Ludhiana,Unfurnished,11350185,1184,597
2011,Carpet Area,Bhopal,Unfurnished,11349632,1198,603
2009,Plot Area,Visakhapatnam,Semi-Furnished,11348625,1223,601
1993,Carpet Area,Nagpur,Unfurnished,11348489,1227,622
2013,Built Area,Bhopal,Semi-Furnished,11347730,1212,613
1992,Carpet Area,Meerut,Semi-Furnished,11346741,1182,599
2014,Super Area,Vijayawada,Unfurnished,11346338,1243,616
2012,Carpet Area,Ahmedabad,Unfurnished,11345842,1263,633
1992,Built Area,Noida,Semi-Furnished,11341522,1197,596
1991,Carpet Area,Nagpur,Unfurnished,11339450,1161,575
1998,Plot Area,Nashik,Semi-Furnished,11338399,1179,587
2010,Carpet Area,Mangalore,Unfurnished,11337056,1226,609
1995,Carpet Area,Mumbai,Furnished,11336377,1185,599
2020,Super Area,Mysore,Unfurnished,11336272,1206,619
1990,Carpet Area,Kolkata,Semi-Furnished,11333297,1255,634
2013,Carpet Area,Mumbai,Unfurnished,11331630,1229,607
1997,Super Area,Bangalore,Unfurnished,11331600,1201,601
2020,Super Area,Lucknow,Furnished,11330926,1237,604
1991,Built Area,Ranchi,Furnished,11330591,1258,632
2019,Built Area,Rajkot,Furnished,11329125,1246,617
2008,Built Area,Patna,Furnished,11326850,1240,611
1995,Super Area,Chandigarh,Furnished,11325589,1181,578
2003,Carpet Area,Visakhapatnam,Unfurnished,11324926,1248,620
1999,Carpet Area,Amritsar,Unfurnished,11324810,1196,601
1999,Plot Area,Thane,Furnished,11322640,1138,570
2020,Plot Area,Delhi,Furnished,11322407,1219,615
1996,Built Area,Chennai,Semi-Furnished,11319572,1200,596
2003,Plot Area,Lucknow,Furnished,11318907,1178,581
2019,Built Area,Bhopal,Unfurnished,11318630,1197,599
2005,Carpet Area,Visakhapatnam,Semi-Furnished,11317001,1257,611
2008,Super Area,Nagpur,Furnished,11315135,1173,598
1995,Carpet Area,Visakhapatnam,Furnished,11314348,1208,613
2019,Plot Area,Lucknow,Semi-Furnished,11311607,1193,607
1996,Built Area,Varanasi,Unfurnished,11310269,1214,592
2017,Built Area,Bangalore,Furnished,11309849,1207,621
2021,Carpet Area,Mysore,Semi-Furnished,11308506,1219,614
1998,Built Area,Aurangabad,Semi-Furnished,11307387,1286,632
2004,Carpet Area,Ranchi,Semi-Furnished,11305506,1235,617
2007,Super Area,Ranchi,Unfurnished,11305478,1169,605
2001,Built Area,Nashik,Furnished,11304928,1221,605
2000,Plot Area,Mysore,Unfurnished,11304267,1210,600
2019,Built Area,Kolkata,Semi-Furnished,11300981,1201,597
2008,Carpet Area,Chandigarh,Furnished,11298478,1236,615
1997,Carpet Area,Coimbatore,Furnished,11295926,1204,593
2000,Built Area,Thane,Unfurnished,11295255,1225,609
2011,Built Area,Vijayawada,Semi-Furnished,11294631,1188,614
1999,Carpet Area,Vadodara,Furnished,11293000,1206,613
1995,Super Area,Aurangabad,Furnished,11292273,1266,618
2020,Built Area,Mysore,Unfurnished,11292190,1225,616
2018,Carpet Area,Pune,Unfurnished,11287248,1266,623
2005,Super Area,Kalyan-Dombivli,Unfurnished,11286059,1237,604
2001,Plot Area,Faridabad,Unfurnished,11285844,1258,608
1993,Super Area,Indore,Furnished,11285381,1187,593
2005,Super Area,Surat,Semi-Furnished,11282341,1195,615
2004,Carpet Area,Kalyan-Dombivli,Semi-Furnished,11281792,1270,623
1999,Plot Area,Kalyan-Dombivli,Furnished,11281329,1189,603
1998,Super Area,Mumbai,Semi-Furnished,11279821,1167,583
2004,Built Area,Aurangabad,Semi-Furnished,11278625,1177,581
2020,Super Area,Thane,Semi-Furnished,11277671,1212,616
1996,Carpet Area,Kalyan-Dombivli,Semi-Furnished,11277553,1251,620
2020,Plot Area,Mangalore,Semi-Furnished,11277415,1205,597
2004,Built Area,Rajkot,Unfurnished,11277086,1222,629
1990,Plot Area,Ranchi,Semi-Furnished,11273316,1182,601
1999,Carpet Area,Hyderabad,Unfurnished,11272890,1220,606
2001,Carpet Area,Vadodara,Unfurnished,11272797,1227,602
2001,Super Area,Mysore,Semi-Furnished,11270483,1314,632
2012,Carpet Area,Chandigarh,Unfurnished,11269571,1175,584
2017,Carpet Area,Jaipur,Unfurnished,11269435,1209,619
1998,Super Area,Nashik,Semi-Furnished,11269258,1169,593
1994,Carpet Area,Kolkata,Semi-Furnished,11267814,1184,590
2010,Built Area,Nagpur,Furnished,11263430,1146,569
2009,Carpet Area,Mangalore,Unfurnished,11262580,1239,605
2003,Carpet Area,Visakhapatnam,Semi-Furnished,11261519,1181,593
2019,Carpet Area,Ranchi,Unfurnished,11260483,1206,597
2015,Super Area,Delhi,Semi-Furnished,11260446,1241,626
2010,Plot Area,Mangalore,Unfurnished,11260269,1157,572
1994,Built Area,Jodhpur,Furnished,11257258,1194,596
1998,Plot Area,Visakhapatnam,Furnished,11255749,1232,607
2021,Built Area,Varanasi,Semi-Furnished,11253608,1273,633
1998,Built Area,Thane,Unfurnished,11253315,1205,613
2018,Built Area,Ludhiana,Unfurnished,11252272,1275,637
1992,Super Area,Ranchi,Furnished,11251640,1215,613
1994,Plot Area,Mumbai,Unfurnished,11249723,1150,590
1997,Built Area,Visakhapatnam,Semi-Furnished,11248662,1162,593
2021,Plot Area,Ranchi,Semi-Furnished,11247750,1222,624
2005,Plot Area,Vijayawada,Furnished,11247742,1199,596
2013,Built Area,Surat,Unfurnished,11246104,1261,618
1995,Plot Area,Jodhpur,Furnished,11245179,1302,625
1995,Built Area,Jodhpur,Furnished,11244694,1261,614
2003,Super Area,Hyderabad,Semi-Furnished,11243307,1120,567
2004,Plot Area,Bangalore,Semi-Furnished,11240310,1210,612
2010,Carpet Area,Visakhapatnam,Unfurnished,11237371,1214,619
2011,Super Area,Jodhpur,Furnished,11237295,1210,609
2004,Built Area,Nagpur,Semi-Furnished,11235378,1203,597
2017,Carpet Area,Agra,Furnished,11232415,1209,598
1997,Built Area,Amritsar,Semi-Furnished,11230288,1199,580
2000,Built Area,Gwalior,Unfurnished,11229149,1162,598
2017,Built Area,Agra,Semi-Furnished,11228147,1208,599
1991,Built Area,Amritsar,Unfurnished,11227371,1273,624
2005,Built Area,Delhi,Unfurnished,11224914,1182,597
2015,Built Area,Mumbai,Semi-Furnished,11224446,1244,620
1992,Super Area,Lucknow,Semi-Furnished,11223309,1221,608
2019,Built Area,Varanasi,Furnished,11220596,1203,606
2007,Plot Area,Kanpur,Furnished,11218753,1261,621
2016,Plot Area,Bangalore,Unfurnished,11218584,1198,613
1996,Plot Area,Ludhiana,Semi-Furnished,11217562,1236,621
2006,Super Area,Ludhiana,Semi-Furnished,11217370,1294,628
2003,Plot Area,Faridabad,Semi-Furnished,11215270,1246,623
1992,Plot Area,Amritsar,Unfurnished,11213269,1194,607
2019,Built Area,Lucknow,Semi-Furnished,11212106,1231,612
2014,Built Area,Faridabad,Unfurnished,11209936,1282,634
1990,Built Area,Meerut,Unfurnished,11208397,1189,604
2016,Carpet Area,Vijayawada,Unfurnished,11207973,1229,610
2010,Plot Area,Bangalore,Unfurnished,11205583,1256,630
1999,Super Area,Varanasi,Semi-Furnished,11204768,1209,588
2018,Carpet Area,Bhopal,Unfurnished,11203787,1216,588
2006,Built Area,Rajkot,Semi-Furnished,11203483,1241,611
2009,Built Area,Indore,Unfurnished,11202380,1180,591
1993,Super Area,Meerut,Furnished,11200785,1163,589
1995,Plot Area,Bhopal,Furnished,11199623,1175,598
2009,Super Area,Meerut,Unfurnished,11195872,1203,596
2004,Plot Area,Bangalore,Unfurnished,11195723,1227,603
1990,Carpet Area,Thane,Semi-Furnished,11195096,1192,604
1991,Built Area,Noida,Furnished,11189031,1201,612
2013,Built Area,Mangalore,Furnished,11188588,1230,604
2016,Built Area,Indore,Semi-Furnished,11186179,1189,605
1995,Built Area,Indore,Furnished,11184259,1217,599
1993,Plot Area,Ranchi,Furnished,11181378,1225,599
2004,Super Area,Kalyan-Dombivli,Semi-Furnished,11178228,1150,591
2016,Plot Area,Nashik,Unfurnished,11177935,1201,591
2000,Carpet Area,Vadodara,Furnished,11176465,1162,572
2007,Super Area,Bangalore,Semi-Furnished,11174233,1129,607
1994,Plot Area,Noida,Semi-Furnished,11172957,1171,587
1994,Built Area,Hyderabad,Semi-Furnished,11172325,1155,587
2009,Plot Area,Aurangabad,Unfurnished,11172126,1170,597
2021,Super Area,Agra,Unfurnished,11164958,1280,641
2004,Plot Area,Pune,Unfurnished,11164720,1192,587
2005,Built Area,Ranchi,Furnished,11164590,1266,620
1998,Built Area,Meerut,Unfurnished,11162594,1189,590
2004,Built Area,Ahmedabad,Semi-Furnished,11160359,1155,577
2015,Super Area,Pune,Unfurnished,11159672,1180,596
2015,Super Area,Nashik,Semi-Furnished,11157254,1229,613
2011,Plot Area,Coimbatore,Furnished,11154617,1193,600
2020,Plot Area,Kalyan-Dombivli,Furnished,11150228,1191,584
2012,Plot Area,Chandigarh,Semi-Furnished,11149371,1230,607
2014,Super Area,Bangalore,Furnished,11149329,1194,591
1990,Super Area,Kalyan-Dombivli,Unfurnished,11144880,1218,607
2013,Carpet Area,Lucknow,Unfurnished,11143043,1283,635
2020,Plot Area,Coimbatore,Semi-Furnished,11140100,1228,613
1992,Carpet Area,Mumbai,Semi-Furnished,11139704,1126,588
1995,Built Area,Agra,Unfurnished,11137490,1233,608
2004,Carpet Area,Kanpur,Semi-Furnished,11135778,1152,590
2002,Built Area,Ghaziabad,Unfurnished,11135692,1177,600
2000,Built Area,Faridabad,Semi-Furnished,11133689,1182,591
2006,Plot Area,Jodhpur,Semi-Furnished,11131191,1171,586
1994,Carpet Area,Kolkata,Furnished,11121575,1243,602
2005,Built Area,Visakhapatnam,Furnished,11116030,1204,602
2008,Plot Area,Rajkot,Unfurnished,11114096,1219,603
2011,Super Area,Varanasi,Semi-Furnished,11110831,1241,623
2012,Carpet Area,Ludhiana,Furnished,11109536,1209,602
1995,Built Area,Varanasi,Unfurnished,11108214,1210,610
2014,Super Area,Navi Mumbai,Furnished,11093846,1216,605
2019,Plot Area,Patna,Semi-Furnished,11093842,1260,629
2007,Super Area,Surat,Furnished,11093716,1174,585
1991,Plot Area,Ghaziabad,Semi-Furnished,11090760,1166,581
1995,Built Area,Varanasi,Semi-Furnished,11090678,1185,589
1992,Built Area,Bhopal,Unfurnished,11088900,1160,585
2020,Plot Area,Nashik,Furnished,11079844,1197,591
1992,Plot Area,Patna,Unfurnished,11063475,1210,596
1994,Super Area,Kolkata,Furnished,11063188,1234,609
2015,Super Area,Patna,Unfurnished,11056818,1247,619
2013,Built Area,Jaipur,Semi-Furnished,11055205,1132,562
2013,Plot Area,Patna,Semi-Furnished,11049602,1247,619
2008,Plot Area,Kalyan-Dombivli,Unfurnished,11043751,1169,590
2003,Built Area,Rajkot,Semi-Furnished,11038390,1186,599
1995,Carpet Area,Chennai,Semi-Furnished,11038156,1181,584
2009,Carpet Area,Surat,Unfurnished,11028423,1189,596
1990,Built Area,Aurangabad,Furnished,11023520,1170,596
1993,Super Area,Amritsar,Semi-Furnished,11023172,1155,597
2020,Built Area,Bangalore,Semi-Furnished,11012127,1197,599
2017,Carpet Area,Thane,Furnished,11006967,1230,605
2008,Super Area,Ranchi,Furnished,11004858,1146,594
2000,Built Area,Vijayawada,Furnished,10996333,1190,598
1998,Built Area,Faridabad,Furnished,10996290,1203,601
1997,Plot Area,Pune,Unfurnished,10995252,1236,601
2016,Plot Area,Bhopal,Furnished,10992626,1190,582
2021,Carpet Area,Visakhapatnam,Unfurnished,10991906,1203,608
2017,Plot Area,Vadodara,Furnished,10989983,1200,600
2002,Super Area,Gwalior,Semi-Furnished,10987905,1219,597
2021,Super Area,Chennai,Semi-Furnished,10985981,1221,589
1996,Built Area,Lucknow,Semi-Furnished,10984838,1193,587
2021,Built Area,Mangalore,Unfurnished,10981609,1164,593
2017,Built Area,Ludhiana,Furnished,10981247,1198,594
2021,Carpet Area,Surat,Furnished,10972047,1244,622
1996,Plot Area,Meerut,Semi-Furnished,10961374,1154,597
2021,Carpet Area,Jodhpur,Unfurnished,10955451,1166,586
1991,Carpet Area,Indore,Semi-Furnished,10950211,1255,614
2013,Super Area,Mumbai,Unfurnished,10950004,1202,589
2004,Super Area,Meerut,Semi-Furnished,10949555,1177,569
2013,Super Area,Mysore,Furnished,10941913,1183,591
2007,Plot Area,Indore,Furnished,10937008,1194,597
1994,Built Area,Kolkata,Unfurnished,10929199,1181,593
2009,Super Area,Aurangabad,Furnished,10926140,1205,607
2019,Carpet Area,Nagpur,Furnished,10921765,1120,571
2021,Carpet Area,Hyderabad,Semi-Furnished,10908460,1171,574
2012,Carpet Area,Rajkot,Furnished,10906630,1168,582
2018,Built Area,Ahmedabad,Unfurnished,10904530,1207,595
2001,Super Area,Navi Mumbai,Furnished,10895501,1199,596
1993,Plot Area,Lucknow,Semi-Furnished,10887113,1217,601
2004,Carpet Area,Faridabad,Furnished,10883294,1205,617
2014,Built Area,Ahmedabad,Unfurnished,10879615,1156,583
2002,Built Area,Lucknow,Semi-Furnished,10872901,1146,597
2000,Super Area,Indore,Semi-Furnished,10872549,1167,592
1998,Super Area,Navi Mumbai,Furnished,10870325,1161,593
2002,Super Area,Bangalore,Unfurnished,10856966,1199,589
1993,Plot Area,Ghaziabad,Unfurnished,10851573,1149,590
2018,Super Area,Aurangabad,Furnished,10845493,1180,590
2016,Built Area,Pune,Unfurnished,10845176,1170,589
2008,Plot Area,Chennai,Semi-Furnished,10833176,1191,602
1994,Plot Area,Varanasi,Unfurnished,10830150,1171,597
2000,Carpet Area,Surat,Furnished,10820900,1150,577
2008,Super Area,Vijayawada,Unfurnished,10816593,1162,575
2001,Carpet Area,Nashik,Semi-Furnished,10802847,1282,625
1993,Built Area,Thane,Unfurnished,10782186,1200,604
2009,Super Area,Patna,Unfurnished,10741918,1125,576
2007,Super Area,Mangalore,Semi-Furnished,10734876,1160,589
2006,Built Area,Jaipur,Unfurnished,10727879,1224,603
2021,Built Area,Ludhiana,Furnished,10715749,1146,561
2010,Built Area,Bangalore,Unfurnished,10693005,1212,585
2014,Carpet Area,Visakhapatnam,Furnished,10661860,1184,586
2013,Carpet Area,Delhi,Semi-Furnished,10655580,1196,586
1999,Super Area,Hyderabad,Unfurnished,10651532,1215,608
2010,Carpet Area,Vijayawada,Semi-Furnished,10639681,1196,595
2002,Built Area,Thane,Unfurnished,10590770,1207,600
2009,Super Area,Ranchi,Furnished,10582451,1165,607
2010,Built Area,Kolkata,Semi-Furnished,10559842,1192,584
1995,Plot Area,Faridabad,Unfurnished,10550886,1194,589
2009,Plot Area,Ludhiana,Furnished,10510335,1151,575
2003,Built Area,Rajkot,Furnished,10477747,1158,581
2018,Carpet Area,Ranchi,Unfurnished,10226856,1156,565
